2026-04-02 09:07:12,518 [Worker-8: Loading available Gradle versions] INFO  o.e.b.c.i.u.g.PublishedGradleVersions - Gradle version information cache is up-to-date. Trying to read.
2026-04-02 10:16:23,033 [Worker-6: Loading available Gradle versions] INFO  o.e.b.c.i.u.g.PublishedGradleVersions - Gradle version information cache is up-to-date. Trying to read.
2026-04-02 10:22:14,295 [Worker-3: Updating Maven Dependencies] INFO  o.e.m.c.i.e.AbstractTransferListenerAdapter - Downloading https://repo.maven.apache.org/maven2/org/apache/maven/plugins/maven-clean-plugin/2.5/maven-clean-plugin-2.5.jar
2026-04-02 10:22:14,360 [Worker-3: Updating Maven Dependencies] INFO  o.e.m.c.i.e.AbstractTransferListenerAdapter - Downloaded https://repo.maven.apache.org/maven2/org/apache/maven/plugins/maven-clean-plugin/2.5/maven-clean-plugin-2.5.jar
2026-04-02 10:22:14,929 [Worker-3: Updating Maven Dependencies] INFO  o.e.m.c.i.e.AbstractTransferListenerAdapter - Downloading https://repo.maven.apache.org/maven2/org/apache/maven/plugins/maven-resources-plugin/2.6/maven-resources-plugin-2.6.jar
2026-04-02 10:22:14,975 [Worker-3: Updating Maven Dependencies] INFO  o.e.m.c.i.e.AbstractTransferListenerAdapter - Downloaded https://repo.maven.apache.org/maven2/org/apache/maven/plugins/maven-resources-plugin/2.6/maven-resources-plugin-2.6.jar
2026-04-02 10:22:15,133 [Worker-3: Updating Maven Dependencies] INFO  o.e.m.c.i.e.AbstractTransferListenerAdapter - Downloading https://repo.maven.apache.org/maven2/org/apache/maven/plugins/maven-compiler-plugin/2.5.1/maven-compiler-plugin-2.5.1.jar
2026-04-02 10:22:15,152 [Worker-3: Updating Maven Dependencies] INFO  o.e.m.c.i.e.AbstractTransferListenerAdapter - Downloaded https://repo.maven.apache.org/maven2/org/apache/maven/plugins/maven-compiler-plugin/2.5.1/maven-compiler-plugin-2.5.1.jar
2026-04-02 10:22:15,259 [Worker-3: Updating Maven Dependencies] INFO  o.e.m.c.i.e.AbstractTransferListenerAdapter - Downloading https://repo.maven.apache.org/maven2/org/apache/maven/plugins/maven-surefire-plugin/2.12.4/maven-surefire-plugin-2.12.4.jar
2026-04-02 10:22:15,291 [Worker-3: Updating Maven Dependencies] INFO  o.e.m.c.i.e.AbstractTransferListenerAdapter - Downloaded https://repo.maven.apache.org/maven2/org/apache/maven/plugins/maven-surefire-plugin/2.12.4/maven-surefire-plugin-2.12.4.jar
2026-04-02 10:22:15,403 [Worker-3: Updating Maven Dependencies] INFO  o.e.m.c.i.e.AbstractTransferListenerAdapter - Downloading https://repo.maven.apache.org/maven2/org/apache/maven/plugins/maven-war-plugin/2.2/maven-war-plugin-2.2.jar
2026-04-02 10:22:15,418 [Worker-3: Updating Maven Dependencies] INFO  o.e.m.c.i.e.AbstractTransferListenerAdapter - Downloaded https://repo.maven.apache.org/maven2/org/apache/maven/plugins/maven-war-plugin/2.2/maven-war-plugin-2.2.jar
2026-04-02 10:22:15,562 [Worker-3: Updating Maven Dependencies] INFO  o.e.m.c.i.e.AbstractTransferListenerAdapter - Downloading https://repo.maven.apache.org/maven2/org/apache/maven/plugins/maven-install-plugin/2.4/maven-install-plugin-2.4.jar
2026-04-02 10:22:15,584 [Worker-3: Updating Maven Dependencies] INFO  o.e.m.c.i.e.AbstractTransferListenerAdapter - Downloaded https://repo.maven.apache.org/maven2/org/apache/maven/plugins/maven-install-plugin/2.4/maven-install-plugin-2.4.jar
2026-04-02 10:22:15,747 [Worker-3: Updating Maven Dependencies] INFO  o.e.m.c.i.e.AbstractTransferListenerAdapter - Downloading https://repo.maven.apache.org/maven2/org/apache/maven/plugins/maven-deploy-plugin/2.7/maven-deploy-plugin-2.7.jar
2026-04-02 10:22:15,773 [Worker-3: Updating Maven Dependencies] INFO  o.e.m.c.i.e.AbstractTransferListenerAdapter - Downloaded https://repo.maven.apache.org/maven2/org/apache/maven/plugins/maven-deploy-plugin/2.7/maven-deploy-plugin-2.7.jar
2026-04-02 10:22:16,034 [Worker-3: Updating Maven Dependencies] INFO  o.e.m.c.i.e.AbstractTransferListenerAdapter - Downloading https://repo.maven.apache.org/maven2/org/apache/maven/plugins/maven-site-plugin/3.3/maven-site-plugin-3.3.jar
2026-04-02 10:22:16,068 [Worker-3: Updating Maven Dependencies] INFO  o.e.m.c.i.e.AbstractTransferListenerAdapter - Downloaded https://repo.maven.apache.org/maven2/org/apache/maven/plugins/maven-site-plugin/3.3/maven-site-plugin-3.3.jar
2026-04-02 10:22:16,217 [Worker-3: Updating Maven Dependencies] INFO  o.e.m.c.i.e.AbstractTransferListenerAdapter - Downloaded https://repo.maven.apache.org/maven2/org/apache/maven/plugins/maven-compiler-plugin/2.5.1/maven-compiler-plugin-2.5.1.pom
2026-04-02 10:22:16,267 [Worker-3: Updating Maven Dependencies] INFO  o.e.m.c.i.e.AbstractTransferListenerAdapter - Downloaded https://repo.maven.apache.org/maven2/org/apache/maven/plugins/maven-plugins/22/maven-plugins-22.pom
2026-04-02 10:22:16,301 [Worker-3: Updating Maven Dependencies] INFO  o.e.m.c.i.e.AbstractTransferListenerAdapter - Downloaded https://repo.maven.apache.org/maven2/org/apache/maven/maven-parent/21/maven-parent-21.pom
2026-04-02 10:22:16,353 [Worker-3: Updating Maven Dependencies] INFO  o.e.m.c.i.e.AbstractTransferListenerAdapter - Downloaded https://repo.maven.apache.org/maven2/org/apache/apache/10/apache-10.pom
2026-04-02 10:22:16,451 [Worker-3: Updating Maven Dependencies] INFO  o.e.m.c.i.e.AbstractTransferListenerAdapter - Downloaded https://repo.maven.apache.org/maven2/org/apache/maven/maven-plugin-api/2.0.9/maven-plugin-api-2.0.9.pom
2026-04-02 10:22:16,486 [Worker-3: Updating Maven Dependencies] INFO  o.e.m.c.i.e.AbstractTransferListenerAdapter - Downloaded https://repo.maven.apache.org/maven2/org/apache/maven/maven/2.0.9/maven-2.0.9.pom
2026-04-02 10:22:16,519 [Worker-3: Updating Maven Dependencies] INFO  o.e.m.c.i.e.AbstractTransferListenerAdapter - Downloaded https://repo.maven.apache.org/maven2/org/apache/maven/maven-parent/8/maven-parent-8.pom
2026-04-02 10:22:16,560 [Worker-3: Updating Maven Dependencies] INFO  o.e.m.c.i.e.AbstractTransferListenerAdapter - Downloaded https://repo.maven.apache.org/maven2/org/apache/apache/4/apache-4.pom
2026-04-02 10:22:16,600 [Worker-3: Updating Maven Dependencies] INFO  o.e.m.c.i.e.AbstractTransferListenerAdapter - Downloaded https://repo.maven.apache.org/maven2/org/apache/maven/maven-artifact/2.0.9/maven-artifact-2.0.9.pom
2026-04-02 10:22:16,647 [Worker-3: Updating Maven Dependencies] INFO  o.e.m.c.i.e.AbstractTransferListenerAdapter - Downloaded https://repo.maven.apache.org/maven2/org/codehaus/plexus/plexus-utils/1.5.1/plexus-utils-1.5.1.pom
2026-04-02 10:22:16,684 [Worker-3: Updating Maven Dependencies] INFO  o.e.m.c.i.e.AbstractTransferListenerAdapter - Downloaded https://repo.maven.apache.org/maven2/org/codehaus/plexus/plexus/1.0.11/plexus-1.0.11.pom
2026-04-02 10:22:16,716 [Worker-3: Updating Maven Dependencies] INFO  o.e.m.c.i.e.AbstractTransferListenerAdapter - Downloaded https://repo.maven.apache.org/maven2/org/apache/maven/maven-core/2.0.9/maven-core-2.0.9.pom
2026-04-02 10:22:16,764 [Worker-3: Updating Maven Dependencies] INFO  o.e.m.c.i.e.AbstractTransferListenerAdapter - Downloaded https://repo.maven.apache.org/maven2/org/apache/maven/maven-settings/2.0.9/maven-settings-2.0.9.pom
2026-04-02 10:22:16,795 [Worker-3: Updating Maven Dependencies] INFO  o.e.m.c.i.e.AbstractTransferListenerAdapter - Downloaded https://repo.maven.apache.org/maven2/org/apache/maven/maven-model/2.0.9/maven-model-2.0.9.pom
2026-04-02 10:22:16,831 [Worker-3: Updating Maven Dependencies] INFO  o.e.m.c.i.e.AbstractTransferListenerAdapter - Downloaded https://repo.maven.apache.org/maven2/org/apache/maven/maven-plugin-parameter-documenter/2.0.9/maven-plugin-parameter-documenter-2.0.9.pom
2026-04-02 10:22:16,858 [Worker-3: Updating Maven Dependencies] INFO  o.e.m.c.i.e.AbstractTransferListenerAdapter - Downloaded https://repo.maven.apache.org/maven2/org/apache/maven/maven-profile/2.0.9/maven-profile-2.0.9.pom
2026-04-02 10:22:16,904 [Worker-3: Updating Maven Dependencies] INFO  o.e.m.c.i.e.AbstractTransferListenerAdapter - Downloaded https://repo.maven.apache.org/maven2/org/apache/maven/maven-repository-metadata/2.0.9/maven-repository-metadata-2.0.9.pom
2026-04-02 10:22:16,960 [Worker-3: Updating Maven Dependencies] INFO  o.e.m.c.i.e.AbstractTransferListenerAdapter - Downloaded https://repo.maven.apache.org/maven2/org/apache/maven/maven-error-diagnostics/2.0.9/maven-error-diagnostics-2.0.9.pom
2026-04-02 10:22:16,999 [Worker-3: Updating Maven Dependencies] INFO  o.e.m.c.i.e.AbstractTransferListenerAdapter - Downloaded https://repo.maven.apache.org/maven2/org/apache/maven/maven-project/2.0.9/maven-project-2.0.9.pom
2026-04-02 10:22:17,029 [Worker-3: Updating Maven Dependencies] INFO  o.e.m.c.i.e.AbstractTransferListenerAdapter - Downloaded https://repo.maven.apache.org/maven2/org/apache/maven/maven-artifact-manager/2.0.9/maven-artifact-manager-2.0.9.pom
2026-04-02 10:22:17,078 [Worker-3: Updating Maven Dependencies] INFO  o.e.m.c.i.e.AbstractTransferListenerAdapter - Downloaded https://repo.maven.apache.org/maven2/org/apache/maven/maven-plugin-registry/2.0.9/maven-plugin-registry-2.0.9.pom
2026-04-02 10:22:17,117 [Worker-3: Updating Maven Dependencies] INFO  o.e.m.c.i.e.AbstractTransferListenerAdapter - Downloaded https://repo.maven.apache.org/maven2/org/apache/maven/maven-plugin-descriptor/2.0.9/maven-plugin-descriptor-2.0.9.pom
2026-04-02 10:22:17,148 [Worker-3: Updating Maven Dependencies] INFO  o.e.m.c.i.e.AbstractTransferListenerAdapter - Downloaded https://repo.maven.apache.org/maven2/org/apache/maven/maven-monitor/2.0.9/maven-monitor-2.0.9.pom
2026-04-02 10:22:17,196 [Worker-3: Updating Maven Dependencies] INFO  o.e.m.c.i.e.AbstractTransferListenerAdapter - Downloaded https://repo.maven.apache.org/maven2/org/apache/maven/maven-toolchain/1.0/maven-toolchain-1.0.pom
2026-04-02 10:22:17,228 [Worker-3: Updating Maven Dependencies] INFO  o.e.m.c.i.e.AbstractTransferListenerAdapter - Downloaded https://repo.maven.apache.org/maven2/org/apache/maven/maven/2.0.6/maven-2.0.6.pom
2026-04-02 10:22:17,265 [Worker-3: Updating Maven Dependencies] INFO  o.e.m.c.i.e.AbstractTransferListenerAdapter - Downloaded https://repo.maven.apache.org/maven2/org/apache/maven/maven-parent/5/maven-parent-5.pom
2026-04-02 10:22:17,300 [Worker-3: Updating Maven Dependencies] INFO  o.e.m.c.i.e.AbstractTransferListenerAdapter - Downloaded https://repo.maven.apache.org/maven2/org/apache/apache/3/apache-3.pom
2026-04-02 10:22:17,357 [Worker-3: Updating Maven Dependencies] INFO  o.e.m.c.i.e.AbstractTransferListenerAdapter - Downloaded https://repo.maven.apache.org/maven2/org/apache/maven/maven-core/2.0.6/maven-core-2.0.6.pom
2026-04-02 10:22:17,384 [Worker-3: Updating Maven Dependencies] INFO  o.e.m.c.i.e.AbstractTransferListenerAdapter - Downloaded https://repo.maven.apache.org/maven2/org/apache/maven/maven-settings/2.0.6/maven-settings-2.0.6.pom
2026-04-02 10:22:17,433 [Worker-3: Updating Maven Dependencies] INFO  o.e.m.c.i.e.AbstractTransferListenerAdapter - Downloaded https://repo.maven.apache.org/maven2/org/apache/maven/maven-model/2.0.6/maven-model-2.0.6.pom
2026-04-02 10:22:17,465 [Worker-3: Updating Maven Dependencies] INFO  o.e.m.c.i.e.AbstractTransferListenerAdapter - Downloaded https://repo.maven.apache.org/maven2/org/codehaus/plexus/plexus-utils/1.4.1/plexus-utils-1.4.1.pom
2026-04-02 10:22:17,503 [Worker-3: Updating Maven Dependencies] INFO  o.e.m.c.i.e.AbstractTransferListenerAdapter - Downloaded https://repo.maven.apache.org/maven2/org/codehaus/plexus/plexus-container-default/1.0-alpha-9-stable-1/plexus-container-default-1.0-alpha-9-stable-1.pom
2026-04-02 10:22:17,527 [Worker-3: Updating Maven Dependencies] INFO  o.e.m.c.i.e.AbstractTransferListenerAdapter - Downloaded https://repo.maven.apache.org/maven2/org/codehaus/plexus/plexus-containers/1.0.3/plexus-containers-1.0.3.pom
2026-04-02 10:22:17,559 [Worker-3: Updating Maven Dependencies] INFO  o.e.m.c.i.e.AbstractTransferListenerAdapter - Downloaded https://repo.maven.apache.org/maven2/org/codehaus/plexus/plexus/1.0.4/plexus-1.0.4.pom
2026-04-02 10:22:17,600 [Worker-3: Updating Maven Dependencies] INFO  o.e.m.c.i.e.AbstractTransferListenerAdapter - Downloaded https://repo.maven.apache.org/maven2/junit/junit/3.8.1/junit-3.8.1.pom
2026-04-02 10:22:17,631 [Worker-3: Updating Maven Dependencies] INFO  o.e.m.c.i.e.AbstractTransferListenerAdapter - Downloaded https://repo.maven.apache.org/maven2/org/codehaus/plexus/plexus-utils/1.0.4/plexus-utils-1.0.4.pom
2026-04-02 10:22:18,033 [Worker-3: Updating Maven Dependencies] INFO  o.e.m.c.i.e.AbstractTransferListenerAdapter - Downloaded https://repo.maven.apache.org/maven2/classworlds/classworlds/1.1-alpha-2/classworlds-1.1-alpha-2.pom
2026-04-02 10:22:18,066 [Worker-3: Updating Maven Dependencies] INFO  o.e.m.c.i.e.AbstractTransferListenerAdapter - Downloaded https://repo.maven.apache.org/maven2/org/apache/maven/maven-plugin-parameter-documenter/2.0.6/maven-plugin-parameter-documenter-2.0.6.pom
2026-04-02 10:22:18,097 [Worker-3: Updating Maven Dependencies] INFO  o.e.m.c.i.e.AbstractTransferListenerAdapter - Downloaded https://repo.maven.apache.org/maven2/org/apache/maven/reporting/maven-reporting-api/2.0.6/maven-reporting-api-2.0.6.pom
2026-04-02 10:22:18,138 [Worker-3: Updating Maven Dependencies] INFO  o.e.m.c.i.e.AbstractTransferListenerAdapter - Downloaded https://repo.maven.apache.org/maven2/org/apache/maven/reporting/maven-reporting/2.0.6/maven-reporting-2.0.6.pom
2026-04-02 10:22:18,166 [Worker-3: Updating Maven Dependencies] INFO  o.e.m.c.i.e.AbstractTransferListenerAdapter - Downloaded https://repo.maven.apache.org/maven2/org/apache/maven/doxia/doxia-sink-api/1.0-alpha-7/doxia-sink-api-1.0-alpha-7.pom
2026-04-02 10:22:18,203 [Worker-3: Updating Maven Dependencies] INFO  o.e.m.c.i.e.AbstractTransferListenerAdapter - Downloaded https://repo.maven.apache.org/maven2/org/apache/maven/doxia/doxia/1.0-alpha-7/doxia-1.0-alpha-7.pom
2026-04-02 10:22:18,232 [Worker-3: Updating Maven Dependencies] INFO  o.e.m.c.i.e.AbstractTransferListenerAdapter - Downloaded https://repo.maven.apache.org/maven2/org/apache/maven/maven-profile/2.0.6/maven-profile-2.0.6.pom
2026-04-02 10:22:18,263 [Worker-3: Updating Maven Dependencies] INFO  o.e.m.c.i.e.AbstractTransferListenerAdapter - Downloaded https://repo.maven.apache.org/maven2/org/apache/maven/maven-artifact/2.0.6/maven-artifact-2.0.6.pom
2026-04-02 10:22:18,310 [Worker-3: Updating Maven Dependencies] INFO  o.e.m.c.i.e.AbstractTransferListenerAdapter - Downloaded https://repo.maven.apache.org/maven2/org/apache/maven/maven-repository-metadata/2.0.6/maven-repository-metadata-2.0.6.pom
2026-04-02 10:22:18,343 [Worker-3: Updating Maven Dependencies] INFO  o.e.m.c.i.e.AbstractTransferListenerAdapter - Downloaded https://repo.maven.apache.org/maven2/org/apache/maven/maven-error-diagnostics/2.0.6/maven-error-diagnostics-2.0.6.pom
2026-04-02 10:22:18,367 [Worker-3: Updating Maven Dependencies] INFO  o.e.m.c.i.e.AbstractTransferListenerAdapter - Downloaded https://repo.maven.apache.org/maven2/org/apache/maven/maven-project/2.0.6/maven-project-2.0.6.pom
2026-04-02 10:22:18,416 [Worker-3: Updating Maven Dependencies] INFO  o.e.m.c.i.e.AbstractTransferListenerAdapter - Downloaded https://repo.maven.apache.org/maven2/org/apache/maven/maven-artifact-manager/2.0.6/maven-artifact-manager-2.0.6.pom
2026-04-02 10:22:18,450 [Worker-3: Updating Maven Dependencies] INFO  o.e.m.c.i.e.AbstractTransferListenerAdapter - Downloaded https://repo.maven.apache.org/maven2/org/apache/maven/maven-plugin-registry/2.0.6/maven-plugin-registry-2.0.6.pom
2026-04-02 10:22:18,516 [Worker-3: Updating Maven Dependencies] INFO  o.e.m.c.i.e.AbstractTransferListenerAdapter - Downloaded https://repo.maven.apache.org/maven2/commons-cli/commons-cli/1.0/commons-cli-1.0.pom
2026-04-02 10:22:18,566 [Worker-3: Updating Maven Dependencies] INFO  o.e.m.c.i.e.AbstractTransferListenerAdapter - Downloaded https://repo.maven.apache.org/maven2/org/apache/maven/maven-plugin-api/2.0.6/maven-plugin-api-2.0.6.pom
2026-04-02 10:22:18,603 [Worker-3: Updating Maven Dependencies] INFO  o.e.m.c.i.e.AbstractTransferListenerAdapter - Downloaded https://repo.maven.apache.org/maven2/org/apache/maven/maven-plugin-descriptor/2.0.6/maven-plugin-descriptor-2.0.6.pom
2026-04-02 10:22:18,632 [Worker-3: Updating Maven Dependencies] INFO  o.e.m.c.i.e.AbstractTransferListenerAdapter - Downloaded https://repo.maven.apache.org/maven2/org/codehaus/plexus/plexus-interactivity-api/1.0-alpha-4/plexus-interactivity-api-1.0-alpha-4.pom
2026-04-02 10:22:18,664 [Worker-3: Updating Maven Dependencies] INFO  o.e.m.c.i.e.AbstractTransferListenerAdapter - Downloaded https://repo.maven.apache.org/maven2/org/apache/maven/maven-monitor/2.0.6/maven-monitor-2.0.6.pom
2026-04-02 10:22:18,696 [Worker-3: Updating Maven Dependencies] INFO  o.e.m.c.i.e.AbstractTransferListenerAdapter - Downloaded https://repo.maven.apache.org/maven2/classworlds/classworlds/1.1/classworlds-1.1.pom
2026-04-02 10:22:18,720 [Worker-3: Updating Maven Dependencies] INFO  o.e.m.c.i.e.AbstractTransferListenerAdapter - Downloaded https://repo.maven.apache.org/maven2/org/codehaus/plexus/plexus-utils/3.0/plexus-utils-3.0.pom
2026-04-02 10:22:18,758 [Worker-3: Updating Maven Dependencies] INFO  o.e.m.c.i.e.AbstractTransferListenerAdapter - Downloaded https://repo.maven.apache.org/maven2/org/sonatype/spice/spice-parent/16/spice-parent-16.pom
2026-04-02 10:22:18,783 [Worker-3: Updating Maven Dependencies] INFO  o.e.m.c.i.e.AbstractTransferListenerAdapter - Downloaded https://repo.maven.apache.org/maven2/org/sonatype/forge/forge-parent/5/forge-parent-5.pom
2026-04-02 10:22:18,823 [Worker-3: Updating Maven Dependencies] INFO  o.e.m.c.i.e.AbstractTransferListenerAdapter - Downloaded https://repo.maven.apache.org/maven2/org/codehaus/plexus/plexus-compiler-api/1.9.1/plexus-compiler-api-1.9.1.pom
2026-04-02 10:22:18,858 [Worker-3: Updating Maven Dependencies] INFO  o.e.m.c.i.e.AbstractTransferListenerAdapter - Downloaded https://repo.maven.apache.org/maven2/org/codehaus/plexus/plexus-compiler/1.9.1/plexus-compiler-1.9.1.pom
2026-04-02 10:22:18,899 [Worker-3: Updating Maven Dependencies] INFO  o.e.m.c.i.e.AbstractTransferListenerAdapter - Downloaded https://repo.maven.apache.org/maven2/org/codehaus/plexus/plexus-components/1.1.20/plexus-components-1.1.20.pom
2026-04-02 10:22:18,917 [Worker-3: Updating Maven Dependencies] INFO  o.e.m.c.i.e.AbstractTransferListenerAdapter - Downloaded https://repo.maven.apache.org/maven2/org/codehaus/plexus/plexus/3.1/plexus-3.1.pom
2026-04-02 10:22:18,968 [Worker-3: Updating Maven Dependencies] INFO  o.e.m.c.i.e.AbstractTransferListenerAdapter - Downloaded https://repo.maven.apache.org/maven2/org/sonatype/spice/spice-parent/17/spice-parent-17.pom
2026-04-02 10:22:19,001 [Worker-3: Updating Maven Dependencies] INFO  o.e.m.c.i.e.AbstractTransferListenerAdapter - Downloaded https://repo.maven.apache.org/maven2/org/sonatype/forge/forge-parent/10/forge-parent-10.pom
2026-04-02 10:22:19,034 [Worker-3: Updating Maven Dependencies] INFO  o.e.m.c.i.e.AbstractTransferListenerAdapter - Downloaded https://repo.maven.apache.org/maven2/org/codehaus/plexus/plexus-compiler-manager/1.9.1/plexus-compiler-manager-1.9.1.pom
2026-04-02 10:22:19,067 [Worker-3: Updating Maven Dependencies] INFO  o.e.m.c.i.e.AbstractTransferListenerAdapter - Downloaded https://repo.maven.apache.org/maven2/org/codehaus/plexus/plexus-compiler-javac/1.9.1/plexus-compiler-javac-1.9.1.pom
2026-04-02 10:22:19,117 [Worker-3: Updating Maven Dependencies] INFO  o.e.m.c.i.e.AbstractTransferListenerAdapter - Downloaded https://repo.maven.apache.org/maven2/org/codehaus/plexus/plexus-compilers/1.9.1/plexus-compilers-1.9.1.pom
2026-04-02 10:22:19,167 [AetherRepositoryConnector-repo.maven.apache.org-0-0] INFO  o.e.m.c.i.e.AbstractTransferListenerAdapter - Downloading https://repo.maven.apache.org/maven2/org/apache/maven/maven-plugin-api/2.0.9/maven-plugin-api-2.0.9.jar
2026-04-02 10:22:19,167 [AetherRepositoryConnector-repo.maven.apache.org-0-1] INFO  o.e.m.c.i.e.AbstractTransferListenerAdapter - Downloading https://repo.maven.apache.org/maven2/org/apache/maven/maven-artifact/2.0.9/maven-artifact-2.0.9.jar
2026-04-02 10:22:19,167 [AetherRepositoryConnector-repo.maven.apache.org-0-3] INFO  o.e.m.c.i.e.AbstractTransferListenerAdapter - Downloading https://repo.maven.apache.org/maven2/org/apache/maven/maven-settings/2.0.9/maven-settings-2.0.9.jar
2026-04-02 10:22:19,183 [AetherRepositoryConnector-repo.maven.apache.org-0-2] INFO  o.e.m.c.i.e.AbstractTransferListenerAdapter - Downloading https://repo.maven.apache.org/maven2/org/apache/maven/maven-core/2.0.9/maven-core-2.0.9.jar
2026-04-02 10:22:19,185 [AetherRepositoryConnector-repo.maven.apache.org-0-4] INFO  o.e.m.c.i.e.AbstractTransferListenerAdapter - Downloading https://repo.maven.apache.org/maven2/org/apache/maven/maven-plugin-parameter-documenter/2.0.9/maven-plugin-parameter-documenter-2.0.9.jar
2026-04-02 10:22:19,185 [AetherRepositoryConnector-repo.maven.apache.org-0-0] INFO  o.e.m.c.i.e.AbstractTransferListenerAdapter - Downloaded https://repo.maven.apache.org/maven2/org/apache/maven/maven-plugin-api/2.0.9/maven-plugin-api-2.0.9.jar
2026-04-02 10:22:19,185 [AetherRepositoryConnector-repo.maven.apache.org-0-1] INFO  o.e.m.c.i.e.AbstractTransferListenerAdapter - Downloaded https://repo.maven.apache.org/maven2/org/apache/maven/maven-artifact/2.0.9/maven-artifact-2.0.9.jar
2026-04-02 10:22:19,200 [AetherRepositoryConnector-repo.maven.apache.org-0-3] INFO  o.e.m.c.i.e.AbstractTransferListenerAdapter - Downloaded https://repo.maven.apache.org/maven2/org/apache/maven/maven-settings/2.0.9/maven-settings-2.0.9.jar
2026-04-02 10:22:19,200 [AetherRepositoryConnector-repo.maven.apache.org-0-4] INFO  o.e.m.c.i.e.AbstractTransferListenerAdapter - Downloaded https://repo.maven.apache.org/maven2/org/apache/maven/maven-plugin-parameter-documenter/2.0.9/maven-plugin-parameter-documenter-2.0.9.jar
2026-04-02 10:22:19,200 [AetherRepositoryConnector-repo.maven.apache.org-0-2] INFO  o.e.m.c.i.e.AbstractTransferListenerAdapter - Downloaded https://repo.maven.apache.org/maven2/org/apache/maven/maven-core/2.0.9/maven-core-2.0.9.jar
2026-04-02 10:22:19,200 [AetherRepositoryConnector-repo.maven.apache.org-0-0] INFO  o.e.m.c.i.e.AbstractTransferListenerAdapter - Downloading https://repo.maven.apache.org/maven2/org/apache/maven/maven-profile/2.0.9/maven-profile-2.0.9.jar
2026-04-02 10:22:19,215 [AetherRepositoryConnector-repo.maven.apache.org-0-1] INFO  o.e.m.c.i.e.AbstractTransferListenerAdapter - Downloading https://repo.maven.apache.org/maven2/org/apache/maven/maven-model/2.0.9/maven-model-2.0.9.jar
2026-04-02 10:22:19,217 [AetherRepositoryConnector-repo.maven.apache.org-0-3] INFO  o.e.m.c.i.e.AbstractTransferListenerAdapter - Downloading https://repo.maven.apache.org/maven2/org/apache/maven/maven-repository-metadata/2.0.9/maven-repository-metadata-2.0.9.jar
2026-04-02 10:22:19,217 [AetherRepositoryConnector-repo.maven.apache.org-0-2] INFO  o.e.m.c.i.e.AbstractTransferListenerAdapter - Downloading https://repo.maven.apache.org/maven2/org/apache/maven/maven-project/2.0.9/maven-project-2.0.9.jar
2026-04-02 10:22:19,217 [AetherRepositoryConnector-repo.maven.apache.org-0-4] INFO  o.e.m.c.i.e.AbstractTransferListenerAdapter - Downloading https://repo.maven.apache.org/maven2/org/apache/maven/maven-error-diagnostics/2.0.9/maven-error-diagnostics-2.0.9.jar
2026-04-02 10:22:19,234 [AetherRepositoryConnector-repo.maven.apache.org-0-0] INFO  o.e.m.c.i.e.AbstractTransferListenerAdapter - Downloaded https://repo.maven.apache.org/maven2/org/apache/maven/maven-profile/2.0.9/maven-profile-2.0.9.jar
2026-04-02 10:22:19,234 [AetherRepositoryConnector-repo.maven.apache.org-0-1] INFO  o.e.m.c.i.e.AbstractTransferListenerAdapter - Downloaded https://repo.maven.apache.org/maven2/org/apache/maven/maven-model/2.0.9/maven-model-2.0.9.jar
2026-04-02 10:22:19,234 [AetherRepositoryConnector-repo.maven.apache.org-0-3] INFO  o.e.m.c.i.e.AbstractTransferListenerAdapter - Downloaded https://repo.maven.apache.org/maven2/org/apache/maven/maven-repository-metadata/2.0.9/maven-repository-metadata-2.0.9.jar
2026-04-02 10:22:19,234 [AetherRepositoryConnector-repo.maven.apache.org-0-2] INFO  o.e.m.c.i.e.AbstractTransferListenerAdapter - Downloaded https://repo.maven.apache.org/maven2/org/apache/maven/maven-project/2.0.9/maven-project-2.0.9.jar
2026-04-02 10:22:19,234 [AetherRepositoryConnector-repo.maven.apache.org-0-4] INFO  o.e.m.c.i.e.AbstractTransferListenerAdapter - Downloaded https://repo.maven.apache.org/maven2/org/apache/maven/maven-error-diagnostics/2.0.9/maven-error-diagnostics-2.0.9.jar
2026-04-02 10:22:19,250 [AetherRepositoryConnector-repo.maven.apache.org-0-0] INFO  o.e.m.c.i.e.AbstractTransferListenerAdapter - Downloading https://repo.maven.apache.org/maven2/org/apache/maven/maven-plugin-registry/2.0.9/maven-plugin-registry-2.0.9.jar
2026-04-02 10:22:19,250 [AetherRepositoryConnector-repo.maven.apache.org-0-1] INFO  o.e.m.c.i.e.AbstractTransferListenerAdapter - Downloading https://repo.maven.apache.org/maven2/org/apache/maven/maven-plugin-descriptor/2.0.9/maven-plugin-descriptor-2.0.9.jar
2026-04-02 10:22:19,250 [AetherRepositoryConnector-repo.maven.apache.org-0-2] INFO  o.e.m.c.i.e.AbstractTransferListenerAdapter - Downloading https://repo.maven.apache.org/maven2/org/apache/maven/maven-monitor/2.0.9/maven-monitor-2.0.9.jar
2026-04-02 10:22:19,250 [AetherRepositoryConnector-repo.maven.apache.org-0-3] INFO  o.e.m.c.i.e.AbstractTransferListenerAdapter - Downloading https://repo.maven.apache.org/maven2/org/apache/maven/maven-artifact-manager/2.0.9/maven-artifact-manager-2.0.9.jar
2026-04-02 10:22:19,250 [AetherRepositoryConnector-repo.maven.apache.org-0-4] INFO  o.e.m.c.i.e.AbstractTransferListenerAdapter - Downloading https://repo.maven.apache.org/maven2/org/apache/maven/maven-toolchain/1.0/maven-toolchain-1.0.jar
2026-04-02 10:22:19,268 [AetherRepositoryConnector-repo.maven.apache.org-0-0] INFO  o.e.m.c.i.e.AbstractTransferListenerAdapter - Downloaded https://repo.maven.apache.org/maven2/org/apache/maven/maven-plugin-registry/2.0.9/maven-plugin-registry-2.0.9.jar
2026-04-02 10:22:19,268 [AetherRepositoryConnector-repo.maven.apache.org-0-1] INFO  o.e.m.c.i.e.AbstractTransferListenerAdapter - Downloaded https://repo.maven.apache.org/maven2/org/apache/maven/maven-plugin-descriptor/2.0.9/maven-plugin-descriptor-2.0.9.jar
2026-04-02 10:22:19,268 [AetherRepositoryConnector-repo.maven.apache.org-0-3] INFO  o.e.m.c.i.e.AbstractTransferListenerAdapter - Downloaded https://repo.maven.apache.org/maven2/org/apache/maven/maven-artifact-manager/2.0.9/maven-artifact-manager-2.0.9.jar
2026-04-02 10:22:19,268 [AetherRepositoryConnector-repo.maven.apache.org-0-2] INFO  o.e.m.c.i.e.AbstractTransferListenerAdapter - Downloaded https://repo.maven.apache.org/maven2/org/apache/maven/maven-monitor/2.0.9/maven-monitor-2.0.9.jar
2026-04-02 10:22:19,284 [AetherRepositoryConnector-repo.maven.apache.org-0-0] INFO  o.e.m.c.i.e.AbstractTransferListenerAdapter - Downloading https://repo.maven.apache.org/maven2/org/codehaus/plexus/plexus-utils/3.0/plexus-utils-3.0.jar
2026-04-02 10:22:19,285 [AetherRepositoryConnector-repo.maven.apache.org-0-4] INFO  o.e.m.c.i.e.AbstractTransferListenerAdapter - Downloaded https://repo.maven.apache.org/maven2/org/apache/maven/maven-toolchain/1.0/maven-toolchain-1.0.jar
2026-04-02 10:22:19,285 [AetherRepositoryConnector-repo.maven.apache.org-0-1] INFO  o.e.m.c.i.e.AbstractTransferListenerAdapter - Downloading https://repo.maven.apache.org/maven2/org/codehaus/plexus/plexus-compiler-api/1.9.1/plexus-compiler-api-1.9.1.jar
2026-04-02 10:22:19,285 [AetherRepositoryConnector-repo.maven.apache.org-0-2] INFO  o.e.m.c.i.e.AbstractTransferListenerAdapter - Downloading https://repo.maven.apache.org/maven2/org/codehaus/plexus/plexus-compiler-javac/1.9.1/plexus-compiler-javac-1.9.1.jar
2026-04-02 10:22:19,285 [AetherRepositoryConnector-repo.maven.apache.org-0-4] INFO  o.e.m.c.i.e.AbstractTransferListenerAdapter - Downloading https://repo.maven.apache.org/maven2/org/codehaus/plexus/plexus-container-default/1.0-alpha-9-stable-1/plexus-container-default-1.0-alpha-9-stable-1.jar
2026-04-02 10:22:19,300 [AetherRepositoryConnector-repo.maven.apache.org-0-3] INFO  o.e.m.c.i.e.AbstractTransferListenerAdapter - Downloading https://repo.maven.apache.org/maven2/org/codehaus/plexus/plexus-compiler-manager/1.9.1/plexus-compiler-manager-1.9.1.jar
2026-04-02 10:22:19,301 [AetherRepositoryConnector-repo.maven.apache.org-0-0] INFO  o.e.m.c.i.e.AbstractTransferListenerAdapter - Downloaded https://repo.maven.apache.org/maven2/org/codehaus/plexus/plexus-utils/3.0/plexus-utils-3.0.jar
2026-04-02 10:22:19,301 [AetherRepositoryConnector-repo.maven.apache.org-0-1] INFO  o.e.m.c.i.e.AbstractTransferListenerAdapter - Downloaded https://repo.maven.apache.org/maven2/org/codehaus/plexus/plexus-compiler-api/1.9.1/plexus-compiler-api-1.9.1.jar
2026-04-02 10:22:19,317 [AetherRepositoryConnector-repo.maven.apache.org-0-2] INFO  o.e.m.c.i.e.AbstractTransferListenerAdapter - Downloaded https://repo.maven.apache.org/maven2/org/codehaus/plexus/plexus-compiler-javac/1.9.1/plexus-compiler-javac-1.9.1.jar
2026-04-02 10:22:19,317 [AetherRepositoryConnector-repo.maven.apache.org-0-3] INFO  o.e.m.c.i.e.AbstractTransferListenerAdapter - Downloaded https://repo.maven.apache.org/maven2/org/codehaus/plexus/plexus-compiler-manager/1.9.1/plexus-compiler-manager-1.9.1.jar
2026-04-02 10:22:19,317 [AetherRepositoryConnector-repo.maven.apache.org-0-4] INFO  o.e.m.c.i.e.AbstractTransferListenerAdapter - Downloaded https://repo.maven.apache.org/maven2/org/codehaus/plexus/plexus-container-default/1.0-alpha-9-stable-1/plexus-container-default-1.0-alpha-9-stable-1.jar
2026-04-02 10:22:19,317 [AetherRepositoryConnector-repo.maven.apache.org-0-0] INFO  o.e.m.c.i.e.AbstractTransferListenerAdapter - Downloading https://repo.maven.apache.org/maven2/junit/junit/3.8.1/junit-3.8.1.jar
2026-04-02 10:22:19,317 [AetherRepositoryConnector-repo.maven.apache.org-0-1] INFO  o.e.m.c.i.e.AbstractTransferListenerAdapter - Downloading https://repo.maven.apache.org/maven2/classworlds/classworlds/1.1-alpha-2/classworlds-1.1-alpha-2.jar
2026-04-02 10:22:19,334 [AetherRepositoryConnector-repo.maven.apache.org-0-0] INFO  o.e.m.c.i.e.AbstractTransferListenerAdapter - Downloaded https://repo.maven.apache.org/maven2/junit/junit/3.8.1/junit-3.8.1.jar
2026-04-02 10:22:19,350 [AetherRepositoryConnector-repo.maven.apache.org-0-1] INFO  o.e.m.c.i.e.AbstractTransferListenerAdapter - Downloaded https://repo.maven.apache.org/maven2/classworlds/classworlds/1.1-alpha-2/classworlds-1.1-alpha-2.jar
2026-04-02 10:22:19,900 [Worker-3: Updating Maven Dependencies] WARN  o.e.a.i.i.DefaultRepositoryEventDispatcher - Failed to dispatch repository event to org.eclipse.m2e.core.internal.embedder.EclipseRepositoryListener
java.util.ConcurrentModificationException: null
	at java.base/java.util.ArrayList$Itr.checkForComodification(ArrayList.java:1043)
	at java.base/java.util.ArrayList$Itr.next(ArrayList.java:997)
	at org.eclipse.m2e.core.internal.embedder.EclipseRepositoryListener.notifyListeners(EclipseRepositoryListener.java:56)
	at org.eclipse.m2e.core.internal.embedder.EclipseRepositoryListener.artifactDownloaded(EclipseRepositoryListener.java:43)
	at org.eclipse.aether.internal.impl.DefaultRepositoryEventDispatcher.dispatch(DefaultRepositoryEventDispatcher.java:121)
	at org.eclipse.aether.internal.impl.DefaultRepositoryEventDispatcher.dispatch(DefaultRepositoryEventDispatcher.java:90)
	at org.eclipse.aether.internal.impl.DefaultArtifactResolver.artifactDownloaded(DefaultArtifactResolver.java:693)
	at org.eclipse.aether.internal.impl.DefaultArtifactResolver.evaluateDownloads(DefaultArtifactResolver.java:636)
	at org.eclipse.aether.internal.impl.DefaultArtifactResolver.performDownloads(DefaultArtifactResolver.java:524)
	at org.eclipse.aether.internal.impl.DefaultArtifactResolver.resolve(DefaultArtifactResolver.java:401)
	at org.eclipse.aether.internal.impl.DefaultArtifactResolver.resolveArtifacts(DefaultArtifactResolver.java:229)
	at org.eclipse.aether.internal.impl.DefaultRepositorySystem.resolveDependencies(DefaultRepositorySystem.java:340)
	at org.apache.maven.plugin.internal.DefaultPluginDependenciesResolver.resolveInternal(DefaultPluginDependenciesResolver.java:213)
	at org.apache.maven.plugin.internal.DefaultPluginDependenciesResolver.resolve(DefaultPluginDependenciesResolver.java:152)
	at org.eclipse.m2e.core.internal.project.registry.EclipsePluginDependenciesResolver.resolve(EclipsePluginDependenciesResolver.java:61)
	at org.apache.maven.plugin.internal.DefaultMavenPluginManager.createPluginRealm(DefaultMavenPluginManager.java:404)
	at org.apache.maven.plugin.internal.DefaultMavenPluginManager.setupPluginRealm(DefaultMavenPluginManager.java:374)
	at org.apache.maven.plugin.DefaultBuildPluginManager.getPluginRealm(DefaultBuildPluginManager.java:234)
	at org.eclipse.m2e.core.internal.embedder.MavenImpl.getMojoParameterValue(MavenImpl.java:952)
	at org.eclipse.m2e.core.internal.embedder.MavenImpl.lambda$5(MavenImpl.java:985)
	at org.eclipse.m2e.core.internal.embedder.MavenExecutionContext.executeBare(MavenExecutionContext.java:179)
	at org.eclipse.m2e.core.internal.embedder.MavenExecutionContext.execute(MavenExecutionContext.java:114)
	at org.eclipse.m2e.core.internal.embedder.MavenImpl.getMojoParameterValue(MavenImpl.java:984)
	at org.eclipse.m2e.core.internal.lifecyclemapping.LifecycleMappingFactory.applyParametersFilter(LifecycleMappingFactory.java:694)
	at org.eclipse.m2e.core.internal.lifecyclemapping.LifecycleMappingFactory.calculateEffectiveLifecycleMappingMetadata0(LifecycleMappingFactory.java:597)
	at org.eclipse.m2e.core.internal.lifecyclemapping.LifecycleMappingFactory.calculateEffectiveLifecycleMappingMetadata(LifecycleMappingFactory.java:534)
	at org.eclipse.m2e.core.internal.lifecyclemapping.LifecycleMappingFactory.calculateEffectiveLifecycleMappingMetadata(LifecycleMappingFactory.java:258)
	at org.eclipse.m2e.core.internal.lifecyclemapping.LifecycleMappingFactory.calculateLifecycleMapping(LifecycleMappingFactory.java:190)
	at org.eclipse.m2e.core.internal.project.registry.ProjectRegistryManager.setupLifecycleMapping(ProjectRegistryManager.java:614)
	at org.eclipse.m2e.core.internal.project.registry.ProjectRegistryManager.refreshPhase2(ProjectRegistryManager.java:533)
	at org.eclipse.m2e.core.internal.project.registry.ProjectRegistryManager.lambda$3(ProjectRegistryManager.java:514)
	at org.eclipse.m2e.core.internal.embedder.MavenExecutionContext.executeBare(MavenExecutionContext.java:179)
	at org.eclipse.m2e.core.internal.embedder.MavenExecutionContext.execute(MavenExecutionContext.java:153)
	at org.eclipse.m2e.core.internal.project.registry.ProjectRegistryManager.refresh(ProjectRegistryManager.java:512)
	at org.eclipse.m2e.core.internal.project.registry.ProjectRegistryManager.refresh(ProjectRegistryManager.java:364)
	at org.eclipse.m2e.core.internal.project.registry.ProjectRegistryRefreshJob.lambda$4(ProjectRegistryRefreshJob.java:141)
	at org.eclipse.m2e.core.internal.embedder.MavenExecutionContext.executeBare(MavenExecutionContext.java:179)
	at org.eclipse.m2e.core.internal.embedder.MavenExecutionContext.execute(MavenExecutionContext.java:153)
	at org.eclipse.m2e.core.internal.embedder.MavenExecutionContext.execute(MavenExecutionContext.java:101)
	at org.eclipse.m2e.core.internal.embedder.MavenImpl.execute(MavenImpl.java:1370)
	at org.eclipse.m2e.core.internal.project.registry.ProjectRegistryRefreshJob.lambda$0(ProjectRegistryRefreshJob.java:140)
	at org.eclipse.m2e.core.internal.embedder.MavenExecutionContext.executeBare(MavenExecutionContext.java:179)
	at org.eclipse.m2e.core.internal.embedder.MavenExecutionContext.execute(MavenExecutionContext.java:153)
	at org.eclipse.m2e.core.internal.embedder.MavenExecutionContext.execute(MavenExecutionContext.java:101)
	at org.eclipse.m2e.core.internal.embedder.MavenImpl.execute(MavenImpl.java:1374)
	at org.eclipse.m2e.core.internal.project.registry.ProjectRegistryRefreshJob.run(ProjectRegistryRefreshJob.java:84)
	at org.eclipse.core.internal.jobs.Worker.run(Worker.java:63)
2026-04-02 10:22:21,497 [Worker-3: Updating Maven Dependencies] INFO  o.e.m.c.i.l.LifecycleMappingFactory - Using org.maven.ide.eclipse.wtp.WarLifecycleMapping lifecycle mapping for MavenProject: com.test:java:1.0.0-BUILD-SNAPSHOT @ C:\code\forGithub\spring\hello\pom.xml.
2026-04-02 10:22:21,497 [Worker-18: Building workspace] INFO  o.e.m.c.i.l.LifecycleMappingFactory - Using org.maven.ide.eclipse.wtp.WarLifecycleMapping lifecycle mapping for MavenProject: com.test:java:1.0.0-BUILD-SNAPSHOT @ C:\code\forGithub\spring\hello\pom.xml.
2026-04-02 10:22:21,635 [Worker-3: Updating Maven Dependencies] INFO  o.e.m.c.i.e.AbstractTransferListenerAdapter - Downloaded https://repo.maven.apache.org/maven2/org/springframework/spring-context/3.1.1.RELEASE/spring-context-3.1.1.RELEASE.pom
2026-04-02 10:22:21,655 [Worker-18: Building workspace] INFO  o.e.m.c.i.e.AbstractTransferListenerAdapter - Downloaded https://repo.maven.apache.org/maven2/org/springframework/spring-context/3.1.1.RELEASE/spring-context-3.1.1.RELEASE.pom
2026-04-02 10:22:21,684 [Worker-3: Updating Maven Dependencies] INFO  o.e.m.c.i.e.AbstractTransferListenerAdapter - Downloaded https://repo.maven.apache.org/maven2/org/springframework/spring-parent/3.1.1.RELEASE/spring-parent-3.1.1.RELEASE.pom
2026-04-02 10:22:21,684 [Worker-18: Building workspace] INFO  o.e.m.c.i.e.AbstractTransferListenerAdapter - Downloaded https://repo.maven.apache.org/maven2/org/springframework/spring-parent/3.1.1.RELEASE/spring-parent-3.1.1.RELEASE.pom
2026-04-02 10:22:21,717 [Worker-3: Updating Maven Dependencies] INFO  o.e.m.c.i.e.AbstractTransferListenerAdapter - Downloaded https://repo.maven.apache.org/maven2/org/springframework/spring-aop/3.1.1.RELEASE/spring-aop-3.1.1.RELEASE.pom
2026-04-02 10:22:21,717 [Worker-18: Building workspace] INFO  o.e.m.c.i.e.AbstractTransferListenerAdapter - Downloaded https://repo.maven.apache.org/maven2/org/springframework/spring-aop/3.1.1.RELEASE/spring-aop-3.1.1.RELEASE.pom
2026-04-02 10:22:21,750 [Worker-18: Building workspace] INFO  o.e.m.c.i.e.AbstractTransferListenerAdapter - Downloaded https://repo.maven.apache.org/maven2/aopalliance/aopalliance/1.0/aopalliance-1.0.pom
2026-04-02 10:22:21,758 [Worker-3: Updating Maven Dependencies] INFO  o.e.m.c.i.e.AbstractTransferListenerAdapter - Downloaded https://repo.maven.apache.org/maven2/aopalliance/aopalliance/1.0/aopalliance-1.0.pom
2026-04-02 10:22:21,785 [Worker-3: Updating Maven Dependencies] INFO  o.e.m.c.i.e.AbstractTransferListenerAdapter - Downloaded https://repo.maven.apache.org/maven2/org/springframework/spring-asm/3.1.1.RELEASE/spring-asm-3.1.1.RELEASE.pom
2026-04-02 10:22:21,800 [Worker-18: Building workspace] INFO  o.e.m.c.i.e.AbstractTransferListenerAdapter - Downloaded https://repo.maven.apache.org/maven2/org/springframework/spring-asm/3.1.1.RELEASE/spring-asm-3.1.1.RELEASE.pom
2026-04-02 10:22:21,816 [Worker-3: Updating Maven Dependencies] INFO  o.e.m.c.i.e.AbstractTransferListenerAdapter - Downloaded https://repo.maven.apache.org/maven2/org/springframework/spring-beans/3.1.1.RELEASE/spring-beans-3.1.1.RELEASE.pom
2026-04-02 10:22:21,832 [Worker-18: Building workspace] INFO  o.e.m.c.i.e.AbstractTransferListenerAdapter - Downloaded https://repo.maven.apache.org/maven2/org/springframework/spring-beans/3.1.1.RELEASE/spring-beans-3.1.1.RELEASE.pom
2026-04-02 10:22:21,850 [Worker-3: Updating Maven Dependencies] INFO  o.e.m.c.i.e.AbstractTransferListenerAdapter - Downloaded https://repo.maven.apache.org/maven2/org/springframework/spring-core/3.1.1.RELEASE/spring-core-3.1.1.RELEASE.pom
2026-04-02 10:22:21,866 [Worker-18: Building workspace] INFO  o.e.m.c.i.e.AbstractTransferListenerAdapter - Downloaded https://repo.maven.apache.org/maven2/org/springframework/spring-core/3.1.1.RELEASE/spring-core-3.1.1.RELEASE.pom
2026-04-02 10:22:21,881 [Worker-3: Updating Maven Dependencies] INFO  o.e.m.c.i.e.AbstractTransferListenerAdapter - Downloaded https://repo.maven.apache.org/maven2/org/springframework/spring-expression/3.1.1.RELEASE/spring-expression-3.1.1.RELEASE.pom
2026-04-02 10:22:21,897 [Worker-18: Building workspace] INFO  o.e.m.c.i.e.AbstractTransferListenerAdapter - Downloaded https://repo.maven.apache.org/maven2/org/springframework/spring-expression/3.1.1.RELEASE/spring-expression-3.1.1.RELEASE.pom
2026-04-02 10:22:21,917 [Worker-3: Updating Maven Dependencies] INFO  o.e.m.c.i.e.AbstractTransferListenerAdapter - Downloaded https://repo.maven.apache.org/maven2/org/springframework/spring-webmvc/3.1.1.RELEASE/spring-webmvc-3.1.1.RELEASE.pom
2026-04-02 10:22:21,932 [Worker-18: Building workspace] INFO  o.e.m.c.i.e.AbstractTransferListenerAdapter - Downloaded https://repo.maven.apache.org/maven2/org/springframework/spring-webmvc/3.1.1.RELEASE/spring-webmvc-3.1.1.RELEASE.pom
2026-04-02 10:22:21,950 [Worker-3: Updating Maven Dependencies] INFO  o.e.m.c.i.e.AbstractTransferListenerAdapter - Downloaded https://repo.maven.apache.org/maven2/commons-logging/commons-logging/1.1.1/commons-logging-1.1.1.pom
2026-04-02 10:22:21,967 [Worker-18: Building workspace] INFO  o.e.m.c.i.e.AbstractTransferListenerAdapter - Downloaded https://repo.maven.apache.org/maven2/commons-logging/commons-logging/1.1.1/commons-logging-1.1.1.pom
2026-04-02 10:22:21,984 [Worker-3: Updating Maven Dependencies] INFO  o.e.m.c.i.e.AbstractTransferListenerAdapter - Downloaded https://repo.maven.apache.org/maven2/org/apache/commons/commons-parent/5/commons-parent-5.pom
2026-04-02 10:22:22,001 [Worker-18: Building workspace] INFO  o.e.m.c.i.e.AbstractTransferListenerAdapter - Downloaded https://repo.maven.apache.org/maven2/org/apache/commons/commons-parent/5/commons-parent-5.pom
2026-04-02 10:22:22,017 [Worker-3: Updating Maven Dependencies] INFO  o.e.m.c.i.e.AbstractTransferListenerAdapter - Downloaded https://repo.maven.apache.org/maven2/org/springframework/spring-context-support/3.1.1.RELEASE/spring-context-support-3.1.1.RELEASE.pom
2026-04-02 10:22:22,050 [Worker-18: Building workspace] INFO  o.e.m.c.i.e.AbstractTransferListenerAdapter - Downloaded https://repo.maven.apache.org/maven2/org/springframework/spring-context-support/3.1.1.RELEASE/spring-context-support-3.1.1.RELEASE.pom
2026-04-02 10:22:22,068 [Worker-3: Updating Maven Dependencies] INFO  o.e.m.c.i.e.AbstractTransferListenerAdapter - Downloaded https://repo.maven.apache.org/maven2/org/springframework/spring-web/3.1.1.RELEASE/spring-web-3.1.1.RELEASE.pom
2026-04-02 10:22:22,101 [Worker-18: Building workspace] INFO  o.e.m.c.i.e.AbstractTransferListenerAdapter - Downloaded https://repo.maven.apache.org/maven2/org/springframework/spring-web/3.1.1.RELEASE/spring-web-3.1.1.RELEASE.pom
2026-04-02 10:22:22,101 [Worker-3: Updating Maven Dependencies] INFO  o.e.m.c.i.e.AbstractTransferListenerAdapter - Downloaded https://repo.maven.apache.org/maven2/org/aspectj/aspectjrt/1.6.10/aspectjrt-1.6.10.pom
2026-04-02 10:22:22,135 [Worker-3: Updating Maven Dependencies] INFO  o.e.m.c.i.e.AbstractTransferListenerAdapter - Downloaded https://repo.maven.apache.org/maven2/org/slf4j/slf4j-api/1.6.6/slf4j-api-1.6.6.pom
2026-04-02 10:22:22,135 [Worker-18: Building workspace] INFO  o.e.m.c.i.e.AbstractTransferListenerAdapter - Downloaded https://repo.maven.apache.org/maven2/org/slf4j/slf4j-api/1.6.6/slf4j-api-1.6.6.pom
2026-04-02 10:22:22,167 [Worker-18: Building workspace] INFO  o.e.m.c.i.e.AbstractTransferListenerAdapter - Downloaded https://repo.maven.apache.org/maven2/org/slf4j/slf4j-parent/1.6.6/slf4j-parent-1.6.6.pom
2026-04-02 10:22:22,167 [Worker-3: Updating Maven Dependencies] INFO  o.e.m.c.i.e.AbstractTransferListenerAdapter - Downloaded https://repo.maven.apache.org/maven2/org/slf4j/slf4j-parent/1.6.6/slf4j-parent-1.6.6.pom
2026-04-02 10:22:22,201 [Worker-18: Building workspace] INFO  o.e.m.c.i.e.AbstractTransferListenerAdapter - Downloaded https://repo.maven.apache.org/maven2/org/slf4j/jcl-over-slf4j/1.6.6/jcl-over-slf4j-1.6.6.pom
2026-04-02 10:22:22,201 [Worker-3: Updating Maven Dependencies] INFO  o.e.m.c.i.e.AbstractTransferListenerAdapter - Downloaded https://repo.maven.apache.org/maven2/org/slf4j/jcl-over-slf4j/1.6.6/jcl-over-slf4j-1.6.6.pom
2026-04-02 10:22:22,232 [Worker-3: Updating Maven Dependencies] INFO  o.e.m.c.i.e.AbstractTransferListenerAdapter - Downloaded https://repo.maven.apache.org/maven2/org/slf4j/slf4j-log4j12/1.6.6/slf4j-log4j12-1.6.6.pom
2026-04-02 10:22:22,234 [Worker-18: Building workspace] INFO  o.e.m.c.i.e.AbstractTransferListenerAdapter - Downloaded https://repo.maven.apache.org/maven2/org/slf4j/slf4j-log4j12/1.6.6/slf4j-log4j12-1.6.6.pom
2026-04-02 10:22:22,272 [Worker-3: Updating Maven Dependencies] INFO  o.e.m.c.i.e.AbstractTransferListenerAdapter - Downloaded https://repo.maven.apache.org/maven2/log4j/log4j/1.2.17/log4j-1.2.17.pom
2026-04-02 10:22:22,272 [Worker-18: Building workspace] INFO  o.e.m.c.i.e.AbstractTransferListenerAdapter - Downloaded https://repo.maven.apache.org/maven2/log4j/log4j/1.2.17/log4j-1.2.17.pom
2026-04-02 10:22:22,301 [Worker-3: Updating Maven Dependencies] INFO  o.e.m.c.i.e.AbstractTransferListenerAdapter - Downloaded https://repo.maven.apache.org/maven2/log4j/log4j/1.2.15/log4j-1.2.15.pom
2026-04-02 10:22:22,318 [Worker-18: Building workspace] INFO  o.e.m.c.i.e.AbstractTransferListenerAdapter - Downloaded https://repo.maven.apache.org/maven2/log4j/log4j/1.2.15/log4j-1.2.15.pom
2026-04-02 10:22:22,351 [Worker-3: Updating Maven Dependencies] INFO  o.e.m.c.i.e.AbstractTransferListenerAdapter - Downloaded https://repo.maven.apache.org/maven2/javax/inject/javax.inject/1/javax.inject-1.pom
2026-04-02 10:22:22,384 [Worker-18: Building workspace] INFO  o.e.m.c.i.e.AbstractTransferListenerAdapter - Downloaded https://repo.maven.apache.org/maven2/javax/inject/javax.inject/1/javax.inject-1.pom
2026-04-02 10:22:22,384 [Worker-3: Updating Maven Dependencies] INFO  o.e.m.c.i.e.AbstractTransferListenerAdapter - Downloaded https://repo.maven.apache.org/maven2/javax/servlet/servlet-api/2.5/servlet-api-2.5.pom
2026-04-02 10:22:22,418 [Worker-18: Building workspace] INFO  o.e.m.c.i.e.AbstractTransferListenerAdapter - Downloaded https://repo.maven.apache.org/maven2/javax/servlet/servlet-api/2.5/servlet-api-2.5.pom
2026-04-02 10:22:22,432 [Worker-3: Updating Maven Dependencies] INFO  o.e.m.c.i.e.AbstractTransferListenerAdapter - Downloaded https://repo.maven.apache.org/maven2/javax/servlet/jsp/jsp-api/2.1/jsp-api-2.1.pom
2026-04-02 10:22:22,451 [Worker-18: Building workspace] INFO  o.e.m.c.i.e.AbstractTransferListenerAdapter - Downloaded https://repo.maven.apache.org/maven2/javax/servlet/jsp/jsp-api/2.1/jsp-api-2.1.pom
2026-04-02 10:22:22,451 [Worker-3: Updating Maven Dependencies] INFO  o.e.m.c.i.e.AbstractTransferListenerAdapter - Downloaded https://repo.maven.apache.org/maven2/javax/servlet/jstl/1.2/jstl-1.2.pom
2026-04-02 10:22:22,485 [Worker-18: Building workspace] INFO  o.e.m.c.i.e.AbstractTransferListenerAdapter - Downloaded https://repo.maven.apache.org/maven2/javax/servlet/jstl/1.2/jstl-1.2.pom
2026-04-02 10:22:22,500 [Worker-3: Updating Maven Dependencies] INFO  o.e.m.c.i.e.AbstractTransferListenerAdapter - Downloaded https://repo.maven.apache.org/maven2/junit/junit/4.7/junit-4.7.pom
2026-04-02 10:22:22,517 [AetherRepositoryConnector-repo.maven.apache.org-1-0] INFO  o.e.m.c.i.e.AbstractTransferListenerAdapter - Downloading https://repo.maven.apache.org/maven2/org/springframework/spring-context/3.1.1.RELEASE/spring-context-3.1.1.RELEASE.jar
2026-04-02 10:22:22,517 [Worker-18: Building workspace] INFO  o.e.m.c.i.e.AbstractTransferListenerAdapter - Downloaded https://repo.maven.apache.org/maven2/junit/junit/4.7/junit-4.7.pom
2026-04-02 10:22:22,534 [AetherRepositoryConnector-repo.maven.apache.org-1-3] INFO  o.e.m.c.i.e.AbstractTransferListenerAdapter - Downloading https://repo.maven.apache.org/maven2/org/springframework/spring-beans/3.1.1.RELEASE/spring-beans-3.1.1.RELEASE.jar
2026-04-02 10:22:22,536 [AetherRepositoryConnector-repo.maven.apache.org-1-2] INFO  o.e.m.c.i.e.AbstractTransferListenerAdapter - Downloading https://repo.maven.apache.org/maven2/aopalliance/aopalliance/1.0/aopalliance-1.0.jar
2026-04-02 10:22:22,536 [AetherRepositoryConnector-repo.maven.apache.org-1-1] INFO  o.e.m.c.i.e.AbstractTransferListenerAdapter - Downloading https://repo.maven.apache.org/maven2/org/springframework/spring-aop/3.1.1.RELEASE/spring-aop-3.1.1.RELEASE.jar
2026-04-02 10:22:22,536 [AetherRepositoryConnector-repo.maven.apache.org-1-4] INFO  o.e.m.c.i.e.AbstractTransferListenerAdapter - Downloading https://repo.maven.apache.org/maven2/org/springframework/spring-core/3.1.1.RELEASE/spring-core-3.1.1.RELEASE.jar
2026-04-02 10:22:22,536 [AetherRepositoryConnector-repo.maven.apache.org-2-0] INFO  o.e.m.c.i.e.AbstractTransferListenerAdapter - Downloading https://repo.maven.apache.org/maven2/org/springframework/spring-context/3.1.1.RELEASE/spring-context-3.1.1.RELEASE.jar
2026-04-02 10:22:22,550 [AetherRepositoryConnector-repo.maven.apache.org-2-1] INFO  o.e.m.c.i.e.AbstractTransferListenerAdapter - Downloading https://repo.maven.apache.org/maven2/org/springframework/spring-aop/3.1.1.RELEASE/spring-aop-3.1.1.RELEASE.jar
2026-04-02 10:22:22,550 [AetherRepositoryConnector-repo.maven.apache.org-1-2] INFO  o.e.m.c.i.e.AbstractTransferListenerAdapter - Downloaded https://repo.maven.apache.org/maven2/aopalliance/aopalliance/1.0/aopalliance-1.0.jar
2026-04-02 10:22:22,550 [AetherRepositoryConnector-repo.maven.apache.org-1-0] INFO  o.e.m.c.i.e.AbstractTransferListenerAdapter - Downloaded https://repo.maven.apache.org/maven2/org/springframework/spring-context/3.1.1.RELEASE/spring-context-3.1.1.RELEASE.jar
2026-04-02 10:22:22,558 [AetherRepositoryConnector-repo.maven.apache.org-1-3] INFO  o.e.m.c.i.e.AbstractTransferListenerAdapter - Downloaded https://repo.maven.apache.org/maven2/org/springframework/spring-beans/3.1.1.RELEASE/spring-beans-3.1.1.RELEASE.jar
2026-04-02 10:22:22,562 [AetherRepositoryConnector-repo.maven.apache.org-2-4] INFO  o.e.m.c.i.e.AbstractTransferListenerAdapter - Downloading https://repo.maven.apache.org/maven2/org/springframework/spring-core/3.1.1.RELEASE/spring-core-3.1.1.RELEASE.jar
2026-04-02 10:22:22,562 [AetherRepositoryConnector-repo.maven.apache.org-2-3] INFO  o.e.m.c.i.e.AbstractTransferListenerAdapter - Downloading https://repo.maven.apache.org/maven2/org/springframework/spring-beans/3.1.1.RELEASE/spring-beans-3.1.1.RELEASE.jar
2026-04-02 10:22:22,562 [AetherRepositoryConnector-repo.maven.apache.org-2-2] INFO  o.e.m.c.i.e.AbstractTransferListenerAdapter - Downloading https://repo.maven.apache.org/maven2/aopalliance/aopalliance/1.0/aopalliance-1.0.jar
2026-04-02 10:22:22,563 [AetherRepositoryConnector-repo.maven.apache.org-1-1] INFO  o.e.m.c.i.e.AbstractTransferListenerAdapter - Downloaded https://repo.maven.apache.org/maven2/org/springframework/spring-aop/3.1.1.RELEASE/spring-aop-3.1.1.RELEASE.jar
2026-04-02 10:22:22,566 [AetherRepositoryConnector-repo.maven.apache.org-1-4] INFO  o.e.m.c.i.e.AbstractTransferListenerAdapter - Downloaded https://repo.maven.apache.org/maven2/org/springframework/spring-core/3.1.1.RELEASE/spring-core-3.1.1.RELEASE.jar
2026-04-02 10:22:22,567 [AetherRepositoryConnector-repo.maven.apache.org-1-0] INFO  o.e.m.c.i.e.AbstractTransferListenerAdapter - Downloading https://repo.maven.apache.org/maven2/org/springframework/spring-asm/3.1.1.RELEASE/spring-asm-3.1.1.RELEASE.jar
2026-04-02 10:22:22,567 [AetherRepositoryConnector-repo.maven.apache.org-1-2] INFO  o.e.m.c.i.e.AbstractTransferListenerAdapter - Downloading https://repo.maven.apache.org/maven2/org/springframework/spring-expression/3.1.1.RELEASE/spring-expression-3.1.1.RELEASE.jar
2026-04-02 10:22:22,574 [AetherRepositoryConnector-repo.maven.apache.org-1-3] INFO  o.e.m.c.i.e.AbstractTransferListenerAdapter - Downloading https://repo.maven.apache.org/maven2/org/springframework/spring-webmvc/3.1.1.RELEASE/spring-webmvc-3.1.1.RELEASE.jar
2026-04-02 10:22:22,580 [AetherRepositoryConnector-repo.maven.apache.org-2-1] INFO  o.e.m.c.i.e.AbstractTransferListenerAdapter - Downloaded https://repo.maven.apache.org/maven2/org/springframework/spring-aop/3.1.1.RELEASE/spring-aop-3.1.1.RELEASE.jar
2026-04-02 10:22:22,583 [AetherRepositoryConnector-repo.maven.apache.org-2-2] INFO  o.e.m.c.i.e.AbstractTransferListenerAdapter - Downloaded https://repo.maven.apache.org/maven2/aopalliance/aopalliance/1.0/aopalliance-1.0.jar
2026-04-02 10:22:22,583 [AetherRepositoryConnector-repo.maven.apache.org-1-4] INFO  o.e.m.c.i.e.AbstractTransferListenerAdapter - Downloading https://repo.maven.apache.org/maven2/org/springframework/spring-web/3.1.1.RELEASE/spring-web-3.1.1.RELEASE.jar
2026-04-02 10:22:22,583 [AetherRepositoryConnector-repo.maven.apache.org-2-0] INFO  o.e.m.c.i.e.AbstractTransferListenerAdapter - Downloaded https://repo.maven.apache.org/maven2/org/springframework/spring-context/3.1.1.RELEASE/spring-context-3.1.1.RELEASE.jar
2026-04-02 10:22:22,583 [AetherRepositoryConnector-repo.maven.apache.org-1-1] INFO  o.e.m.c.i.e.AbstractTransferListenerAdapter - Downloading https://repo.maven.apache.org/maven2/org/springframework/spring-context-support/3.1.1.RELEASE/spring-context-support-3.1.1.RELEASE.jar
2026-04-02 10:22:22,583 [AetherRepositoryConnector-repo.maven.apache.org-1-0] INFO  o.e.m.c.i.e.AbstractTransferListenerAdapter - Downloaded https://repo.maven.apache.org/maven2/org/springframework/spring-asm/3.1.1.RELEASE/spring-asm-3.1.1.RELEASE.jar
2026-04-02 10:22:22,583 [AetherRepositoryConnector-repo.maven.apache.org-1-2] INFO  o.e.m.c.i.e.AbstractTransferListenerAdapter - Downloaded https://repo.maven.apache.org/maven2/org/springframework/spring-expression/3.1.1.RELEASE/spring-expression-3.1.1.RELEASE.jar
2026-04-02 10:22:22,583 [AetherRepositoryConnector-repo.maven.apache.org-1-3] INFO  o.e.m.c.i.e.AbstractTransferListenerAdapter - Downloaded https://repo.maven.apache.org/maven2/org/springframework/spring-webmvc/3.1.1.RELEASE/spring-webmvc-3.1.1.RELEASE.jar
2026-04-02 10:22:22,583 [AetherRepositoryConnector-repo.maven.apache.org-2-4] INFO  o.e.m.c.i.e.AbstractTransferListenerAdapter - Downloaded https://repo.maven.apache.org/maven2/org/springframework/spring-core/3.1.1.RELEASE/spring-core-3.1.1.RELEASE.jar
2026-04-02 10:22:22,583 [AetherRepositoryConnector-repo.maven.apache.org-2-3] INFO  o.e.m.c.i.e.AbstractTransferListenerAdapter - Downloaded https://repo.maven.apache.org/maven2/org/springframework/spring-beans/3.1.1.RELEASE/spring-beans-3.1.1.RELEASE.jar
2026-04-02 10:22:22,595 [AetherRepositoryConnector-repo.maven.apache.org-2-1] INFO  o.e.m.c.i.e.AbstractTransferListenerAdapter - Downloading https://repo.maven.apache.org/maven2/org/springframework/spring-expression/3.1.1.RELEASE/spring-expression-3.1.1.RELEASE.jar
2026-04-02 10:22:22,598 [AetherRepositoryConnector-repo.maven.apache.org-2-0] INFO  o.e.m.c.i.e.AbstractTransferListenerAdapter - Downloading https://repo.maven.apache.org/maven2/org/springframework/spring-webmvc/3.1.1.RELEASE/spring-webmvc-3.1.1.RELEASE.jar
2026-04-02 10:22:22,598 [AetherRepositoryConnector-repo.maven.apache.org-1-0] INFO  o.e.m.c.i.e.AbstractTransferListenerAdapter - Downloading https://repo.maven.apache.org/maven2/org/aspectj/aspectjrt/1.6.10/aspectjrt-1.6.10.jar
2026-04-02 10:22:22,598 [AetherRepositoryConnector-repo.maven.apache.org-1-1] INFO  o.e.m.c.i.e.AbstractTransferListenerAdapter - Downloaded https://repo.maven.apache.org/maven2/org/springframework/spring-context-support/3.1.1.RELEASE/spring-context-support-3.1.1.RELEASE.jar
2026-04-02 10:22:22,598 [AetherRepositoryConnector-repo.maven.apache.org-2-2] INFO  o.e.m.c.i.e.AbstractTransferListenerAdapter - Downloading https://repo.maven.apache.org/maven2/org/springframework/spring-asm/3.1.1.RELEASE/spring-asm-3.1.1.RELEASE.jar
2026-04-02 10:22:22,598 [AetherRepositoryConnector-repo.maven.apache.org-2-3] INFO  o.e.m.c.i.e.AbstractTransferListenerAdapter - Downloading https://repo.maven.apache.org/maven2/org/springframework/spring-web/3.1.1.RELEASE/spring-web-3.1.1.RELEASE.jar
2026-04-02 10:22:22,598 [AetherRepositoryConnector-repo.maven.apache.org-2-4] INFO  o.e.m.c.i.e.AbstractTransferListenerAdapter - Downloading https://repo.maven.apache.org/maven2/org/springframework/spring-context-support/3.1.1.RELEASE/spring-context-support-3.1.1.RELEASE.jar
2026-04-02 10:22:22,614 [AetherRepositoryConnector-repo.maven.apache.org-1-2] INFO  o.e.m.c.i.e.AbstractTransferListenerAdapter - Downloading https://repo.maven.apache.org/maven2/org/slf4j/slf4j-api/1.6.6/slf4j-api-1.6.6.jar
2026-04-02 10:22:22,614 [AetherRepositoryConnector-repo.maven.apache.org-1-3] INFO  o.e.m.c.i.e.AbstractTransferListenerAdapter - Downloading https://repo.maven.apache.org/maven2/org/slf4j/jcl-over-slf4j/1.6.6/jcl-over-slf4j-1.6.6.jar
2026-04-02 10:22:22,614 [AetherRepositoryConnector-repo.maven.apache.org-1-1] INFO  o.e.m.c.i.e.AbstractTransferListenerAdapter - Downloading https://repo.maven.apache.org/maven2/org/slf4j/slf4j-log4j12/1.6.6/slf4j-log4j12-1.6.6.jar
2026-04-02 10:22:22,614 [AetherRepositoryConnector-repo.maven.apache.org-1-4] INFO  o.e.m.c.i.e.AbstractTransferListenerAdapter - Downloaded https://repo.maven.apache.org/maven2/org/springframework/spring-web/3.1.1.RELEASE/spring-web-3.1.1.RELEASE.jar
2026-04-02 10:22:22,619 [AetherRepositoryConnector-repo.maven.apache.org-2-1] INFO  o.e.m.c.i.e.AbstractTransferListenerAdapter - Downloaded https://repo.maven.apache.org/maven2/org/springframework/spring-expression/3.1.1.RELEASE/spring-expression-3.1.1.RELEASE.jar
2026-04-02 10:22:22,619 [AetherRepositoryConnector-repo.maven.apache.org-2-2] INFO  o.e.m.c.i.e.AbstractTransferListenerAdapter - Downloaded https://repo.maven.apache.org/maven2/org/springframework/spring-asm/3.1.1.RELEASE/spring-asm-3.1.1.RELEASE.jar
2026-04-02 10:22:22,619 [AetherRepositoryConnector-repo.maven.apache.org-1-0] INFO  o.e.m.c.i.e.AbstractTransferListenerAdapter - Downloaded https://repo.maven.apache.org/maven2/org/aspectj/aspectjrt/1.6.10/aspectjrt-1.6.10.jar
2026-04-02 10:22:22,619 [AetherRepositoryConnector-repo.maven.apache.org-2-0] INFO  o.e.m.c.i.e.AbstractTransferListenerAdapter - Downloaded https://repo.maven.apache.org/maven2/org/springframework/spring-webmvc/3.1.1.RELEASE/spring-webmvc-3.1.1.RELEASE.jar
2026-04-02 10:22:22,619 [AetherRepositoryConnector-repo.maven.apache.org-2-4] INFO  o.e.m.c.i.e.AbstractTransferListenerAdapter - Downloaded https://repo.maven.apache.org/maven2/org/springframework/spring-context-support/3.1.1.RELEASE/spring-context-support-3.1.1.RELEASE.jar
2026-04-02 10:22:22,619 [AetherRepositoryConnector-repo.maven.apache.org-1-2] INFO  o.e.m.c.i.e.AbstractTransferListenerAdapter - Downloaded https://repo.maven.apache.org/maven2/org/slf4j/slf4j-api/1.6.6/slf4j-api-1.6.6.jar
2026-04-02 10:22:22,619 [AetherRepositoryConnector-repo.maven.apache.org-1-3] INFO  o.e.m.c.i.e.AbstractTransferListenerAdapter - Downloaded https://repo.maven.apache.org/maven2/org/slf4j/jcl-over-slf4j/1.6.6/jcl-over-slf4j-1.6.6.jar
2026-04-02 10:22:22,630 [AetherRepositoryConnector-repo.maven.apache.org-1-4] INFO  o.e.m.c.i.e.AbstractTransferListenerAdapter - Downloading https://repo.maven.apache.org/maven2/log4j/log4j/1.2.15/log4j-1.2.15.jar
2026-04-02 10:22:22,630 [AetherRepositoryConnector-repo.maven.apache.org-1-1] INFO  o.e.m.c.i.e.AbstractTransferListenerAdapter - Downloaded https://repo.maven.apache.org/maven2/org/slf4j/slf4j-log4j12/1.6.6/slf4j-log4j12-1.6.6.jar
2026-04-02 10:22:22,630 [AetherRepositoryConnector-repo.maven.apache.org-2-3] INFO  o.e.m.c.i.e.AbstractTransferListenerAdapter - Downloaded https://repo.maven.apache.org/maven2/org/springframework/spring-web/3.1.1.RELEASE/spring-web-3.1.1.RELEASE.jar
2026-04-02 10:22:22,630 [AetherRepositoryConnector-repo.maven.apache.org-2-2] INFO  o.e.m.c.i.e.AbstractTransferListenerAdapter - Downloading https://repo.maven.apache.org/maven2/org/slf4j/slf4j-api/1.6.6/slf4j-api-1.6.6.jar
2026-04-02 10:22:22,630 [AetherRepositoryConnector-repo.maven.apache.org-2-1] INFO  o.e.m.c.i.e.AbstractTransferListenerAdapter - Downloading https://repo.maven.apache.org/maven2/org/aspectj/aspectjrt/1.6.10/aspectjrt-1.6.10.jar
2026-04-02 10:22:22,630 [AetherRepositoryConnector-repo.maven.apache.org-2-0] INFO  o.e.m.c.i.e.AbstractTransferListenerAdapter - Downloading https://repo.maven.apache.org/maven2/org/slf4j/jcl-over-slf4j/1.6.6/jcl-over-slf4j-1.6.6.jar
2026-04-02 10:22:22,630 [AetherRepositoryConnector-repo.maven.apache.org-1-0] INFO  o.e.m.c.i.e.AbstractTransferListenerAdapter - Downloading https://repo.maven.apache.org/maven2/javax/inject/javax.inject/1/javax.inject-1.jar
2026-04-02 10:22:22,630 [AetherRepositoryConnector-repo.maven.apache.org-1-2] INFO  o.e.m.c.i.e.AbstractTransferListenerAdapter - Downloading https://repo.maven.apache.org/maven2/javax/servlet/servlet-api/2.5/servlet-api-2.5.jar
2026-04-02 10:22:22,630 [AetherRepositoryConnector-repo.maven.apache.org-1-3] INFO  o.e.m.c.i.e.AbstractTransferListenerAdapter - Downloading https://repo.maven.apache.org/maven2/javax/servlet/jsp/jsp-api/2.1/jsp-api-2.1.jar
2026-04-02 10:22:22,630 [AetherRepositoryConnector-repo.maven.apache.org-1-1] INFO  o.e.m.c.i.e.AbstractTransferListenerAdapter - Downloading https://repo.maven.apache.org/maven2/javax/servlet/jstl/1.2/jstl-1.2.jar
2026-04-02 10:22:22,630 [AetherRepositoryConnector-repo.maven.apache.org-2-4] INFO  o.e.m.c.i.e.AbstractTransferListenerAdapter - Downloading https://repo.maven.apache.org/maven2/org/slf4j/slf4j-log4j12/1.6.6/slf4j-log4j12-1.6.6.jar
2026-04-02 10:22:22,630 [AetherRepositoryConnector-repo.maven.apache.org-2-3] INFO  o.e.m.c.i.e.AbstractTransferListenerAdapter - Downloading https://repo.maven.apache.org/maven2/log4j/log4j/1.2.15/log4j-1.2.15.jar
2026-04-02 10:22:22,645 [AetherRepositoryConnector-repo.maven.apache.org-1-4] INFO  o.e.m.c.i.e.AbstractTransferListenerAdapter - Downloaded https://repo.maven.apache.org/maven2/log4j/log4j/1.2.15/log4j-1.2.15.jar
2026-04-02 10:22:22,651 [AetherRepositoryConnector-repo.maven.apache.org-1-0] INFO  o.e.m.c.i.e.AbstractTransferListenerAdapter - Downloaded https://repo.maven.apache.org/maven2/javax/inject/javax.inject/1/javax.inject-1.jar
2026-04-02 10:22:22,651 [AetherRepositoryConnector-repo.maven.apache.org-2-2] INFO  o.e.m.c.i.e.AbstractTransferListenerAdapter - Downloaded https://repo.maven.apache.org/maven2/org/slf4j/slf4j-api/1.6.6/slf4j-api-1.6.6.jar
2026-04-02 10:22:22,651 [AetherRepositoryConnector-repo.maven.apache.org-1-2] INFO  o.e.m.c.i.e.AbstractTransferListenerAdapter - Downloaded https://repo.maven.apache.org/maven2/javax/servlet/servlet-api/2.5/servlet-api-2.5.jar
2026-04-02 10:22:22,651 [AetherRepositoryConnector-repo.maven.apache.org-1-3] INFO  o.e.m.c.i.e.AbstractTransferListenerAdapter - Downloaded https://repo.maven.apache.org/maven2/javax/servlet/jsp/jsp-api/2.1/jsp-api-2.1.jar
2026-04-02 10:22:22,651 [AetherRepositoryConnector-repo.maven.apache.org-2-1] INFO  o.e.m.c.i.e.AbstractTransferListenerAdapter - Downloaded https://repo.maven.apache.org/maven2/org/aspectj/aspectjrt/1.6.10/aspectjrt-1.6.10.jar
2026-04-02 10:22:22,651 [AetherRepositoryConnector-repo.maven.apache.org-2-0] INFO  o.e.m.c.i.e.AbstractTransferListenerAdapter - Downloaded https://repo.maven.apache.org/maven2/org/slf4j/jcl-over-slf4j/1.6.6/jcl-over-slf4j-1.6.6.jar
2026-04-02 10:22:22,651 [AetherRepositoryConnector-repo.maven.apache.org-2-4] INFO  o.e.m.c.i.e.AbstractTransferListenerAdapter - Downloaded https://repo.maven.apache.org/maven2/org/slf4j/slf4j-log4j12/1.6.6/slf4j-log4j12-1.6.6.jar
2026-04-02 10:22:22,651 [AetherRepositoryConnector-repo.maven.apache.org-1-4] INFO  o.e.m.c.i.e.AbstractTransferListenerAdapter - Downloading https://repo.maven.apache.org/maven2/junit/junit/4.7/junit-4.7.jar
2026-04-02 10:22:22,661 [AetherRepositoryConnector-repo.maven.apache.org-1-1] INFO  o.e.m.c.i.e.AbstractTransferListenerAdapter - Downloaded https://repo.maven.apache.org/maven2/javax/servlet/jstl/1.2/jstl-1.2.jar
2026-04-02 10:22:22,666 [AetherRepositoryConnector-repo.maven.apache.org-2-3] INFO  o.e.m.c.i.e.AbstractTransferListenerAdapter - Downloaded https://repo.maven.apache.org/maven2/log4j/log4j/1.2.15/log4j-1.2.15.jar
2026-04-02 10:22:22,666 [AetherRepositoryConnector-repo.maven.apache.org-2-1] INFO  o.e.m.c.i.e.AbstractTransferListenerAdapter - Downloading https://repo.maven.apache.org/maven2/javax/servlet/servlet-api/2.5/servlet-api-2.5.jar
2026-04-02 10:22:22,666 [AetherRepositoryConnector-repo.maven.apache.org-2-2] INFO  o.e.m.c.i.e.AbstractTransferListenerAdapter - Downloading https://repo.maven.apache.org/maven2/javax/inject/javax.inject/1/javax.inject-1.jar
2026-04-02 10:22:22,666 [AetherRepositoryConnector-repo.maven.apache.org-2-0] INFO  o.e.m.c.i.e.AbstractTransferListenerAdapter - Downloading https://repo.maven.apache.org/maven2/javax/servlet/jsp/jsp-api/2.1/jsp-api-2.1.jar
2026-04-02 10:22:22,666 [AetherRepositoryConnector-repo.maven.apache.org-2-4] INFO  o.e.m.c.i.e.AbstractTransferListenerAdapter - Downloading https://repo.maven.apache.org/maven2/javax/servlet/jstl/1.2/jstl-1.2.jar
2026-04-02 10:22:22,666 [AetherRepositoryConnector-repo.maven.apache.org-2-3] INFO  o.e.m.c.i.e.AbstractTransferListenerAdapter - Downloading https://repo.maven.apache.org/maven2/junit/junit/4.7/junit-4.7.jar
2026-04-02 10:22:22,681 [AetherRepositoryConnector-repo.maven.apache.org-1-4] INFO  o.e.m.c.i.e.AbstractTransferListenerAdapter - Downloaded https://repo.maven.apache.org/maven2/junit/junit/4.7/junit-4.7.jar
2026-04-02 10:22:22,681 [AetherRepositoryConnector-repo.maven.apache.org-2-2] INFO  o.e.m.c.i.e.AbstractTransferListenerAdapter - Downloaded https://repo.maven.apache.org/maven2/javax/inject/javax.inject/1/javax.inject-1.jar
2026-04-02 10:22:22,681 [AetherRepositoryConnector-repo.maven.apache.org-2-1] INFO  o.e.m.c.i.e.AbstractTransferListenerAdapter - Downloaded https://repo.maven.apache.org/maven2/javax/servlet/servlet-api/2.5/servlet-api-2.5.jar
2026-04-02 10:22:22,689 [AetherRepositoryConnector-repo.maven.apache.org-2-0] INFO  o.e.m.c.i.e.AbstractTransferListenerAdapter - Downloaded https://repo.maven.apache.org/maven2/javax/servlet/jsp/jsp-api/2.1/jsp-api-2.1.jar
2026-04-02 10:22:22,699 [AetherRepositoryConnector-repo.maven.apache.org-2-4] INFO  o.e.m.c.i.e.AbstractTransferListenerAdapter - Downloaded https://repo.maven.apache.org/maven2/javax/servlet/jstl/1.2/jstl-1.2.jar
2026-04-02 10:22:22,704 [AetherRepositoryConnector-repo.maven.apache.org-2-3] INFO  o.e.m.c.i.e.AbstractTransferListenerAdapter - Downloaded https://repo.maven.apache.org/maven2/junit/junit/4.7/junit-4.7.jar
2026-04-02 10:22:24,642 [Worker-18: Building workspace] INFO  o.e.m.c.i.e.AbstractTransferListenerAdapter - Downloaded https://repo.maven.apache.org/maven2/org/apache/maven/plugins/maven-eclipse-plugin/2.9/maven-eclipse-plugin-2.9.pom
2026-04-02 10:22:24,665 [Worker-18: Building workspace] INFO  o.e.m.c.i.e.AbstractTransferListenerAdapter - Downloading https://repo.maven.apache.org/maven2/org/apache/maven/plugins/maven-eclipse-plugin/2.9/maven-eclipse-plugin-2.9.jar
2026-04-02 10:22:24,681 [Worker-18: Building workspace] INFO  o.e.m.c.i.e.AbstractTransferListenerAdapter - Downloaded https://repo.maven.apache.org/maven2/org/apache/maven/plugins/maven-eclipse-plugin/2.9/maven-eclipse-plugin-2.9.jar
2026-04-02 10:22:24,766 [Worker-18: Building workspace] INFO  o.e.m.c.i.e.AbstractTransferListenerAdapter - Downloaded https://repo.maven.apache.org/maven2/org/codehaus/mojo/exec-maven-plugin/1.2.1/exec-maven-plugin-1.2.1.pom
2026-04-02 10:22:24,799 [Worker-18: Building workspace] INFO  o.e.m.c.i.e.AbstractTransferListenerAdapter - Downloaded https://repo.maven.apache.org/maven2/org/codehaus/mojo/mojo-parent/28/mojo-parent-28.pom
2026-04-02 10:22:24,833 [Worker-18: Building workspace] INFO  o.e.m.c.i.e.AbstractTransferListenerAdapter - Downloaded https://repo.maven.apache.org/maven2/org/codehaus/codehaus-parent/3/codehaus-parent-3.pom
2026-04-02 10:22:24,850 [Worker-18: Building workspace] INFO  o.e.m.c.i.e.AbstractTransferListenerAdapter - Downloading https://repo.maven.apache.org/maven2/org/codehaus/mojo/exec-maven-plugin/1.2.1/exec-maven-plugin-1.2.1.jar
2026-04-02 10:22:24,866 [Worker-18: Building workspace] INFO  o.e.m.c.i.e.AbstractTransferListenerAdapter - Downloaded https://repo.maven.apache.org/maven2/org/codehaus/mojo/exec-maven-plugin/1.2.1/exec-maven-plugin-1.2.1.jar
2026-04-02 10:22:25,067 [Worker-18: Building workspace] INFO  o.e.m.c.i.e.AbstractTransferListenerAdapter - Downloaded https://repo.maven.apache.org/maven2/org/apache/maven/plugins/maven-clean-plugin/2.5/maven-clean-plugin-2.5.pom
2026-04-02 10:22:25,100 [Worker-18: Building workspace] INFO  o.e.m.c.i.e.AbstractTransferListenerAdapter - Downloaded https://repo.maven.apache.org/maven2/org/apache/maven/plugins/maven-resources-plugin/2.6/maven-resources-plugin-2.6.pom
2026-04-02 10:22:25,132 [Worker-18: Building workspace] INFO  o.e.m.c.i.e.AbstractTransferListenerAdapter - Downloaded https://repo.maven.apache.org/maven2/org/apache/maven/plugins/maven-plugins/23/maven-plugins-23.pom
2026-04-02 10:22:25,169 [Worker-18: Building workspace] INFO  o.e.m.c.i.e.AbstractTransferListenerAdapter - Downloaded https://repo.maven.apache.org/maven2/org/apache/maven/maven-parent/22/maven-parent-22.pom
2026-04-02 10:22:25,200 [Worker-18: Building workspace] INFO  o.e.m.c.i.e.AbstractTransferListenerAdapter - Downloaded https://repo.maven.apache.org/maven2/org/apache/apache/11/apache-11.pom
2026-04-02 10:22:25,234 [Worker-18: Building workspace] INFO  o.e.m.c.i.e.AbstractTransferListenerAdapter - Downloaded https://repo.maven.apache.org/maven2/org/apache/maven/plugins/maven-war-plugin/2.2/maven-war-plugin-2.2.pom
2026-04-02 10:22:25,367 [Worker-18: Building workspace] INFO  o.e.m.c.i.e.AbstractTransferListenerAdapter - Downloaded https://repo.maven.apache.org/maven2/org/apache/maven/plugins/maven-surefire-plugin/2.12.4/maven-surefire-plugin-2.12.4.pom
2026-04-02 10:22:25,406 [Worker-18: Building workspace] INFO  o.e.m.c.i.e.AbstractTransferListenerAdapter - Downloaded https://repo.maven.apache.org/maven2/org/apache/maven/surefire/surefire/2.12.4/surefire-2.12.4.pom
2026-04-02 10:22:25,484 [Worker-18: Building workspace] INFO  o.e.m.c.i.e.AbstractTransferListenerAdapter - Downloaded https://repo.maven.apache.org/maven2/org/apache/maven/maven-archiver/2.5/maven-archiver-2.5.pom
2026-04-02 10:22:25,525 [Worker-18: Building workspace] INFO  o.e.m.c.i.e.AbstractTransferListenerAdapter - Downloaded https://repo.maven.apache.org/maven2/org/apache/maven/shared/maven-shared-components/17/maven-shared-components-17.pom
2026-04-02 10:22:25,556 [Worker-18: Building workspace] INFO  o.e.m.c.i.e.AbstractTransferListenerAdapter - Downloaded https://repo.maven.apache.org/maven2/org/codehaus/plexus/plexus-archiver/2.1/plexus-archiver-2.1.pom
2026-04-02 10:22:25,588 [Worker-18: Building workspace] INFO  o.e.m.c.i.e.AbstractTransferListenerAdapter - Downloaded https://repo.maven.apache.org/maven2/org/codehaus/plexus/plexus-io/2.0.2/plexus-io-2.0.2.pom
2026-04-02 10:22:25,622 [Worker-18: Building workspace] INFO  o.e.m.c.i.e.AbstractTransferListenerAdapter - Downloaded https://repo.maven.apache.org/maven2/org/codehaus/plexus/plexus-components/1.1.19/plexus-components-1.1.19.pom
2026-04-02 10:22:25,655 [Worker-18: Building workspace] INFO  o.e.m.c.i.e.AbstractTransferListenerAdapter - Downloaded https://repo.maven.apache.org/maven2/org/codehaus/plexus/plexus/3.0.1/plexus-3.0.1.pom
2026-04-02 10:22:25,689 [Worker-18: Building workspace] INFO  o.e.m.c.i.e.AbstractTransferListenerAdapter - Downloaded https://repo.maven.apache.org/maven2/org/codehaus/plexus/plexus-interpolation/1.15/plexus-interpolation-1.15.pom
2026-04-02 10:22:25,733 [Worker-18: Building workspace] INFO  o.e.m.c.i.e.AbstractTransferListenerAdapter - Downloaded https://repo.maven.apache.org/maven2/com/thoughtworks/xstream/xstream/1.3.1/xstream-1.3.1.pom
2026-04-02 10:22:25,772 [Worker-18: Building workspace] INFO  o.e.m.c.i.e.AbstractTransferListenerAdapter - Downloaded https://repo.maven.apache.org/maven2/com/thoughtworks/xstream/xstream-parent/1.3.1/xstream-parent-1.3.1.pom
2026-04-02 10:22:25,805 [Worker-18: Building workspace] INFO  o.e.m.c.i.e.AbstractTransferListenerAdapter - Downloaded https://repo.maven.apache.org/maven2/xpp3/xpp3_min/1.1.4c/xpp3_min-1.1.4c.pom
2026-04-02 10:22:25,839 [Worker-18: Building workspace] INFO  o.e.m.c.i.e.AbstractTransferListenerAdapter - Downloaded https://repo.maven.apache.org/maven2/org/apache/maven/shared/maven-filtering/1.0-beta-2/maven-filtering-1.0-beta-2.pom
2026-04-02 10:22:25,884 [Worker-18: Building workspace] INFO  o.e.m.c.i.e.AbstractTransferListenerAdapter - Downloaded https://repo.maven.apache.org/maven2/org/apache/maven/shared/maven-shared-components/10/maven-shared-components-10.pom
2026-04-02 10:22:25,920 [Worker-18: Building workspace] INFO  o.e.m.c.i.e.AbstractTransferListenerAdapter - Downloaded https://repo.maven.apache.org/maven2/org/apache/maven/maven-parent/9/maven-parent-9.pom
2026-04-02 10:22:25,954 [Worker-18: Building workspace] INFO  o.e.m.c.i.e.AbstractTransferListenerAdapter - Downloaded https://repo.maven.apache.org/maven2/org/codehaus/plexus/plexus-utils/1.5.6/plexus-utils-1.5.6.pom
2026-04-02 10:22:25,987 [Worker-18: Building workspace] INFO  o.e.m.c.i.e.AbstractTransferListenerAdapter - Downloaded https://repo.maven.apache.org/maven2/org/codehaus/plexus/plexus/1.0.12/plexus-1.0.12.pom
2026-04-02 10:22:26,017 [Worker-18: Building workspace] INFO  o.e.m.c.i.e.AbstractTransferListenerAdapter - Downloaded https://repo.maven.apache.org/maven2/org/codehaus/plexus/plexus-interpolation/1.6/plexus-interpolation-1.6.pom
2026-04-02 10:22:26,048 [AetherRepositoryConnector-repo.maven.apache.org-3-4] INFO  o.e.m.c.i.e.AbstractTransferListenerAdapter - Downloading https://repo.maven.apache.org/maven2/org/apache/maven/maven-profile/2.0.6/maven-profile-2.0.6.jar
2026-04-02 10:22:26,049 [AetherRepositoryConnector-repo.maven.apache.org-3-0] INFO  o.e.m.c.i.e.AbstractTransferListenerAdapter - Downloading https://repo.maven.apache.org/maven2/org/apache/maven/maven-plugin-api/2.0.6/maven-plugin-api-2.0.6.jar
2026-04-02 10:22:26,066 [AetherRepositoryConnector-repo.maven.apache.org-3-2] INFO  o.e.m.c.i.e.AbstractTransferListenerAdapter - Downloading https://repo.maven.apache.org/maven2/org/apache/maven/maven-model/2.0.6/maven-model-2.0.6.jar
2026-04-02 10:22:26,066 [AetherRepositoryConnector-repo.maven.apache.org-3-3] INFO  o.e.m.c.i.e.AbstractTransferListenerAdapter - Downloading https://repo.maven.apache.org/maven2/org/apache/maven/maven-project/2.0.6/maven-project-2.0.6.jar
2026-04-02 10:22:26,066 [AetherRepositoryConnector-repo.maven.apache.org-3-1] INFO  o.e.m.c.i.e.AbstractTransferListenerAdapter - Downloading https://repo.maven.apache.org/maven2/org/apache/maven/maven-artifact/2.0.6/maven-artifact-2.0.6.jar
2026-04-02 10:22:26,066 [AetherRepositoryConnector-repo.maven.apache.org-3-4] INFO  o.e.m.c.i.e.AbstractTransferListenerAdapter - Downloaded https://repo.maven.apache.org/maven2/org/apache/maven/maven-profile/2.0.6/maven-profile-2.0.6.jar
2026-04-02 10:22:26,066 [AetherRepositoryConnector-repo.maven.apache.org-3-0] INFO  o.e.m.c.i.e.AbstractTransferListenerAdapter - Downloaded https://repo.maven.apache.org/maven2/org/apache/maven/maven-plugin-api/2.0.6/maven-plugin-api-2.0.6.jar
2026-04-02 10:22:26,083 [AetherRepositoryConnector-repo.maven.apache.org-3-2] INFO  o.e.m.c.i.e.AbstractTransferListenerAdapter - Downloaded https://repo.maven.apache.org/maven2/org/apache/maven/maven-model/2.0.6/maven-model-2.0.6.jar
2026-04-02 10:22:26,083 [AetherRepositoryConnector-repo.maven.apache.org-3-3] INFO  o.e.m.c.i.e.AbstractTransferListenerAdapter - Downloaded https://repo.maven.apache.org/maven2/org/apache/maven/maven-project/2.0.6/maven-project-2.0.6.jar
2026-04-02 10:22:26,090 [AetherRepositoryConnector-repo.maven.apache.org-3-4] INFO  o.e.m.c.i.e.AbstractTransferListenerAdapter - Downloading https://repo.maven.apache.org/maven2/org/apache/maven/maven-artifact-manager/2.0.6/maven-artifact-manager-2.0.6.jar
2026-04-02 10:22:26,090 [AetherRepositoryConnector-repo.maven.apache.org-3-1] INFO  o.e.m.c.i.e.AbstractTransferListenerAdapter - Downloaded https://repo.maven.apache.org/maven2/org/apache/maven/maven-artifact/2.0.6/maven-artifact-2.0.6.jar
2026-04-02 10:22:26,090 [AetherRepositoryConnector-repo.maven.apache.org-3-0] INFO  o.e.m.c.i.e.AbstractTransferListenerAdapter - Downloading https://repo.maven.apache.org/maven2/org/apache/maven/maven-plugin-registry/2.0.6/maven-plugin-registry-2.0.6.jar
2026-04-02 10:22:26,099 [AetherRepositoryConnector-repo.maven.apache.org-3-2] INFO  o.e.m.c.i.e.AbstractTransferListenerAdapter - Downloading https://repo.maven.apache.org/maven2/org/apache/maven/maven-core/2.0.6/maven-core-2.0.6.jar
2026-04-02 10:22:26,099 [AetherRepositoryConnector-repo.maven.apache.org-3-3] INFO  o.e.m.c.i.e.AbstractTransferListenerAdapter - Downloading https://repo.maven.apache.org/maven2/org/apache/maven/maven-plugin-parameter-documenter/2.0.6/maven-plugin-parameter-documenter-2.0.6.jar
2026-04-02 10:22:26,099 [AetherRepositoryConnector-repo.maven.apache.org-3-1] INFO  o.e.m.c.i.e.AbstractTransferListenerAdapter - Downloading https://repo.maven.apache.org/maven2/org/apache/maven/reporting/maven-reporting-api/2.0.6/maven-reporting-api-2.0.6.jar
2026-04-02 10:22:26,099 [AetherRepositoryConnector-repo.maven.apache.org-3-4] INFO  o.e.m.c.i.e.AbstractTransferListenerAdapter - Downloaded https://repo.maven.apache.org/maven2/org/apache/maven/maven-artifact-manager/2.0.6/maven-artifact-manager-2.0.6.jar
2026-04-02 10:22:26,099 [AetherRepositoryConnector-repo.maven.apache.org-3-0] INFO  o.e.m.c.i.e.AbstractTransferListenerAdapter - Downloaded https://repo.maven.apache.org/maven2/org/apache/maven/maven-plugin-registry/2.0.6/maven-plugin-registry-2.0.6.jar
2026-04-02 10:22:26,117 [AetherRepositoryConnector-repo.maven.apache.org-3-2] INFO  o.e.m.c.i.e.AbstractTransferListenerAdapter - Downloaded https://repo.maven.apache.org/maven2/org/apache/maven/maven-core/2.0.6/maven-core-2.0.6.jar
2026-04-02 10:22:26,117 [AetherRepositoryConnector-repo.maven.apache.org-3-3] INFO  o.e.m.c.i.e.AbstractTransferListenerAdapter - Downloaded https://repo.maven.apache.org/maven2/org/apache/maven/maven-plugin-parameter-documenter/2.0.6/maven-plugin-parameter-documenter-2.0.6.jar
2026-04-02 10:22:26,117 [AetherRepositoryConnector-repo.maven.apache.org-3-1] INFO  o.e.m.c.i.e.AbstractTransferListenerAdapter - Downloaded https://repo.maven.apache.org/maven2/org/apache/maven/reporting/maven-reporting-api/2.0.6/maven-reporting-api-2.0.6.jar
2026-04-02 10:22:26,117 [AetherRepositoryConnector-repo.maven.apache.org-3-4] INFO  o.e.m.c.i.e.AbstractTransferListenerAdapter - Downloading https://repo.maven.apache.org/maven2/org/apache/maven/doxia/doxia-sink-api/1.0-alpha-7/doxia-sink-api-1.0-alpha-7.jar
2026-04-02 10:22:26,117 [AetherRepositoryConnector-repo.maven.apache.org-3-0] INFO  o.e.m.c.i.e.AbstractTransferListenerAdapter - Downloading https://repo.maven.apache.org/maven2/org/apache/maven/maven-repository-metadata/2.0.6/maven-repository-metadata-2.0.6.jar
2026-04-02 10:22:26,131 [AetherRepositoryConnector-repo.maven.apache.org-3-2] INFO  o.e.m.c.i.e.AbstractTransferListenerAdapter - Downloading https://repo.maven.apache.org/maven2/org/apache/maven/maven-error-diagnostics/2.0.6/maven-error-diagnostics-2.0.6.jar
2026-04-02 10:22:26,133 [AetherRepositoryConnector-repo.maven.apache.org-3-3] INFO  o.e.m.c.i.e.AbstractTransferListenerAdapter - Downloading https://repo.maven.apache.org/maven2/commons-cli/commons-cli/1.0/commons-cli-1.0.jar
2026-04-02 10:22:26,133 [AetherRepositoryConnector-repo.maven.apache.org-3-1] INFO  o.e.m.c.i.e.AbstractTransferListenerAdapter - Downloading https://repo.maven.apache.org/maven2/org/apache/maven/maven-plugin-descriptor/2.0.6/maven-plugin-descriptor-2.0.6.jar
2026-04-02 10:22:26,133 [AetherRepositoryConnector-repo.maven.apache.org-3-4] INFO  o.e.m.c.i.e.AbstractTransferListenerAdapter - Downloaded https://repo.maven.apache.org/maven2/org/apache/maven/doxia/doxia-sink-api/1.0-alpha-7/doxia-sink-api-1.0-alpha-7.jar
2026-04-02 10:22:26,133 [AetherRepositoryConnector-repo.maven.apache.org-3-0] INFO  o.e.m.c.i.e.AbstractTransferListenerAdapter - Downloaded https://repo.maven.apache.org/maven2/org/apache/maven/maven-repository-metadata/2.0.6/maven-repository-metadata-2.0.6.jar
2026-04-02 10:22:26,154 [AetherRepositoryConnector-repo.maven.apache.org-3-2] INFO  o.e.m.c.i.e.AbstractTransferListenerAdapter - Downloaded https://repo.maven.apache.org/maven2/org/apache/maven/maven-error-diagnostics/2.0.6/maven-error-diagnostics-2.0.6.jar
2026-04-02 10:22:26,154 [AetherRepositoryConnector-repo.maven.apache.org-3-4] INFO  o.e.m.c.i.e.AbstractTransferListenerAdapter - Downloading https://repo.maven.apache.org/maven2/org/codehaus/plexus/plexus-interactivity-api/1.0-alpha-4/plexus-interactivity-api-1.0-alpha-4.jar
2026-04-02 10:22:26,154 [AetherRepositoryConnector-repo.maven.apache.org-3-3] INFO  o.e.m.c.i.e.AbstractTransferListenerAdapter - Downloaded https://repo.maven.apache.org/maven2/commons-cli/commons-cli/1.0/commons-cli-1.0.jar
2026-04-02 10:22:26,154 [AetherRepositoryConnector-repo.maven.apache.org-3-1] INFO  o.e.m.c.i.e.AbstractTransferListenerAdapter - Downloaded https://repo.maven.apache.org/maven2/org/apache/maven/maven-plugin-descriptor/2.0.6/maven-plugin-descriptor-2.0.6.jar
2026-04-02 10:22:26,166 [AetherRepositoryConnector-repo.maven.apache.org-3-0] INFO  o.e.m.c.i.e.AbstractTransferListenerAdapter - Downloading https://repo.maven.apache.org/maven2/classworlds/classworlds/1.1/classworlds-1.1.jar
2026-04-02 10:22:26,166 [AetherRepositoryConnector-repo.maven.apache.org-3-2] INFO  o.e.m.c.i.e.AbstractTransferListenerAdapter - Downloading https://repo.maven.apache.org/maven2/org/apache/maven/maven-settings/2.0.6/maven-settings-2.0.6.jar
2026-04-02 10:22:26,166 [AetherRepositoryConnector-repo.maven.apache.org-3-3] INFO  o.e.m.c.i.e.AbstractTransferListenerAdapter - Downloading https://repo.maven.apache.org/maven2/org/apache/maven/maven-monitor/2.0.6/maven-monitor-2.0.6.jar
2026-04-02 10:22:26,183 [AetherRepositoryConnector-repo.maven.apache.org-3-1] INFO  o.e.m.c.i.e.AbstractTransferListenerAdapter - Downloading https://repo.maven.apache.org/maven2/org/apache/maven/maven-archiver/2.5/maven-archiver-2.5.jar
2026-04-02 10:22:26,183 [AetherRepositoryConnector-repo.maven.apache.org-3-0] INFO  o.e.m.c.i.e.AbstractTransferListenerAdapter - Downloaded https://repo.maven.apache.org/maven2/classworlds/classworlds/1.1/classworlds-1.1.jar
2026-04-02 10:22:26,183 [AetherRepositoryConnector-repo.maven.apache.org-3-4] INFO  o.e.m.c.i.e.AbstractTransferListenerAdapter - Downloaded https://repo.maven.apache.org/maven2/org/codehaus/plexus/plexus-interactivity-api/1.0-alpha-4/plexus-interactivity-api-1.0-alpha-4.jar
2026-04-02 10:22:26,183 [AetherRepositoryConnector-repo.maven.apache.org-3-2] INFO  o.e.m.c.i.e.AbstractTransferListenerAdapter - Downloaded https://repo.maven.apache.org/maven2/org/apache/maven/maven-settings/2.0.6/maven-settings-2.0.6.jar
2026-04-02 10:22:26,183 [AetherRepositoryConnector-repo.maven.apache.org-3-3] INFO  o.e.m.c.i.e.AbstractTransferListenerAdapter - Downloaded https://repo.maven.apache.org/maven2/org/apache/maven/maven-monitor/2.0.6/maven-monitor-2.0.6.jar
2026-04-02 10:22:26,199 [AetherRepositoryConnector-repo.maven.apache.org-3-4] INFO  o.e.m.c.i.e.AbstractTransferListenerAdapter - Downloading https://repo.maven.apache.org/maven2/org/codehaus/plexus/plexus-archiver/2.1/plexus-archiver-2.1.jar
2026-04-02 10:22:26,199 [AetherRepositoryConnector-repo.maven.apache.org-3-0] INFO  o.e.m.c.i.e.AbstractTransferListenerAdapter - Downloading https://repo.maven.apache.org/maven2/org/codehaus/plexus/plexus-io/2.0.2/plexus-io-2.0.2.jar
2026-04-02 10:22:26,199 [AetherRepositoryConnector-repo.maven.apache.org-3-2] INFO  o.e.m.c.i.e.AbstractTransferListenerAdapter - Downloading https://repo.maven.apache.org/maven2/org/codehaus/plexus/plexus-interpolation/1.15/plexus-interpolation-1.15.jar
2026-04-02 10:22:26,199 [AetherRepositoryConnector-repo.maven.apache.org-3-1] INFO  o.e.m.c.i.e.AbstractTransferListenerAdapter - Downloaded https://repo.maven.apache.org/maven2/org/apache/maven/maven-archiver/2.5/maven-archiver-2.5.jar
2026-04-02 10:22:26,199 [AetherRepositoryConnector-repo.maven.apache.org-3-3] INFO  o.e.m.c.i.e.AbstractTransferListenerAdapter - Downloading https://repo.maven.apache.org/maven2/com/thoughtworks/xstream/xstream/1.3.1/xstream-1.3.1.jar
2026-04-02 10:22:26,216 [AetherRepositoryConnector-repo.maven.apache.org-3-4] INFO  o.e.m.c.i.e.AbstractTransferListenerAdapter - Downloaded https://repo.maven.apache.org/maven2/org/codehaus/plexus/plexus-archiver/2.1/plexus-archiver-2.1.jar
2026-04-02 10:22:26,227 [AetherRepositoryConnector-repo.maven.apache.org-3-0] INFO  o.e.m.c.i.e.AbstractTransferListenerAdapter - Downloaded https://repo.maven.apache.org/maven2/org/codehaus/plexus/plexus-io/2.0.2/plexus-io-2.0.2.jar
2026-04-02 10:22:26,227 [AetherRepositoryConnector-repo.maven.apache.org-3-2] INFO  o.e.m.c.i.e.AbstractTransferListenerAdapter - Downloaded https://repo.maven.apache.org/maven2/org/codehaus/plexus/plexus-interpolation/1.15/plexus-interpolation-1.15.jar
2026-04-02 10:22:26,227 [AetherRepositoryConnector-repo.maven.apache.org-3-1] INFO  o.e.m.c.i.e.AbstractTransferListenerAdapter - Downloading https://repo.maven.apache.org/maven2/xpp3/xpp3_min/1.1.4c/xpp3_min-1.1.4c.jar
2026-04-02 10:22:26,234 [AetherRepositoryConnector-repo.maven.apache.org-3-3] INFO  o.e.m.c.i.e.AbstractTransferListenerAdapter - Downloaded https://repo.maven.apache.org/maven2/com/thoughtworks/xstream/xstream/1.3.1/xstream-1.3.1.jar
2026-04-02 10:22:26,234 [AetherRepositoryConnector-repo.maven.apache.org-3-4] INFO  o.e.m.c.i.e.AbstractTransferListenerAdapter - Downloading https://repo.maven.apache.org/maven2/org/apache/maven/shared/maven-filtering/1.0-beta-2/maven-filtering-1.0-beta-2.jar
2026-04-02 10:22:26,249 [AetherRepositoryConnector-repo.maven.apache.org-3-1] INFO  o.e.m.c.i.e.AbstractTransferListenerAdapter - Downloaded https://repo.maven.apache.org/maven2/xpp3/xpp3_min/1.1.4c/xpp3_min-1.1.4c.jar
2026-04-02 10:22:26,250 [AetherRepositoryConnector-repo.maven.apache.org-3-4] INFO  o.e.m.c.i.e.AbstractTransferListenerAdapter - Downloaded https://repo.maven.apache.org/maven2/org/apache/maven/shared/maven-filtering/1.0-beta-2/maven-filtering-1.0-beta-2.jar
2026-04-02 10:22:29,033 [Worker-18: Building workspace] INFO  o.e.m.c.i.e.AbstractTransferListenerAdapter - Downloaded https://repo.maven.apache.org/maven2/org/codehaus/plexus/plexus-utils/2.0.5/plexus-utils-2.0.5.pom
2026-04-02 10:22:29,083 [Worker-18: Building workspace] INFO  o.e.m.c.i.e.AbstractTransferListenerAdapter - Downloaded https://repo.maven.apache.org/maven2/org/codehaus/plexus/plexus/2.0.6/plexus-2.0.6.pom
2026-04-02 10:22:29,117 [Worker-18: Building workspace] INFO  o.e.m.c.i.e.AbstractTransferListenerAdapter - Downloaded https://repo.maven.apache.org/maven2/org/apache/maven/shared/maven-filtering/1.1/maven-filtering-1.1.pom
2026-04-02 10:22:29,150 [Worker-18: Building workspace] INFO  o.e.m.c.i.e.AbstractTransferListenerAdapter - Downloaded https://repo.maven.apache.org/maven2/org/codehaus/plexus/plexus-utils/1.5.15/plexus-utils-1.5.15.pom
2026-04-02 10:22:29,196 [Worker-18: Building workspace] INFO  o.e.m.c.i.e.AbstractTransferListenerAdapter - Downloaded https://repo.maven.apache.org/maven2/org/codehaus/plexus/plexus/2.0.2/plexus-2.0.2.pom
2026-04-02 10:22:29,228 [Worker-18: Building workspace] INFO  o.e.m.c.i.e.AbstractTransferListenerAdapter - Downloaded https://repo.maven.apache.org/maven2/org/codehaus/plexus/plexus-interpolation/1.12/plexus-interpolation-1.12.pom
2026-04-02 10:22:29,259 [Worker-18: Building workspace] INFO  o.e.m.c.i.e.AbstractTransferListenerAdapter - Downloaded https://repo.maven.apache.org/maven2/org/codehaus/plexus/plexus-components/1.1.14/plexus-components-1.1.14.pom
2026-04-02 10:22:29,307 [Worker-18: Building workspace] INFO  o.e.m.c.i.e.AbstractTransferListenerAdapter - Downloaded https://repo.maven.apache.org/maven2/org/sonatype/plexus/plexus-build-api/0.0.4/plexus-build-api-0.0.4.pom
2026-04-02 10:22:29,338 [Worker-18: Building workspace] INFO  o.e.m.c.i.e.AbstractTransferListenerAdapter - Downloaded https://repo.maven.apache.org/maven2/org/sonatype/spice/spice-parent/10/spice-parent-10.pom
2026-04-02 10:22:29,386 [Worker-18: Building workspace] INFO  o.e.m.c.i.e.AbstractTransferListenerAdapter - Downloaded https://repo.maven.apache.org/maven2/org/sonatype/forge/forge-parent/3/forge-parent-3.pom
2026-04-02 10:22:29,420 [Worker-18: Building workspace] INFO  o.e.m.c.i.e.AbstractTransferListenerAdapter - Downloaded https://repo.maven.apache.org/maven2/org/codehaus/plexus/plexus-utils/1.5.8/plexus-utils-1.5.8.pom
2026-04-02 10:22:29,467 [Worker-18: Building workspace] INFO  o.e.m.c.i.e.AbstractTransferListenerAdapter - Downloaded https://repo.maven.apache.org/maven2/org/codehaus/plexus/plexus-interpolation/1.13/plexus-interpolation-1.13.pom
2026-04-02 10:22:29,499 [Worker-18: Building workspace] INFO  o.e.m.c.i.e.AbstractTransferListenerAdapter - Downloaded https://repo.maven.apache.org/maven2/org/codehaus/plexus/plexus-components/1.1.15/plexus-components-1.1.15.pom
2026-04-02 10:22:29,547 [Worker-18: Building workspace] INFO  o.e.m.c.i.e.AbstractTransferListenerAdapter - Downloaded https://repo.maven.apache.org/maven2/org/codehaus/plexus/plexus/2.0.3/plexus-2.0.3.pom
2026-04-02 10:22:29,562 [AetherRepositoryConnector-repo.maven.apache.org-4-2] INFO  o.e.m.c.i.e.AbstractTransferListenerAdapter - Downloading https://repo.maven.apache.org/maven2/org/sonatype/plexus/plexus-build-api/0.0.4/plexus-build-api-0.0.4.jar
2026-04-02 10:22:29,562 [AetherRepositoryConnector-repo.maven.apache.org-4-1] INFO  o.e.m.c.i.e.AbstractTransferListenerAdapter - Downloading https://repo.maven.apache.org/maven2/org/apache/maven/shared/maven-filtering/1.1/maven-filtering-1.1.jar
2026-04-02 10:22:29,583 [AetherRepositoryConnector-repo.maven.apache.org-4-3] INFO  o.e.m.c.i.e.AbstractTransferListenerAdapter - Downloading https://repo.maven.apache.org/maven2/org/codehaus/plexus/plexus-interpolation/1.13/plexus-interpolation-1.13.jar
2026-04-02 10:22:29,583 [AetherRepositoryConnector-repo.maven.apache.org-4-0] INFO  o.e.m.c.i.e.AbstractTransferListenerAdapter - Downloading https://repo.maven.apache.org/maven2/org/codehaus/plexus/plexus-utils/2.0.5/plexus-utils-2.0.5.jar
2026-04-02 10:22:29,583 [AetherRepositoryConnector-repo.maven.apache.org-4-2] INFO  o.e.m.c.i.e.AbstractTransferListenerAdapter - Downloaded https://repo.maven.apache.org/maven2/org/sonatype/plexus/plexus-build-api/0.0.4/plexus-build-api-0.0.4.jar
2026-04-02 10:22:29,594 [AetherRepositoryConnector-repo.maven.apache.org-4-1] INFO  o.e.m.c.i.e.AbstractTransferListenerAdapter - Downloaded https://repo.maven.apache.org/maven2/org/apache/maven/shared/maven-filtering/1.1/maven-filtering-1.1.jar
2026-04-02 10:22:29,600 [AetherRepositoryConnector-repo.maven.apache.org-4-3] INFO  o.e.m.c.i.e.AbstractTransferListenerAdapter - Downloaded https://repo.maven.apache.org/maven2/org/codehaus/plexus/plexus-interpolation/1.13/plexus-interpolation-1.13.jar
2026-04-02 10:22:29,600 [AetherRepositoryConnector-repo.maven.apache.org-4-0] INFO  o.e.m.c.i.e.AbstractTransferListenerAdapter - Downloaded https://repo.maven.apache.org/maven2/org/codehaus/plexus/plexus-utils/2.0.5/plexus-utils-2.0.5.jar
2026-04-02 10:22:29,980 [Worker-18: Building workspace] WARN  o.e.m.c.i.embedder.EclipseLogger - Using platform encoding (MS949 actually) to copy filtered resources, i.e. build is platform dependent!
2026-04-02 10:22:29,983 [Worker-14: Download sources and javadoc] INFO  o.e.m.c.i.e.AbstractTransferListenerAdapter - Downloading https://repo.maven.apache.org/maven2/org/springframework/spring-context/3.1.1.RELEASE/spring-context-3.1.1.RELEASE-sources.jar
2026-04-02 10:22:29,984 [Worker-18: Building workspace] INFO  o.e.m.c.i.embedder.EclipseLogger - Copying 1 resource
2026-04-02 10:22:29,989 [Worker-18: Building workspace] WARN  o.e.m.c.i.embedder.EclipseLogger - Using platform encoding (MS949 actually) to copy filtered resources, i.e. build is platform dependent!
2026-04-02 10:22:29,990 [Worker-18: Building workspace] INFO  o.e.m.c.i.embedder.EclipseLogger - Copying 1 resource
2026-04-02 10:22:30,013 [Worker-14: Download sources and javadoc] INFO  o.e.m.c.i.e.AbstractTransferListenerAdapter - Downloaded https://repo.maven.apache.org/maven2/org/springframework/spring-context/3.1.1.RELEASE/spring-context-3.1.1.RELEASE-sources.jar
2026-04-02 10:22:30,161 [Worker-14: Download sources and javadoc] INFO  o.e.m.j.internal.DownloadSourcesJob - Downloaded sources for org.springframework:spring-context:3.1.1.RELEASE
2026-04-02 10:22:30,233 [Worker-14: Download sources and javadoc] INFO  o.e.m.c.i.e.AbstractTransferListenerAdapter - Downloading https://repo.maven.apache.org/maven2/org/springframework/spring-aop/3.1.1.RELEASE/spring-aop-3.1.1.RELEASE-sources.jar
2026-04-02 10:22:30,257 [Worker-14: Download sources and javadoc] INFO  o.e.m.c.i.e.AbstractTransferListenerAdapter - Downloaded https://repo.maven.apache.org/maven2/org/springframework/spring-aop/3.1.1.RELEASE/spring-aop-3.1.1.RELEASE-sources.jar
2026-04-02 10:22:30,316 [Worker-14: Download sources and javadoc] INFO  o.e.m.j.internal.DownloadSourcesJob - Downloaded sources for org.springframework:spring-aop:3.1.1.RELEASE
2026-04-02 10:22:30,391 [Worker-14: Download sources and javadoc] INFO  o.e.m.c.i.e.AbstractTransferListenerAdapter - Downloading https://repo.maven.apache.org/maven2/aopalliance/aopalliance/1.0/aopalliance-1.0-sources.jar
2026-04-02 10:22:30,413 [Worker-14: Download sources and javadoc] INFO  o.e.m.c.i.e.AbstractTransferListenerAdapter - Downloaded https://repo.maven.apache.org/maven2/aopalliance/aopalliance/1.0/aopalliance-1.0-sources.jar
2026-04-02 10:22:30,478 [Worker-14: Download sources and javadoc] INFO  o.e.m.j.internal.DownloadSourcesJob - Downloaded sources for aopalliance:aopalliance:1.0
2026-04-02 10:22:30,556 [Worker-14: Download sources and javadoc] INFO  o.e.m.c.i.e.AbstractTransferListenerAdapter - Downloading https://repo.maven.apache.org/maven2/org/springframework/spring-beans/3.1.1.RELEASE/spring-beans-3.1.1.RELEASE-sources.jar
2026-04-02 10:22:30,588 [Worker-14: Download sources and javadoc] INFO  o.e.m.c.i.e.AbstractTransferListenerAdapter - Downloaded https://repo.maven.apache.org/maven2/org/springframework/spring-beans/3.1.1.RELEASE/spring-beans-3.1.1.RELEASE-sources.jar
2026-04-02 10:22:30,649 [Worker-14: Download sources and javadoc] INFO  o.e.m.j.internal.DownloadSourcesJob - Downloaded sources for org.springframework:spring-beans:3.1.1.RELEASE
2026-04-02 10:22:30,712 [Worker-14: Download sources and javadoc] INFO  o.e.m.c.i.e.AbstractTransferListenerAdapter - Downloading https://repo.maven.apache.org/maven2/org/springframework/spring-core/3.1.1.RELEASE/spring-core-3.1.1.RELEASE-sources.jar
2026-04-02 10:22:30,752 [Worker-14: Download sources and javadoc] INFO  o.e.m.c.i.e.AbstractTransferListenerAdapter - Downloaded https://repo.maven.apache.org/maven2/org/springframework/spring-core/3.1.1.RELEASE/spring-core-3.1.1.RELEASE-sources.jar
2026-04-02 10:22:30,814 [Worker-14: Download sources and javadoc] INFO  o.e.m.j.internal.DownloadSourcesJob - Downloaded sources for org.springframework:spring-core:3.1.1.RELEASE
2026-04-02 10:22:30,897 [Worker-14: Download sources and javadoc] INFO  o.e.m.c.i.e.AbstractTransferListenerAdapter - Downloading https://repo.maven.apache.org/maven2/org/springframework/spring-expression/3.1.1.RELEASE/spring-expression-3.1.1.RELEASE-sources.jar
2026-04-02 10:22:30,919 [Worker-14: Download sources and javadoc] INFO  o.e.m.c.i.e.AbstractTransferListenerAdapter - Downloaded https://repo.maven.apache.org/maven2/org/springframework/spring-expression/3.1.1.RELEASE/spring-expression-3.1.1.RELEASE-sources.jar
2026-04-02 10:22:31,001 [Worker-14: Download sources and javadoc] INFO  o.e.m.j.internal.DownloadSourcesJob - Downloaded sources for org.springframework:spring-expression:3.1.1.RELEASE
2026-04-02 10:22:31,068 [Worker-14: Download sources and javadoc] INFO  o.e.m.c.i.e.AbstractTransferListenerAdapter - Downloading https://repo.maven.apache.org/maven2/org/springframework/spring-asm/3.1.1.RELEASE/spring-asm-3.1.1.RELEASE-sources.jar
2026-04-02 10:22:31,085 [Worker-14: Download sources and javadoc] INFO  o.e.m.c.i.e.AbstractTransferListenerAdapter - Downloaded https://repo.maven.apache.org/maven2/org/springframework/spring-asm/3.1.1.RELEASE/spring-asm-3.1.1.RELEASE-sources.jar
2026-04-02 10:22:31,157 [Worker-14: Download sources and javadoc] INFO  o.e.m.j.internal.DownloadSourcesJob - Downloaded sources for org.springframework:spring-asm:3.1.1.RELEASE
2026-04-02 10:22:31,228 [Worker-14: Download sources and javadoc] INFO  o.e.m.c.i.e.AbstractTransferListenerAdapter - Downloading https://repo.maven.apache.org/maven2/org/springframework/spring-webmvc/3.1.1.RELEASE/spring-webmvc-3.1.1.RELEASE-sources.jar
2026-04-02 10:22:31,255 [Worker-14: Download sources and javadoc] INFO  o.e.m.c.i.e.AbstractTransferListenerAdapter - Downloaded https://repo.maven.apache.org/maven2/org/springframework/spring-webmvc/3.1.1.RELEASE/spring-webmvc-3.1.1.RELEASE-sources.jar
2026-04-02 10:22:31,335 [Worker-14: Download sources and javadoc] INFO  o.e.m.j.internal.DownloadSourcesJob - Downloaded sources for org.springframework:spring-webmvc:3.1.1.RELEASE
2026-04-02 10:22:31,403 [Worker-14: Download sources and javadoc] INFO  o.e.m.c.i.e.AbstractTransferListenerAdapter - Downloading https://repo.maven.apache.org/maven2/org/springframework/spring-context-support/3.1.1.RELEASE/spring-context-support-3.1.1.RELEASE-sources.jar
2026-04-02 10:22:31,419 [Worker-14: Download sources and javadoc] INFO  o.e.m.c.i.e.AbstractTransferListenerAdapter - Downloaded https://repo.maven.apache.org/maven2/org/springframework/spring-context-support/3.1.1.RELEASE/spring-context-support-3.1.1.RELEASE-sources.jar
2026-04-02 10:22:31,491 [Worker-14: Download sources and javadoc] INFO  o.e.m.j.internal.DownloadSourcesJob - Downloaded sources for org.springframework:spring-context-support:3.1.1.RELEASE
2026-04-02 10:22:31,564 [Worker-14: Download sources and javadoc] INFO  o.e.m.c.i.e.AbstractTransferListenerAdapter - Downloading https://repo.maven.apache.org/maven2/org/springframework/spring-web/3.1.1.RELEASE/spring-web-3.1.1.RELEASE-sources.jar
2026-04-02 10:22:31,593 [Worker-14: Download sources and javadoc] INFO  o.e.m.c.i.e.AbstractTransferListenerAdapter - Downloaded https://repo.maven.apache.org/maven2/org/springframework/spring-web/3.1.1.RELEASE/spring-web-3.1.1.RELEASE-sources.jar
2026-04-02 10:22:31,757 [Worker-14: Download sources and javadoc] INFO  o.e.m.j.internal.DownloadSourcesJob - Downloaded sources for org.springframework:spring-web:3.1.1.RELEASE
2026-04-02 10:22:31,839 [Worker-14: Download sources and javadoc] INFO  o.e.m.c.i.e.AbstractTransferListenerAdapter - Downloading https://repo.maven.apache.org/maven2/org/aspectj/aspectjrt/1.6.10/aspectjrt-1.6.10-sources.jar
2026-04-02 10:22:31,860 [Worker-14: Download sources and javadoc] INFO  o.e.m.c.i.e.AbstractTransferListenerAdapter - Downloaded https://repo.maven.apache.org/maven2/org/aspectj/aspectjrt/1.6.10/aspectjrt-1.6.10-sources.jar
2026-04-02 10:22:31,932 [Worker-14: Download sources and javadoc] INFO  o.e.m.j.internal.DownloadSourcesJob - Downloaded sources for org.aspectj:aspectjrt:1.6.10
2026-04-02 10:22:32,029 [Worker-17: Updating Maven Dependencies] INFO  o.e.m.c.i.l.LifecycleMappingFactory - Using org.maven.ide.eclipse.wtp.WarLifecycleMapping lifecycle mapping for MavenProject: com.test:java:1.0.0-BUILD-SNAPSHOT @ C:\code\forGithub\spring\hello\pom.xml.
2026-04-02 10:22:32,059 [Worker-14: Download sources and javadoc] INFO  o.e.m.c.i.e.AbstractTransferListenerAdapter - Downloading https://repo.maven.apache.org/maven2/org/slf4j/slf4j-api/1.6.6/slf4j-api-1.6.6-sources.jar
2026-04-02 10:22:32,067 [Worker-14: Download sources and javadoc] INFO  o.e.m.c.i.e.AbstractTransferListenerAdapter - Downloaded https://repo.maven.apache.org/maven2/org/slf4j/slf4j-api/1.6.6/slf4j-api-1.6.6-sources.jar
2026-04-02 10:22:32,140 [Worker-14: Download sources and javadoc] INFO  o.e.m.j.internal.DownloadSourcesJob - Downloaded sources for org.slf4j:slf4j-api:1.6.6
2026-04-02 10:22:32,219 [Worker-14: Download sources and javadoc] INFO  o.e.m.c.i.e.AbstractTransferListenerAdapter - Downloading https://repo.maven.apache.org/maven2/org/slf4j/jcl-over-slf4j/1.6.6/jcl-over-slf4j-1.6.6-sources.jar
2026-04-02 10:22:32,240 [Worker-14: Download sources and javadoc] INFO  o.e.m.c.i.e.AbstractTransferListenerAdapter - Downloaded https://repo.maven.apache.org/maven2/org/slf4j/jcl-over-slf4j/1.6.6/jcl-over-slf4j-1.6.6-sources.jar
2026-04-02 10:22:32,301 [Worker-14: Download sources and javadoc] INFO  o.e.m.j.internal.DownloadSourcesJob - Downloaded sources for org.slf4j:jcl-over-slf4j:1.6.6
2026-04-02 10:22:32,366 [Worker-14: Download sources and javadoc] INFO  o.e.m.c.i.e.AbstractTransferListenerAdapter - Downloading https://repo.maven.apache.org/maven2/org/slf4j/slf4j-log4j12/1.6.6/slf4j-log4j12-1.6.6-sources.jar
2026-04-02 10:22:32,377 [Worker-14: Download sources and javadoc] INFO  o.e.m.c.i.e.AbstractTransferListenerAdapter - Downloaded https://repo.maven.apache.org/maven2/org/slf4j/slf4j-log4j12/1.6.6/slf4j-log4j12-1.6.6-sources.jar
2026-04-02 10:22:32,453 [Worker-14: Download sources and javadoc] INFO  o.e.m.j.internal.DownloadSourcesJob - Downloaded sources for org.slf4j:slf4j-log4j12:1.6.6
2026-04-02 10:22:32,533 [Worker-14: Download sources and javadoc] INFO  o.e.m.c.i.e.AbstractTransferListenerAdapter - Downloading https://repo.maven.apache.org/maven2/log4j/log4j/1.2.15/log4j-1.2.15-sources.jar
2026-04-02 10:22:32,565 [Worker-14: Download sources and javadoc] INFO  o.e.m.c.i.e.AbstractTransferListenerAdapter - Downloaded https://repo.maven.apache.org/maven2/log4j/log4j/1.2.15/log4j-1.2.15-sources.jar
2026-04-02 10:22:32,616 [Worker-14: Download sources and javadoc] INFO  o.e.m.j.internal.DownloadSourcesJob - Downloaded sources for log4j:log4j:1.2.15
2026-04-02 10:22:32,694 [Worker-14: Download sources and javadoc] INFO  o.e.m.c.i.e.AbstractTransferListenerAdapter - Downloading https://repo.maven.apache.org/maven2/javax/inject/javax.inject/1/javax.inject-1-sources.jar
2026-04-02 10:22:32,694 [Worker-14: Download sources and javadoc] INFO  o.e.m.c.i.e.AbstractTransferListenerAdapter - Downloaded https://repo.maven.apache.org/maven2/javax/inject/javax.inject/1/javax.inject-1-sources.jar
2026-04-02 10:22:32,777 [Worker-14: Download sources and javadoc] INFO  o.e.m.j.internal.DownloadSourcesJob - Downloaded sources for javax.inject:javax.inject:1
2026-04-02 10:22:32,873 [Worker-14: Download sources and javadoc] INFO  o.e.m.c.i.e.AbstractTransferListenerAdapter - Downloading https://repo.maven.apache.org/maven2/javax/servlet/servlet-api/2.5/servlet-api-2.5-sources.jar
2026-04-02 10:22:32,896 [Worker-14: Download sources and javadoc] INFO  o.e.m.c.i.e.AbstractTransferListenerAdapter - Downloaded https://repo.maven.apache.org/maven2/javax/servlet/servlet-api/2.5/servlet-api-2.5-sources.jar
2026-04-02 10:22:32,963 [Worker-14: Download sources and javadoc] INFO  o.e.m.j.internal.DownloadSourcesJob - Downloaded sources for javax.servlet:servlet-api:2.5
2026-04-02 10:22:33,031 [Worker-14: Download sources and javadoc] INFO  o.e.m.c.i.e.AbstractTransferListenerAdapter - Downloading https://repo.maven.apache.org/maven2/javax/servlet/jsp/jsp-api/2.1/jsp-api-2.1-sources.jar
2026-04-02 10:22:33,053 [Worker-14: Download sources and javadoc] INFO  o.e.m.c.i.e.AbstractTransferListenerAdapter - Downloaded https://repo.maven.apache.org/maven2/javax/servlet/jsp/jsp-api/2.1/jsp-api-2.1-sources.jar
2026-04-02 10:22:33,119 [Worker-14: Download sources and javadoc] INFO  o.e.m.j.internal.DownloadSourcesJob - Downloaded sources for javax.servlet.jsp:jsp-api:2.1
2026-04-02 10:22:33,196 [Worker-14: Download sources and javadoc] INFO  o.e.m.c.i.e.AbstractTransferListenerAdapter - Downloading https://repo.maven.apache.org/maven2/javax/servlet/jstl/1.2/jstl-1.2-sources.jar
2026-04-02 10:22:33,227 [Worker-14: Download sources and javadoc] INFO  o.e.m.c.i.e.AbstractTransferListenerAdapter - Downloaded https://repo.maven.apache.org/maven2/javax/servlet/jstl/1.2/jstl-1.2-sources.jar
2026-04-02 10:22:33,259 [Worker-15: Building] WARN  o.e.m.c.i.embedder.EclipseLogger - Using platform encoding (MS949 actually) to copy filtered resources, i.e. build is platform dependent!
2026-04-02 10:22:33,265 [Worker-15: Building] INFO  o.e.m.c.i.embedder.EclipseLogger - Copying 1 resource
2026-04-02 10:22:33,272 [Worker-15: Building] WARN  o.e.m.c.i.embedder.EclipseLogger - Using platform encoding (MS949 actually) to copy filtered resources, i.e. build is platform dependent!
2026-04-02 10:22:33,272 [Worker-15: Building] INFO  o.e.m.c.i.embedder.EclipseLogger - Copying 1 resource
2026-04-02 10:22:33,352 [Worker-14: Download sources and javadoc] INFO  o.e.m.j.internal.DownloadSourcesJob - Downloaded sources for javax.servlet:jstl:1.2
2026-04-02 10:22:33,422 [Worker-14: Download sources and javadoc] INFO  o.e.m.c.i.e.AbstractTransferListenerAdapter - Downloading https://repo.maven.apache.org/maven2/junit/junit/4.7/junit-4.7-sources.jar
2026-04-02 10:22:33,439 [Worker-14: Download sources and javadoc] INFO  o.e.m.c.i.e.AbstractTransferListenerAdapter - Downloaded https://repo.maven.apache.org/maven2/junit/junit/4.7/junit-4.7-sources.jar
2026-04-02 10:22:33,534 [Worker-14: Download sources and javadoc] INFO  o.e.m.j.internal.DownloadSourcesJob - Downloaded sources for junit:junit:4.7
2026-04-02 10:22:34,361 [Worker-14: Building] WARN  o.e.m.c.i.embedder.EclipseLogger - Using platform encoding (MS949 actually) to copy filtered resources, i.e. build is platform dependent!
2026-04-02 10:22:34,361 [Worker-14: Building] INFO  o.e.m.c.i.embedder.EclipseLogger - Copying 0 resource
2026-04-02 10:22:34,361 [Worker-14: Building] WARN  o.e.m.c.i.embedder.EclipseLogger - Using platform encoding (MS949 actually) to copy filtered resources, i.e. build is platform dependent!
2026-04-02 10:22:34,361 [Worker-14: Building] INFO  o.e.m.c.i.embedder.EclipseLogger - Copying 0 resource
2026-04-02 10:27:17,925 [Worker-22: Building] WARN  o.e.m.c.i.embedder.EclipseLogger - Using platform encoding (MS949 actually) to copy filtered resources, i.e. build is platform dependent!
2026-04-02 10:27:17,925 [Worker-22: Building] INFO  o.e.m.c.i.embedder.EclipseLogger - Copying 0 resource
2026-04-02 10:27:17,926 [Worker-22: Building] WARN  o.e.m.c.i.embedder.EclipseLogger - Using platform encoding (MS949 actually) to copy filtered resources, i.e. build is platform dependent!
2026-04-02 10:27:17,926 [Worker-22: Building] INFO  o.e.m.c.i.embedder.EclipseLogger - Copying 0 resource
2026-04-02 10:29:35,399 [Worker-5: Loading available Gradle versions] INFO  o.e.b.c.i.u.g.PublishedGradleVersions - Gradle version information cache is up-to-date. Trying to read.
2026-04-02 10:29:40,786 [Worker-3: Building] WARN  o.e.m.c.i.embedder.EclipseLogger - Using platform encoding (MS949 actually) to copy filtered resources, i.e. build is platform dependent!
2026-04-02 10:29:40,792 [Worker-3: Building] INFO  o.e.m.c.i.embedder.EclipseLogger - Copying 1 resource
2026-04-02 10:29:40,799 [Worker-3: Building] WARN  o.e.m.c.i.embedder.EclipseLogger - Using platform encoding (MS949 actually) to copy filtered resources, i.e. build is platform dependent!
2026-04-02 10:29:40,799 [Worker-3: Building] INFO  o.e.m.c.i.embedder.EclipseLogger - Copying 1 resource
2026-04-02 10:33:41,514 [Worker-17: Building workspace] INFO  o.e.m.c.i.l.LifecycleMappingFactory - Using org.maven.ide.eclipse.wtp.WarLifecycleMapping lifecycle mapping for MavenProject: com.test:java:1.0.0-BUILD-SNAPSHOT @ C:\code\forGithub\spring\BasicTest\pom.xml.
2026-04-02 10:33:41,895 [Worker-17: Building workspace] WARN  o.e.m.c.i.embedder.EclipseLogger - Using platform encoding (MS949 actually) to copy filtered resources, i.e. build is platform dependent!
2026-04-02 10:33:41,896 [Worker-17: Building workspace] INFO  o.e.m.c.i.embedder.EclipseLogger - Copying 1 resource
2026-04-02 10:33:41,906 [Worker-17: Building workspace] WARN  o.e.m.c.i.embedder.EclipseLogger - Using platform encoding (MS949 actually) to copy filtered resources, i.e. build is platform dependent!
2026-04-02 10:33:41,907 [Worker-17: Building workspace] INFO  o.e.m.c.i.embedder.EclipseLogger - Copying 1 resource
2026-04-02 10:33:42,884 [Worker-19: Building] WARN  o.e.m.c.i.embedder.EclipseLogger - Using platform encoding (MS949 actually) to copy filtered resources, i.e. build is platform dependent!
2026-04-02 10:33:42,888 [Worker-19: Building] INFO  o.e.m.c.i.embedder.EclipseLogger - Copying 1 resource
2026-04-02 10:33:42,890 [Worker-19: Building] WARN  o.e.m.c.i.embedder.EclipseLogger - Using platform encoding (MS949 actually) to copy filtered resources, i.e. build is platform dependent!
2026-04-02 10:33:42,891 [Worker-19: Building] INFO  o.e.m.c.i.embedder.EclipseLogger - Copying 1 resource
2026-04-02 10:38:51,028 [Worker-19: Building] WARN  o.e.m.c.i.embedder.EclipseLogger - Using platform encoding (MS949 actually) to copy filtered resources, i.e. build is platform dependent!
2026-04-02 10:38:51,029 [Worker-19: Building] INFO  o.e.m.c.i.embedder.EclipseLogger - Copying 0 resource
2026-04-02 10:38:51,029 [Worker-19: Building] WARN  o.e.m.c.i.embedder.EclipseLogger - Using platform encoding (MS949 actually) to copy filtered resources, i.e. build is platform dependent!
2026-04-02 10:38:51,030 [Worker-19: Building] INFO  o.e.m.c.i.embedder.EclipseLogger - Copying 0 resource
2026-04-02 10:38:56,887 [Worker-19: Building] WARN  o.e.m.c.i.embedder.EclipseLogger - Using platform encoding (MS949 actually) to copy filtered resources, i.e. build is platform dependent!
2026-04-02 10:38:56,888 [Worker-19: Building] INFO  o.e.m.c.i.embedder.EclipseLogger - Copying 0 resource
2026-04-02 10:38:56,889 [Worker-19: Building] WARN  o.e.m.c.i.embedder.EclipseLogger - Using platform encoding (MS949 actually) to copy filtered resources, i.e. build is platform dependent!
2026-04-02 10:38:56,889 [Worker-19: Building] INFO  o.e.m.c.i.embedder.EclipseLogger - Copying 0 resource
2026-04-02 10:42:17,833 [Worker-26: Building] INFO  o.e.m.c.i.l.LifecycleMappingFactory - Using org.maven.ide.eclipse.wtp.WarLifecycleMapping lifecycle mapping for MavenProject: com.test:java:1.0.0-BUILD-SNAPSHOT @ C:\code\forGithub\spring\BasicTest\pom.xml.
2026-04-02 10:42:18,013 [Worker-26: Building] INFO  o.e.m.c.i.e.AbstractTransferListenerAdapter - Downloaded https://repo.maven.apache.org/maven2/org/springframework/spring-context/5.0.7.RELEASE/spring-context-5.0.7.RELEASE.pom
2026-04-02 10:42:18,053 [Worker-26: Building] INFO  o.e.m.c.i.e.AbstractTransferListenerAdapter - Downloaded https://repo.maven.apache.org/maven2/org/springframework/spring-aop/5.0.7.RELEASE/spring-aop-5.0.7.RELEASE.pom
2026-04-02 10:42:18,089 [Worker-26: Building] INFO  o.e.m.c.i.e.AbstractTransferListenerAdapter - Downloaded https://repo.maven.apache.org/maven2/org/springframework/spring-beans/5.0.7.RELEASE/spring-beans-5.0.7.RELEASE.pom
2026-04-02 10:42:18,119 [Worker-26: Building] INFO  o.e.m.c.i.e.AbstractTransferListenerAdapter - Downloaded https://repo.maven.apache.org/maven2/org/springframework/spring-core/5.0.7.RELEASE/spring-core-5.0.7.RELEASE.pom
2026-04-02 10:42:18,154 [Worker-26: Building] INFO  o.e.m.c.i.e.AbstractTransferListenerAdapter - Downloaded https://repo.maven.apache.org/maven2/org/springframework/spring-jcl/5.0.7.RELEASE/spring-jcl-5.0.7.RELEASE.pom
2026-04-02 10:42:18,193 [Worker-26: Building] INFO  o.e.m.c.i.e.AbstractTransferListenerAdapter - Downloaded https://repo.maven.apache.org/maven2/org/springframework/spring-expression/5.0.7.RELEASE/spring-expression-5.0.7.RELEASE.pom
2026-04-02 10:42:18,232 [Worker-26: Building] INFO  o.e.m.c.i.e.AbstractTransferListenerAdapter - Downloaded https://repo.maven.apache.org/maven2/org/springframework/spring-webmvc/5.0.7.RELEASE/spring-webmvc-5.0.7.RELEASE.pom
2026-04-02 10:42:18,265 [Worker-26: Building] INFO  o.e.m.c.i.e.AbstractTransferListenerAdapter - Downloaded https://repo.maven.apache.org/maven2/org/springframework/spring-web/5.0.7.RELEASE/spring-web-5.0.7.RELEASE.pom
2026-04-02 10:42:18,292 [AetherRepositoryConnector-repo.maven.apache.org-0-1] INFO  o.e.m.c.i.e.AbstractTransferListenerAdapter - Downloading https://repo.maven.apache.org/maven2/org/springframework/spring-aop/5.0.7.RELEASE/spring-aop-5.0.7.RELEASE.jar
2026-04-02 10:42:18,303 [AetherRepositoryConnector-repo.maven.apache.org-0-2] INFO  o.e.m.c.i.e.AbstractTransferListenerAdapter - Downloading https://repo.maven.apache.org/maven2/org/springframework/spring-beans/5.0.7.RELEASE/spring-beans-5.0.7.RELEASE.jar
2026-04-02 10:42:18,307 [AetherRepositoryConnector-repo.maven.apache.org-0-3] INFO  o.e.m.c.i.e.AbstractTransferListenerAdapter - Downloading https://repo.maven.apache.org/maven2/org/springframework/spring-core/5.0.7.RELEASE/spring-core-5.0.7.RELEASE.jar
2026-04-02 10:42:18,309 [AetherRepositoryConnector-repo.maven.apache.org-0-4] INFO  o.e.m.c.i.e.AbstractTransferListenerAdapter - Downloading https://repo.maven.apache.org/maven2/org/springframework/spring-jcl/5.0.7.RELEASE/spring-jcl-5.0.7.RELEASE.jar
2026-04-02 10:42:18,310 [AetherRepositoryConnector-repo.maven.apache.org-0-0] INFO  o.e.m.c.i.e.AbstractTransferListenerAdapter - Downloading https://repo.maven.apache.org/maven2/org/springframework/spring-context/5.0.7.RELEASE/spring-context-5.0.7.RELEASE.jar
2026-04-02 10:42:18,332 [AetherRepositoryConnector-repo.maven.apache.org-0-1] INFO  o.e.m.c.i.e.AbstractTransferListenerAdapter - Downloaded https://repo.maven.apache.org/maven2/org/springframework/spring-aop/5.0.7.RELEASE/spring-aop-5.0.7.RELEASE.jar
2026-04-02 10:42:18,336 [AetherRepositoryConnector-repo.maven.apache.org-0-4] INFO  o.e.m.c.i.e.AbstractTransferListenerAdapter - Downloaded https://repo.maven.apache.org/maven2/org/springframework/spring-jcl/5.0.7.RELEASE/spring-jcl-5.0.7.RELEASE.jar
2026-04-02 10:42:18,336 [AetherRepositoryConnector-repo.maven.apache.org-0-2] INFO  o.e.m.c.i.e.AbstractTransferListenerAdapter - Downloaded https://repo.maven.apache.org/maven2/org/springframework/spring-beans/5.0.7.RELEASE/spring-beans-5.0.7.RELEASE.jar
2026-04-02 10:42:18,345 [AetherRepositoryConnector-repo.maven.apache.org-0-1] INFO  o.e.m.c.i.e.AbstractTransferListenerAdapter - Downloading https://repo.maven.apache.org/maven2/org/springframework/spring-expression/5.0.7.RELEASE/spring-expression-5.0.7.RELEASE.jar
2026-04-02 10:42:18,358 [AetherRepositoryConnector-repo.maven.apache.org-0-2] INFO  o.e.m.c.i.e.AbstractTransferListenerAdapter - Downloading https://repo.maven.apache.org/maven2/org/springframework/spring-web/5.0.7.RELEASE/spring-web-5.0.7.RELEASE.jar
2026-04-02 10:42:18,361 [AetherRepositoryConnector-repo.maven.apache.org-0-4] INFO  o.e.m.c.i.e.AbstractTransferListenerAdapter - Downloading https://repo.maven.apache.org/maven2/org/springframework/spring-webmvc/5.0.7.RELEASE/spring-webmvc-5.0.7.RELEASE.jar
2026-04-02 10:42:18,367 [AetherRepositoryConnector-repo.maven.apache.org-0-3] INFO  o.e.m.c.i.e.AbstractTransferListenerAdapter - Downloaded https://repo.maven.apache.org/maven2/org/springframework/spring-core/5.0.7.RELEASE/spring-core-5.0.7.RELEASE.jar
2026-04-02 10:42:18,371 [AetherRepositoryConnector-repo.maven.apache.org-0-0] INFO  o.e.m.c.i.e.AbstractTransferListenerAdapter - Downloaded https://repo.maven.apache.org/maven2/org/springframework/spring-context/5.0.7.RELEASE/spring-context-5.0.7.RELEASE.jar
2026-04-02 10:42:18,377 [AetherRepositoryConnector-repo.maven.apache.org-0-1] INFO  o.e.m.c.i.e.AbstractTransferListenerAdapter - Downloaded https://repo.maven.apache.org/maven2/org/springframework/spring-expression/5.0.7.RELEASE/spring-expression-5.0.7.RELEASE.jar
2026-04-02 10:42:18,398 [AetherRepositoryConnector-repo.maven.apache.org-0-4] INFO  o.e.m.c.i.e.AbstractTransferListenerAdapter - Downloaded https://repo.maven.apache.org/maven2/org/springframework/spring-webmvc/5.0.7.RELEASE/spring-webmvc-5.0.7.RELEASE.jar
2026-04-02 10:42:18,411 [AetherRepositoryConnector-repo.maven.apache.org-0-2] INFO  o.e.m.c.i.e.AbstractTransferListenerAdapter - Downloaded https://repo.maven.apache.org/maven2/org/springframework/spring-web/5.0.7.RELEASE/spring-web-5.0.7.RELEASE.jar
2026-04-02 10:42:19,027 [Worker-26: Building] WARN  o.e.m.c.i.embedder.EclipseLogger - Using platform encoding (MS949 actually) to copy filtered resources, i.e. build is platform dependent!
2026-04-02 10:42:19,027 [Worker-26: Building] INFO  o.e.m.c.i.embedder.EclipseLogger - Copying 0 resource
2026-04-02 10:42:19,028 [Worker-26: Building] WARN  o.e.m.c.i.embedder.EclipseLogger - Using platform encoding (MS949 actually) to copy filtered resources, i.e. build is platform dependent!
2026-04-02 10:42:19,028 [Worker-26: Building] INFO  o.e.m.c.i.embedder.EclipseLogger - Copying 0 resource
2026-04-02 10:42:19,029 [Worker-26: Building] INFO  o.e.m.w.i.f.ResourceFilteringBuildParticipant - Changed resources require a complete clean of filtered resources of BasicTest
2026-04-02 10:42:19,029 [Worker-26: Building] INFO  o.e.m.w.i.f.ResourceFilteringBuildParticipant - Executing resource filtering for BasicTest
2026-04-02 10:42:19,032 [Worker-26: Building] WARN  o.e.m.c.i.embedder.EclipseLogger - Using platform encoding (MS949 actually) to copy filtered resources, i.e. build is platform dependent!
2026-04-02 10:42:20,152 [Worker-30: Download sources and javadoc] INFO  o.e.m.c.i.e.AbstractTransferListenerAdapter - Downloading https://repo.maven.apache.org/maven2/org/springframework/spring-context/5.0.7.RELEASE/spring-context-5.0.7.RELEASE-sources.jar
2026-04-02 10:42:20,183 [Worker-30: Download sources and javadoc] INFO  o.e.m.c.i.e.AbstractTransferListenerAdapter - Downloaded https://repo.maven.apache.org/maven2/org/springframework/spring-context/5.0.7.RELEASE/spring-context-5.0.7.RELEASE-sources.jar
2026-04-02 10:42:20,254 [Worker-30: Download sources and javadoc] INFO  o.e.m.j.internal.DownloadSourcesJob - Downloaded sources for org.springframework:spring-context:5.0.7.RELEASE
2026-04-02 10:42:20,330 [Worker-30: Download sources and javadoc] INFO  o.e.m.c.i.e.AbstractTransferListenerAdapter - Downloading https://repo.maven.apache.org/maven2/org/springframework/spring-aop/5.0.7.RELEASE/spring-aop-5.0.7.RELEASE-sources.jar
2026-04-02 10:42:20,358 [Worker-30: Download sources and javadoc] INFO  o.e.m.c.i.e.AbstractTransferListenerAdapter - Downloaded https://repo.maven.apache.org/maven2/org/springframework/spring-aop/5.0.7.RELEASE/spring-aop-5.0.7.RELEASE-sources.jar
2026-04-02 10:42:20,371 [Worker-26: Building] WARN  o.e.m.c.i.embedder.EclipseLogger - Using platform encoding (MS949 actually) to copy filtered resources, i.e. build is platform dependent!
2026-04-02 10:42:20,373 [Worker-26: Building] INFO  o.e.m.c.i.embedder.EclipseLogger - Copying 1 resource
2026-04-02 10:42:20,376 [Worker-26: Building] WARN  o.e.m.c.i.embedder.EclipseLogger - Using platform encoding (MS949 actually) to copy filtered resources, i.e. build is platform dependent!
2026-04-02 10:42:20,377 [Worker-26: Building] INFO  o.e.m.c.i.embedder.EclipseLogger - Copying 1 resource
2026-04-02 10:42:20,473 [Worker-30: Download sources and javadoc] INFO  o.e.m.j.internal.DownloadSourcesJob - Downloaded sources for org.springframework:spring-aop:5.0.7.RELEASE
2026-04-02 10:42:20,545 [Worker-30: Download sources and javadoc] INFO  o.e.m.c.i.e.AbstractTransferListenerAdapter - Downloading https://repo.maven.apache.org/maven2/org/springframework/spring-beans/5.0.7.RELEASE/spring-beans-5.0.7.RELEASE-sources.jar
2026-04-02 10:42:20,579 [Worker-30: Download sources and javadoc] INFO  o.e.m.c.i.e.AbstractTransferListenerAdapter - Downloaded https://repo.maven.apache.org/maven2/org/springframework/spring-beans/5.0.7.RELEASE/spring-beans-5.0.7.RELEASE-sources.jar
2026-04-02 10:42:20,631 [Worker-30: Download sources and javadoc] INFO  o.e.m.j.internal.DownloadSourcesJob - Downloaded sources for org.springframework:spring-beans:5.0.7.RELEASE
2026-04-02 10:42:20,703 [Worker-30: Download sources and javadoc] INFO  o.e.m.c.i.e.AbstractTransferListenerAdapter - Downloading https://repo.maven.apache.org/maven2/org/springframework/spring-core/5.0.7.RELEASE/spring-core-5.0.7.RELEASE-sources.jar
2026-04-02 10:42:20,734 [Worker-30: Download sources and javadoc] INFO  o.e.m.c.i.e.AbstractTransferListenerAdapter - Downloaded https://repo.maven.apache.org/maven2/org/springframework/spring-core/5.0.7.RELEASE/spring-core-5.0.7.RELEASE-sources.jar
2026-04-02 10:42:20,789 [Worker-30: Download sources and javadoc] INFO  o.e.m.j.internal.DownloadSourcesJob - Downloaded sources for org.springframework:spring-core:5.0.7.RELEASE
2026-04-02 10:42:20,863 [Worker-30: Download sources and javadoc] INFO  o.e.m.c.i.e.AbstractTransferListenerAdapter - Downloading https://repo.maven.apache.org/maven2/org/springframework/spring-jcl/5.0.7.RELEASE/spring-jcl-5.0.7.RELEASE-sources.jar
2026-04-02 10:42:20,885 [Worker-30: Download sources and javadoc] INFO  o.e.m.c.i.e.AbstractTransferListenerAdapter - Downloaded https://repo.maven.apache.org/maven2/org/springframework/spring-jcl/5.0.7.RELEASE/spring-jcl-5.0.7.RELEASE-sources.jar
2026-04-02 10:42:20,938 [Worker-30: Download sources and javadoc] INFO  o.e.m.j.internal.DownloadSourcesJob - Downloaded sources for org.springframework:spring-jcl:5.0.7.RELEASE
2026-04-02 10:42:21,009 [Worker-30: Download sources and javadoc] INFO  o.e.m.c.i.e.AbstractTransferListenerAdapter - Downloading https://repo.maven.apache.org/maven2/org/springframework/spring-expression/5.0.7.RELEASE/spring-expression-5.0.7.RELEASE-sources.jar
2026-04-02 10:42:21,038 [Worker-30: Download sources and javadoc] INFO  o.e.m.c.i.e.AbstractTransferListenerAdapter - Downloaded https://repo.maven.apache.org/maven2/org/springframework/spring-expression/5.0.7.RELEASE/spring-expression-5.0.7.RELEASE-sources.jar
2026-04-02 10:42:21,091 [Worker-30: Download sources and javadoc] INFO  o.e.m.j.internal.DownloadSourcesJob - Downloaded sources for org.springframework:spring-expression:5.0.7.RELEASE
2026-04-02 10:42:21,160 [Worker-30: Download sources and javadoc] INFO  o.e.m.c.i.e.AbstractTransferListenerAdapter - Downloading https://repo.maven.apache.org/maven2/org/springframework/spring-webmvc/5.0.7.RELEASE/spring-webmvc-5.0.7.RELEASE-sources.jar
2026-04-02 10:42:21,192 [Worker-30: Download sources and javadoc] INFO  o.e.m.c.i.e.AbstractTransferListenerAdapter - Downloaded https://repo.maven.apache.org/maven2/org/springframework/spring-webmvc/5.0.7.RELEASE/spring-webmvc-5.0.7.RELEASE-sources.jar
2026-04-02 10:42:21,239 [Worker-30: Download sources and javadoc] INFO  o.e.m.j.internal.DownloadSourcesJob - Downloaded sources for org.springframework:spring-webmvc:5.0.7.RELEASE
2026-04-02 10:42:21,310 [Worker-30: Download sources and javadoc] INFO  o.e.m.c.i.e.AbstractTransferListenerAdapter - Downloading https://repo.maven.apache.org/maven2/org/springframework/spring-web/5.0.7.RELEASE/spring-web-5.0.7.RELEASE-sources.jar
2026-04-02 10:42:21,342 [Worker-30: Download sources and javadoc] INFO  o.e.m.c.i.e.AbstractTransferListenerAdapter - Downloaded https://repo.maven.apache.org/maven2/org/springframework/spring-web/5.0.7.RELEASE/spring-web-5.0.7.RELEASE-sources.jar
2026-04-02 10:42:21,428 [Worker-30: Download sources and javadoc] INFO  o.e.m.j.internal.DownloadSourcesJob - Downloaded sources for org.springframework:spring-web:5.0.7.RELEASE
2026-04-02 10:42:21,619 [Worker-26: Building] WARN  o.e.m.c.i.embedder.EclipseLogger - Using platform encoding (MS949 actually) to copy filtered resources, i.e. build is platform dependent!
2026-04-02 10:42:21,620 [Worker-26: Building] INFO  o.e.m.c.i.embedder.EclipseLogger - Copying 0 resource
2026-04-02 10:42:21,621 [Worker-26: Building] WARN  o.e.m.c.i.embedder.EclipseLogger - Using platform encoding (MS949 actually) to copy filtered resources, i.e. build is platform dependent!
2026-04-02 10:42:21,624 [Worker-26: Building] INFO  o.e.m.c.i.embedder.EclipseLogger - Copying 0 resource
2026-04-02 10:44:30,265 [Worker-32: Building] INFO  o.e.m.c.i.l.LifecycleMappingFactory - Using org.maven.ide.eclipse.wtp.WarLifecycleMapping lifecycle mapping for MavenProject: com.test:java:1.0.0-BUILD-SNAPSHOT @ C:\code\forGithub\spring\BasicTest\pom.xml.
2026-04-02 10:44:30,445 [Worker-32: Building] WARN  o.e.m.c.i.embedder.EclipseLogger - Using platform encoding (MS949 actually) to copy filtered resources, i.e. build is platform dependent!
2026-04-02 10:44:30,445 [Worker-32: Building] INFO  o.e.m.c.i.embedder.EclipseLogger - Copying 0 resource
2026-04-02 10:44:30,446 [Worker-32: Building] WARN  o.e.m.c.i.embedder.EclipseLogger - Using platform encoding (MS949 actually) to copy filtered resources, i.e. build is platform dependent!
2026-04-02 10:44:30,446 [Worker-32: Building] INFO  o.e.m.c.i.embedder.EclipseLogger - Copying 0 resource
2026-04-02 10:44:30,446 [Worker-32: Building] INFO  o.e.m.w.i.f.ResourceFilteringBuildParticipant - Changed resources require a complete clean of filtered resources of BasicTest
2026-04-02 10:44:30,446 [Worker-32: Building] INFO  o.e.m.w.i.f.ResourceFilteringBuildParticipant - Executing resource filtering for BasicTest
2026-04-02 10:44:30,449 [Worker-32: Building] WARN  o.e.m.c.i.embedder.EclipseLogger - Using platform encoding (MS949 actually) to copy filtered resources, i.e. build is platform dependent!
2026-04-02 10:46:25,209 [Worker-26: Building Project BasicTest] WARN  o.e.m.c.i.embedder.EclipseLogger - Using platform encoding (MS949 actually) to copy filtered resources, i.e. build is platform dependent!
2026-04-02 10:46:25,210 [Worker-26: Building Project BasicTest] INFO  o.e.m.c.i.embedder.EclipseLogger - Copying 1 resource
2026-04-02 10:46:25,213 [Worker-26: Building Project BasicTest] WARN  o.e.m.c.i.embedder.EclipseLogger - Using platform encoding (MS949 actually) to copy filtered resources, i.e. build is platform dependent!
2026-04-02 10:46:25,213 [Worker-26: Building Project BasicTest] INFO  o.e.m.c.i.embedder.EclipseLogger - Copying 1 resource
2026-04-02 10:48:46,169 [Worker-37: Building] WARN  o.e.m.c.i.embedder.EclipseLogger - Using platform encoding (MS949 actually) to copy filtered resources, i.e. build is platform dependent!
2026-04-02 10:48:46,170 [Worker-37: Building] INFO  o.e.m.c.i.embedder.EclipseLogger - Copying 0 resource
2026-04-02 10:48:46,170 [Worker-37: Building] WARN  o.e.m.c.i.embedder.EclipseLogger - Using platform encoding (MS949 actually) to copy filtered resources, i.e. build is platform dependent!
2026-04-02 10:48:46,170 [Worker-37: Building] INFO  o.e.m.c.i.embedder.EclipseLogger - Copying 0 resource
2026-04-02 10:48:46,175 [Worker-37: Building] WARN  o.e.m.c.i.embedder.EclipseLogger - Using platform encoding (MS949 actually) to copy filtered resources, i.e. build is platform dependent!
2026-04-02 10:48:46,175 [Worker-37: Building] INFO  o.e.m.c.i.embedder.EclipseLogger - Copying 0 resource
2026-04-02 10:48:46,176 [Worker-37: Building] WARN  o.e.m.c.i.embedder.EclipseLogger - Using platform encoding (MS949 actually) to copy filtered resources, i.e. build is platform dependent!
2026-04-02 10:48:46,176 [Worker-37: Building] INFO  o.e.m.c.i.embedder.EclipseLogger - Copying 0 resource
2026-04-02 11:07:21,925 [Worker-44: Building] WARN  o.e.m.c.i.embedder.EclipseLogger - Using platform encoding (MS949 actually) to copy filtered resources, i.e. build is platform dependent!
2026-04-02 11:07:21,925 [Worker-44: Building] INFO  o.e.m.c.i.embedder.EclipseLogger - Copying 0 resource
2026-04-02 11:07:21,927 [Worker-44: Building] WARN  o.e.m.c.i.embedder.EclipseLogger - Using platform encoding (MS949 actually) to copy filtered resources, i.e. build is platform dependent!
2026-04-02 11:07:21,927 [Worker-44: Building] INFO  o.e.m.c.i.embedder.EclipseLogger - Copying 0 resource
2026-04-02 11:08:18,312 [Worker-43: Building] WARN  o.e.m.c.i.embedder.EclipseLogger - Using platform encoding (MS949 actually) to copy filtered resources, i.e. build is platform dependent!
2026-04-02 11:08:18,313 [Worker-43: Building] INFO  o.e.m.c.i.embedder.EclipseLogger - Copying 0 resource
2026-04-02 11:08:18,314 [Worker-43: Building] WARN  o.e.m.c.i.embedder.EclipseLogger - Using platform encoding (MS949 actually) to copy filtered resources, i.e. build is platform dependent!
2026-04-02 11:08:18,314 [Worker-43: Building] INFO  o.e.m.c.i.embedder.EclipseLogger - Copying 0 resource
2026-04-02 11:08:21,894 [Worker-43: Building] WARN  o.e.m.c.i.embedder.EclipseLogger - Using platform encoding (MS949 actually) to copy filtered resources, i.e. build is platform dependent!
2026-04-02 11:08:21,895 [Worker-43: Building] INFO  o.e.m.c.i.embedder.EclipseLogger - Copying 1 resource
2026-04-02 11:08:21,900 [Worker-43: Building] WARN  o.e.m.c.i.embedder.EclipseLogger - Using platform encoding (MS949 actually) to copy filtered resources, i.e. build is platform dependent!
2026-04-02 11:08:21,901 [Worker-43: Building] INFO  o.e.m.c.i.embedder.EclipseLogger - Copying 1 resource
2026-04-02 11:08:21,903 [Worker-43: Building] INFO  o.e.m.w.i.f.ResourceFilteringBuildParticipant - Changed resources require a complete clean of filtered resources of BasicTest
2026-04-02 11:08:21,903 [Worker-43: Building] INFO  o.e.m.w.i.f.ResourceFilteringBuildParticipant - Executing resource filtering for BasicTest
2026-04-02 11:08:21,913 [Worker-43: Building] WARN  o.e.m.c.i.embedder.EclipseLogger - Using platform encoding (MS949 actually) to copy filtered resources, i.e. build is platform dependent!
2026-04-02 11:08:22,020 [Worker-43: Building] WARN  o.e.m.c.i.embedder.EclipseLogger - Using platform encoding (MS949 actually) to copy filtered resources, i.e. build is platform dependent!
2026-04-02 11:08:22,021 [Worker-43: Building] INFO  o.e.m.c.i.embedder.EclipseLogger - Copying 1 resource
2026-04-02 11:08:22,025 [Worker-43: Building] WARN  o.e.m.c.i.embedder.EclipseLogger - Using platform encoding (MS949 actually) to copy filtered resources, i.e. build is platform dependent!
2026-04-02 11:08:22,026 [Worker-43: Building] INFO  o.e.m.c.i.embedder.EclipseLogger - Copying 1 resource
2026-04-02 11:08:22,027 [Worker-43: Building] INFO  o.e.m.w.i.f.ResourceFilteringBuildParticipant - Changed resources require a complete clean of filtered resources of hello
2026-04-02 11:08:22,028 [Worker-43: Building] INFO  o.e.m.w.i.f.ResourceFilteringBuildParticipant - Executing resource filtering for hello
2026-04-02 11:08:22,029 [Worker-43: Building] WARN  o.e.m.c.i.embedder.EclipseLogger - Using platform encoding (MS949 actually) to copy filtered resources, i.e. build is platform dependent!
2026-04-02 11:18:10,027 [Worker-49: Building] INFO  o.e.m.c.i.l.LifecycleMappingFactory - Using org.maven.ide.eclipse.wtp.WarLifecycleMapping lifecycle mapping for MavenProject: com.test:java:1.0.0-BUILD-SNAPSHOT @ C:\code\forGithub\spring\BasicTest\pom.xml.
2026-04-02 11:18:10,156 [Worker-49: Building] INFO  o.e.m.c.i.e.AbstractTransferListenerAdapter - Downloaded https://repo.maven.apache.org/maven2/org/projectlombok/lombok/1.18.44/lombok-1.18.44.pom
2026-04-02 11:18:10,224 [Worker-49: Building] INFO  o.e.m.c.i.e.AbstractTransferListenerAdapter - Downloading https://repo.maven.apache.org/maven2/org/projectlombok/lombok/1.18.44/lombok-1.18.44.jar
2026-04-02 11:18:10,274 [Worker-49: Building] INFO  o.e.m.c.i.e.AbstractTransferListenerAdapter - Downloaded https://repo.maven.apache.org/maven2/org/projectlombok/lombok/1.18.44/lombok-1.18.44.jar
2026-04-02 11:18:10,451 [Worker-49: Building] WARN  o.e.m.c.i.embedder.EclipseLogger - Using platform encoding (MS949 actually) to copy filtered resources, i.e. build is platform dependent!
2026-04-02 11:18:10,451 [Worker-49: Building] INFO  o.e.m.c.i.embedder.EclipseLogger - Copying 0 resource
2026-04-02 11:18:10,452 [Worker-49: Building] WARN  o.e.m.c.i.embedder.EclipseLogger - Using platform encoding (MS949 actually) to copy filtered resources, i.e. build is platform dependent!
2026-04-02 11:18:10,452 [Worker-49: Building] INFO  o.e.m.c.i.embedder.EclipseLogger - Copying 0 resource
2026-04-02 11:18:10,452 [Worker-49: Building] INFO  o.e.m.w.i.f.ResourceFilteringBuildParticipant - Changed resources require a complete clean of filtered resources of BasicTest
2026-04-02 11:18:10,452 [Worker-49: Building] INFO  o.e.m.w.i.f.ResourceFilteringBuildParticipant - Executing resource filtering for BasicTest
2026-04-02 11:18:10,455 [Worker-49: Building] WARN  o.e.m.c.i.embedder.EclipseLogger - Using platform encoding (MS949 actually) to copy filtered resources, i.e. build is platform dependent!
2026-04-02 11:18:11,530 [Worker-54: Download sources and javadoc] INFO  o.e.m.c.i.e.AbstractTransferListenerAdapter - Downloading https://repo.maven.apache.org/maven2/org/projectlombok/lombok/1.18.44/lombok-1.18.44-sources.jar
2026-04-02 11:18:11,573 [Worker-54: Download sources and javadoc] INFO  o.e.m.c.i.e.AbstractTransferListenerAdapter - Downloaded https://repo.maven.apache.org/maven2/org/projectlombok/lombok/1.18.44/lombok-1.18.44-sources.jar
2026-04-02 11:18:11,628 [Worker-54: Download sources and javadoc] INFO  o.e.m.j.internal.DownloadSourcesJob - Downloaded sources for org.projectlombok:lombok:1.18.44
2026-04-02 11:18:11,758 [Worker-44: Building] WARN  o.e.m.c.i.embedder.EclipseLogger - Using platform encoding (MS949 actually) to copy filtered resources, i.e. build is platform dependent!
2026-04-02 11:18:11,758 [Worker-44: Building] INFO  o.e.m.c.i.embedder.EclipseLogger - Copying 1 resource
2026-04-02 11:18:11,760 [Worker-44: Building] WARN  o.e.m.c.i.embedder.EclipseLogger - Using platform encoding (MS949 actually) to copy filtered resources, i.e. build is platform dependent!
2026-04-02 11:18:11,760 [Worker-44: Building] INFO  o.e.m.c.i.embedder.EclipseLogger - Copying 1 resource
2026-04-02 11:18:16,802 [Worker-52: Building] INFO  o.e.m.c.i.l.LifecycleMappingFactory - Using org.maven.ide.eclipse.wtp.WarLifecycleMapping lifecycle mapping for MavenProject: com.test:java:1.0.0-BUILD-SNAPSHOT @ C:\code\forGithub\spring\BasicTest\pom.xml.
2026-04-02 11:18:16,926 [Worker-52: Building] WARN  o.e.m.c.i.embedder.EclipseLogger - Using platform encoding (MS949 actually) to copy filtered resources, i.e. build is platform dependent!
2026-04-02 11:18:16,927 [Worker-52: Building] INFO  o.e.m.c.i.embedder.EclipseLogger - Copying 0 resource
2026-04-02 11:18:16,927 [Worker-52: Building] WARN  o.e.m.c.i.embedder.EclipseLogger - Using platform encoding (MS949 actually) to copy filtered resources, i.e. build is platform dependent!
2026-04-02 11:18:16,927 [Worker-52: Building] INFO  o.e.m.c.i.embedder.EclipseLogger - Copying 0 resource
2026-04-02 11:18:16,928 [Worker-52: Building] INFO  o.e.m.w.i.f.ResourceFilteringBuildParticipant - Changed resources require a complete clean of filtered resources of BasicTest
2026-04-02 11:18:16,928 [Worker-52: Building] INFO  o.e.m.w.i.f.ResourceFilteringBuildParticipant - Executing resource filtering for BasicTest
2026-04-02 11:18:16,929 [Worker-52: Building] WARN  o.e.m.c.i.embedder.EclipseLogger - Using platform encoding (MS949 actually) to copy filtered resources, i.e. build is platform dependent!
2026-04-02 11:18:45,170 [Worker-52: Building] INFO  o.e.m.c.i.l.LifecycleMappingFactory - Using org.maven.ide.eclipse.wtp.WarLifecycleMapping lifecycle mapping for MavenProject: com.test:java:1.0.0-BUILD-SNAPSHOT @ C:\code\forGithub\spring\BasicTest\pom.xml.
2026-04-02 11:18:45,263 [Worker-52: Building] WARN  o.e.m.c.i.embedder.EclipseLogger - Using platform encoding (MS949 actually) to copy filtered resources, i.e. build is platform dependent!
2026-04-02 11:18:45,264 [Worker-52: Building] INFO  o.e.m.c.i.embedder.EclipseLogger - Copying 0 resource
2026-04-02 11:18:45,264 [Worker-52: Building] WARN  o.e.m.c.i.embedder.EclipseLogger - Using platform encoding (MS949 actually) to copy filtered resources, i.e. build is platform dependent!
2026-04-02 11:18:45,265 [Worker-52: Building] INFO  o.e.m.c.i.embedder.EclipseLogger - Copying 0 resource
2026-04-02 11:18:45,265 [Worker-52: Building] INFO  o.e.m.w.i.f.ResourceFilteringBuildParticipant - Changed resources require a complete clean of filtered resources of BasicTest
2026-04-02 11:18:45,265 [Worker-52: Building] INFO  o.e.m.w.i.f.ResourceFilteringBuildParticipant - Executing resource filtering for BasicTest
2026-04-02 11:18:45,268 [Worker-52: Building] WARN  o.e.m.c.i.embedder.EclipseLogger - Using platform encoding (MS949 actually) to copy filtered resources, i.e. build is platform dependent!
2026-04-02 11:34:39,426 [Worker-60: Building] WARN  o.e.m.c.i.embedder.EclipseLogger - Using platform encoding (MS949 actually) to copy filtered resources, i.e. build is platform dependent!
2026-04-02 11:34:39,427 [Worker-60: Building] INFO  o.e.m.c.i.embedder.EclipseLogger - Copying 1 resource
2026-04-02 11:34:39,427 [Worker-60: Building] WARN  o.e.m.c.i.embedder.EclipseLogger - Using platform encoding (MS949 actually) to copy filtered resources, i.e. build is platform dependent!
2026-04-02 11:34:39,428 [Worker-60: Building] INFO  o.e.m.c.i.embedder.EclipseLogger - Copying 0 resource
2026-04-02 11:34:50,253 [Worker-55: Building] WARN  o.e.m.c.i.embedder.EclipseLogger - Using platform encoding (MS949 actually) to copy filtered resources, i.e. build is platform dependent!
2026-04-02 11:34:50,254 [Worker-55: Building] INFO  o.e.m.c.i.embedder.EclipseLogger - Copying 1 resource
2026-04-02 11:34:50,254 [Worker-55: Building] WARN  o.e.m.c.i.embedder.EclipseLogger - Using platform encoding (MS949 actually) to copy filtered resources, i.e. build is platform dependent!
2026-04-02 11:34:50,255 [Worker-55: Building] INFO  o.e.m.c.i.embedder.EclipseLogger - Copying 0 resource
2026-04-02 11:34:55,306 [Worker-60: Building] WARN  o.e.m.c.i.embedder.EclipseLogger - Using platform encoding (MS949 actually) to copy filtered resources, i.e. build is platform dependent!
2026-04-02 11:34:55,307 [Worker-60: Building] INFO  o.e.m.c.i.embedder.EclipseLogger - Copying 1 resource
2026-04-02 11:34:55,308 [Worker-60: Building] WARN  o.e.m.c.i.embedder.EclipseLogger - Using platform encoding (MS949 actually) to copy filtered resources, i.e. build is platform dependent!
2026-04-02 11:34:55,308 [Worker-60: Building] INFO  o.e.m.c.i.embedder.EclipseLogger - Copying 0 resource
2026-04-02 11:35:00,649 [Worker-55: Building] WARN  o.e.m.c.i.embedder.EclipseLogger - Using platform encoding (MS949 actually) to copy filtered resources, i.e. build is platform dependent!
2026-04-02 11:35:00,650 [Worker-55: Building] INFO  o.e.m.c.i.embedder.EclipseLogger - Copying 1 resource
2026-04-02 11:35:00,651 [Worker-55: Building] WARN  o.e.m.c.i.embedder.EclipseLogger - Using platform encoding (MS949 actually) to copy filtered resources, i.e. build is platform dependent!
2026-04-02 11:35:00,651 [Worker-55: Building] INFO  o.e.m.c.i.embedder.EclipseLogger - Copying 0 resource
2026-04-02 11:35:06,911 [Worker-60: Building] WARN  o.e.m.c.i.embedder.EclipseLogger - Using platform encoding (MS949 actually) to copy filtered resources, i.e. build is platform dependent!
2026-04-02 11:35:06,913 [Worker-60: Building] INFO  o.e.m.c.i.embedder.EclipseLogger - Copying 1 resource
2026-04-02 11:35:06,914 [Worker-60: Building] WARN  o.e.m.c.i.embedder.EclipseLogger - Using platform encoding (MS949 actually) to copy filtered resources, i.e. build is platform dependent!
2026-04-02 11:35:06,914 [Worker-60: Building] INFO  o.e.m.c.i.embedder.EclipseLogger - Copying 0 resource
2026-04-02 11:39:43,527 [Worker-60: Building] WARN  o.e.m.c.i.embedder.EclipseLogger - Using platform encoding (MS949 actually) to copy filtered resources, i.e. build is platform dependent!
2026-04-02 11:39:43,529 [Worker-60: Building] INFO  o.e.m.c.i.embedder.EclipseLogger - Copying 1 resource
2026-04-02 11:39:43,530 [Worker-60: Building] WARN  o.e.m.c.i.embedder.EclipseLogger - Using platform encoding (MS949 actually) to copy filtered resources, i.e. build is platform dependent!
2026-04-02 11:39:43,531 [Worker-60: Building] INFO  o.e.m.c.i.embedder.EclipseLogger - Copying 0 resource
2026-04-02 11:42:16,467 [Worker-62: Building] WARN  o.e.m.c.i.embedder.EclipseLogger - Using platform encoding (MS949 actually) to copy filtered resources, i.e. build is platform dependent!
2026-04-02 11:42:16,469 [Worker-62: Building] INFO  o.e.m.c.i.embedder.EclipseLogger - Copying 1 resource
2026-04-02 11:42:16,469 [Worker-62: Building] WARN  o.e.m.c.i.embedder.EclipseLogger - Using platform encoding (MS949 actually) to copy filtered resources, i.e. build is platform dependent!
2026-04-02 11:42:16,469 [Worker-62: Building] INFO  o.e.m.c.i.embedder.EclipseLogger - Copying 0 resource
2026-04-02 11:42:26,783 [Worker-67: Building] WARN  o.e.m.c.i.embedder.EclipseLogger - Using platform encoding (MS949 actually) to copy filtered resources, i.e. build is platform dependent!
2026-04-02 11:42:26,784 [Worker-67: Building] INFO  o.e.m.c.i.embedder.EclipseLogger - Copying 1 resource
2026-04-02 11:42:26,784 [Worker-67: Building] WARN  o.e.m.c.i.embedder.EclipseLogger - Using platform encoding (MS949 actually) to copy filtered resources, i.e. build is platform dependent!
2026-04-02 11:42:26,785 [Worker-67: Building] INFO  o.e.m.c.i.embedder.EclipseLogger - Copying 0 resource
2026-04-02 11:43:04,604 [Worker-67: Building] WARN  o.e.m.c.i.embedder.EclipseLogger - Using platform encoding (MS949 actually) to copy filtered resources, i.e. build is platform dependent!
2026-04-02 11:43:04,605 [Worker-67: Building] INFO  o.e.m.c.i.embedder.EclipseLogger - Copying 1 resource
2026-04-02 11:43:04,605 [Worker-67: Building] WARN  o.e.m.c.i.embedder.EclipseLogger - Using platform encoding (MS949 actually) to copy filtered resources, i.e. build is platform dependent!
2026-04-02 11:43:04,605 [Worker-67: Building] INFO  o.e.m.c.i.embedder.EclipseLogger - Copying 0 resource
2026-04-02 11:43:26,194 [Worker-67: Building] WARN  o.e.m.c.i.embedder.EclipseLogger - Using platform encoding (MS949 actually) to copy filtered resources, i.e. build is platform dependent!
2026-04-02 11:43:26,195 [Worker-67: Building] INFO  o.e.m.c.i.embedder.EclipseLogger - Copying 1 resource
2026-04-02 11:43:26,195 [Worker-67: Building] WARN  o.e.m.c.i.embedder.EclipseLogger - Using platform encoding (MS949 actually) to copy filtered resources, i.e. build is platform dependent!
2026-04-02 11:43:26,195 [Worker-67: Building] INFO  o.e.m.c.i.embedder.EclipseLogger - Copying 0 resource
2026-04-02 11:44:04,154 [Worker-68: Building] WARN  o.e.m.c.i.embedder.EclipseLogger - Using platform encoding (MS949 actually) to copy filtered resources, i.e. build is platform dependent!
2026-04-02 11:44:04,154 [Worker-68: Building] INFO  o.e.m.c.i.embedder.EclipseLogger - Copying 1 resource
2026-04-02 11:44:04,155 [Worker-68: Building] WARN  o.e.m.c.i.embedder.EclipseLogger - Using platform encoding (MS949 actually) to copy filtered resources, i.e. build is platform dependent!
2026-04-02 11:44:04,155 [Worker-68: Building] INFO  o.e.m.c.i.embedder.EclipseLogger - Copying 0 resource
2026-04-02 11:44:22,461 [Worker-68: Building] WARN  o.e.m.c.i.embedder.EclipseLogger - Using platform encoding (MS949 actually) to copy filtered resources, i.e. build is platform dependent!
2026-04-02 11:44:22,462 [Worker-68: Building] INFO  o.e.m.c.i.embedder.EclipseLogger - Copying 1 resource
2026-04-02 11:44:22,463 [Worker-68: Building] WARN  o.e.m.c.i.embedder.EclipseLogger - Using platform encoding (MS949 actually) to copy filtered resources, i.e. build is platform dependent!
2026-04-02 11:44:22,463 [Worker-68: Building] INFO  o.e.m.c.i.embedder.EclipseLogger - Copying 0 resource
2026-04-02 11:44:32,047 [Worker-68: Building] WARN  o.e.m.c.i.embedder.EclipseLogger - Using platform encoding (MS949 actually) to copy filtered resources, i.e. build is platform dependent!
2026-04-02 11:44:32,048 [Worker-68: Building] INFO  o.e.m.c.i.embedder.EclipseLogger - Copying 1 resource
2026-04-02 11:44:32,048 [Worker-68: Building] WARN  o.e.m.c.i.embedder.EclipseLogger - Using platform encoding (MS949 actually) to copy filtered resources, i.e. build is platform dependent!
2026-04-02 11:44:32,049 [Worker-68: Building] INFO  o.e.m.c.i.embedder.EclipseLogger - Copying 0 resource
2026-04-02 11:46:06,573 [Worker-68: Building] WARN  o.e.m.c.i.embedder.EclipseLogger - Using platform encoding (MS949 actually) to copy filtered resources, i.e. build is platform dependent!
2026-04-02 11:46:06,574 [Worker-68: Building] INFO  o.e.m.c.i.embedder.EclipseLogger - Copying 1 resource
2026-04-02 11:46:06,574 [Worker-68: Building] WARN  o.e.m.c.i.embedder.EclipseLogger - Using platform encoding (MS949 actually) to copy filtered resources, i.e. build is platform dependent!
2026-04-02 11:46:06,575 [Worker-68: Building] INFO  o.e.m.c.i.embedder.EclipseLogger - Copying 0 resource
2026-04-02 11:46:08,613 [Worker-66: Building] WARN  o.e.m.c.i.embedder.EclipseLogger - Using platform encoding (MS949 actually) to copy filtered resources, i.e. build is platform dependent!
2026-04-02 11:46:08,614 [Worker-66: Building] INFO  o.e.m.c.i.embedder.EclipseLogger - Copying 1 resource
2026-04-02 11:46:08,614 [Worker-66: Building] WARN  o.e.m.c.i.embedder.EclipseLogger - Using platform encoding (MS949 actually) to copy filtered resources, i.e. build is platform dependent!
2026-04-02 11:46:08,615 [Worker-66: Building] INFO  o.e.m.c.i.embedder.EclipseLogger - Copying 0 resource
2026-04-02 11:47:39,791 [Worker-70: Building] WARN  o.e.m.c.i.embedder.EclipseLogger - Using platform encoding (MS949 actually) to copy filtered resources, i.e. build is platform dependent!
2026-04-02 11:47:39,792 [Worker-70: Building] INFO  o.e.m.c.i.embedder.EclipseLogger - Copying 1 resource
2026-04-02 11:47:39,793 [Worker-70: Building] WARN  o.e.m.c.i.embedder.EclipseLogger - Using platform encoding (MS949 actually) to copy filtered resources, i.e. build is platform dependent!
2026-04-02 11:47:39,793 [Worker-70: Building] INFO  o.e.m.c.i.embedder.EclipseLogger - Copying 0 resource
2026-04-02 11:47:46,282 [Worker-63: Building] WARN  o.e.m.c.i.embedder.EclipseLogger - Using platform encoding (MS949 actually) to copy filtered resources, i.e. build is platform dependent!
2026-04-02 11:47:46,282 [Worker-63: Building] INFO  o.e.m.c.i.embedder.EclipseLogger - Copying 1 resource
2026-04-02 11:47:46,283 [Worker-63: Building] WARN  o.e.m.c.i.embedder.EclipseLogger - Using platform encoding (MS949 actually) to copy filtered resources, i.e. build is platform dependent!
2026-04-02 11:47:46,283 [Worker-63: Building] INFO  o.e.m.c.i.embedder.EclipseLogger - Copying 0 resource
2026-04-02 11:47:57,506 [Worker-68: Building] WARN  o.e.m.c.i.embedder.EclipseLogger - Using platform encoding (MS949 actually) to copy filtered resources, i.e. build is platform dependent!
2026-04-02 11:47:57,506 [Worker-68: Building] INFO  o.e.m.c.i.embedder.EclipseLogger - Copying 1 resource
2026-04-02 11:47:57,507 [Worker-68: Building] WARN  o.e.m.c.i.embedder.EclipseLogger - Using platform encoding (MS949 actually) to copy filtered resources, i.e. build is platform dependent!
2026-04-02 11:47:57,507 [Worker-68: Building] INFO  o.e.m.c.i.embedder.EclipseLogger - Copying 0 resource
2026-04-02 11:49:19,361 [Worker-62: Building] WARN  o.e.m.c.i.embedder.EclipseLogger - Using platform encoding (MS949 actually) to copy filtered resources, i.e. build is platform dependent!
2026-04-02 11:49:19,362 [Worker-62: Building] INFO  o.e.m.c.i.embedder.EclipseLogger - Copying 1 resource
2026-04-02 11:49:19,363 [Worker-62: Building] WARN  o.e.m.c.i.embedder.EclipseLogger - Using platform encoding (MS949 actually) to copy filtered resources, i.e. build is platform dependent!
2026-04-02 11:49:19,363 [Worker-62: Building] INFO  o.e.m.c.i.embedder.EclipseLogger - Copying 0 resource
2026-04-02 11:49:20,402 [Worker-63: Building] WARN  o.e.m.c.i.embedder.EclipseLogger - Using platform encoding (MS949 actually) to copy filtered resources, i.e. build is platform dependent!
2026-04-02 11:49:20,403 [Worker-63: Building] INFO  o.e.m.c.i.embedder.EclipseLogger - Copying 1 resource
2026-04-02 11:49:20,403 [Worker-63: Building] WARN  o.e.m.c.i.embedder.EclipseLogger - Using platform encoding (MS949 actually) to copy filtered resources, i.e. build is platform dependent!
2026-04-02 11:49:20,404 [Worker-63: Building] INFO  o.e.m.c.i.embedder.EclipseLogger - Copying 0 resource
2026-04-02 12:02:06,435 [Worker-76: Building] WARN  o.e.m.c.i.embedder.EclipseLogger - Using platform encoding (MS949 actually) to copy filtered resources, i.e. build is platform dependent!
2026-04-02 12:02:06,436 [Worker-76: Building] INFO  o.e.m.c.i.embedder.EclipseLogger - Copying 1 resource
2026-04-02 12:02:06,436 [Worker-76: Building] WARN  o.e.m.c.i.embedder.EclipseLogger - Using platform encoding (MS949 actually) to copy filtered resources, i.e. build is platform dependent!
2026-04-02 12:02:06,437 [Worker-76: Building] INFO  o.e.m.c.i.embedder.EclipseLogger - Copying 0 resource
2026-04-02 12:02:07,591 [Worker-78: Building] WARN  o.e.m.c.i.embedder.EclipseLogger - Using platform encoding (MS949 actually) to copy filtered resources, i.e. build is platform dependent!
2026-04-02 12:02:07,592 [Worker-78: Building] INFO  o.e.m.c.i.embedder.EclipseLogger - Copying 1 resource
2026-04-02 12:02:07,592 [Worker-78: Building] WARN  o.e.m.c.i.embedder.EclipseLogger - Using platform encoding (MS949 actually) to copy filtered resources, i.e. build is platform dependent!
2026-04-02 12:02:07,592 [Worker-78: Building] INFO  o.e.m.c.i.embedder.EclipseLogger - Copying 0 resource
2026-04-02 12:02:31,523 [Worker-78: Building] WARN  o.e.m.c.i.embedder.EclipseLogger - Using platform encoding (MS949 actually) to copy filtered resources, i.e. build is platform dependent!
2026-04-02 12:02:31,524 [Worker-78: Building] INFO  o.e.m.c.i.embedder.EclipseLogger - Copying 1 resource
2026-04-02 12:02:31,525 [Worker-78: Building] WARN  o.e.m.c.i.embedder.EclipseLogger - Using platform encoding (MS949 actually) to copy filtered resources, i.e. build is platform dependent!
2026-04-02 12:02:31,525 [Worker-78: Building] INFO  o.e.m.c.i.embedder.EclipseLogger - Copying 0 resource
2026-04-02 12:02:32,557 [Worker-75: Building] WARN  o.e.m.c.i.embedder.EclipseLogger - Using platform encoding (MS949 actually) to copy filtered resources, i.e. build is platform dependent!
2026-04-02 12:02:32,558 [Worker-75: Building] INFO  o.e.m.c.i.embedder.EclipseLogger - Copying 1 resource
2026-04-02 12:02:32,558 [Worker-75: Building] WARN  o.e.m.c.i.embedder.EclipseLogger - Using platform encoding (MS949 actually) to copy filtered resources, i.e. build is platform dependent!
2026-04-02 12:02:32,558 [Worker-75: Building] INFO  o.e.m.c.i.embedder.EclipseLogger - Copying 0 resource
2026-04-02 12:02:46,295 [Worker-78: Building] WARN  o.e.m.c.i.embedder.EclipseLogger - Using platform encoding (MS949 actually) to copy filtered resources, i.e. build is platform dependent!
2026-04-02 12:02:46,296 [Worker-78: Building] INFO  o.e.m.c.i.embedder.EclipseLogger - Copying 1 resource
2026-04-02 12:02:46,297 [Worker-78: Building] WARN  o.e.m.c.i.embedder.EclipseLogger - Using platform encoding (MS949 actually) to copy filtered resources, i.e. build is platform dependent!
2026-04-02 12:02:46,297 [Worker-78: Building] INFO  o.e.m.c.i.embedder.EclipseLogger - Copying 0 resource
2026-04-02 12:03:10,159 [Worker-75: Building] WARN  o.e.m.c.i.embedder.EclipseLogger - Using platform encoding (MS949 actually) to copy filtered resources, i.e. build is platform dependent!
2026-04-02 12:03:10,160 [Worker-75: Building] INFO  o.e.m.c.i.embedder.EclipseLogger - Copying 1 resource
2026-04-02 12:03:10,160 [Worker-75: Building] WARN  o.e.m.c.i.embedder.EclipseLogger - Using platform encoding (MS949 actually) to copy filtered resources, i.e. build is platform dependent!
2026-04-02 12:03:10,160 [Worker-75: Building] INFO  o.e.m.c.i.embedder.EclipseLogger - Copying 0 resource
2026-04-02 12:03:14,864 [Worker-62: Building] WARN  o.e.m.c.i.embedder.EclipseLogger - Using platform encoding (MS949 actually) to copy filtered resources, i.e. build is platform dependent!
2026-04-02 12:03:14,864 [Worker-62: Building] INFO  o.e.m.c.i.embedder.EclipseLogger - Copying 1 resource
2026-04-02 12:03:14,865 [Worker-62: Building] WARN  o.e.m.c.i.embedder.EclipseLogger - Using platform encoding (MS949 actually) to copy filtered resources, i.e. build is platform dependent!
2026-04-02 12:03:14,865 [Worker-62: Building] INFO  o.e.m.c.i.embedder.EclipseLogger - Copying 0 resource
2026-04-02 12:03:18,533 [Worker-78: Building] WARN  o.e.m.c.i.embedder.EclipseLogger - Using platform encoding (MS949 actually) to copy filtered resources, i.e. build is platform dependent!
2026-04-02 12:03:18,533 [Worker-78: Building] INFO  o.e.m.c.i.embedder.EclipseLogger - Copying 1 resource
2026-04-02 12:03:18,534 [Worker-78: Building] WARN  o.e.m.c.i.embedder.EclipseLogger - Using platform encoding (MS949 actually) to copy filtered resources, i.e. build is platform dependent!
2026-04-02 12:03:18,534 [Worker-78: Building] INFO  o.e.m.c.i.embedder.EclipseLogger - Copying 0 resource
2026-04-02 12:06:16,717 [Worker-62: Building] WARN  o.e.m.c.i.embedder.EclipseLogger - Using platform encoding (MS949 actually) to copy filtered resources, i.e. build is platform dependent!
2026-04-02 12:06:16,718 [Worker-62: Building] INFO  o.e.m.c.i.embedder.EclipseLogger - Copying 1 resource
2026-04-02 12:06:16,718 [Worker-62: Building] WARN  o.e.m.c.i.embedder.EclipseLogger - Using platform encoding (MS949 actually) to copy filtered resources, i.e. build is platform dependent!
2026-04-02 12:06:16,718 [Worker-62: Building] INFO  o.e.m.c.i.embedder.EclipseLogger - Copying 0 resource
2026-04-02 12:06:37,008 [Worker-80: Building] WARN  o.e.m.c.i.embedder.EclipseLogger - Using platform encoding (MS949 actually) to copy filtered resources, i.e. build is platform dependent!
2026-04-02 12:06:37,008 [Worker-80: Building] INFO  o.e.m.c.i.embedder.EclipseLogger - Copying 1 resource
2026-04-02 12:06:37,009 [Worker-80: Building] WARN  o.e.m.c.i.embedder.EclipseLogger - Using platform encoding (MS949 actually) to copy filtered resources, i.e. build is platform dependent!
2026-04-02 12:06:37,009 [Worker-80: Building] INFO  o.e.m.c.i.embedder.EclipseLogger - Copying 0 resource
2026-04-02 12:07:41,609 [Worker-84: Building] WARN  o.e.m.c.i.embedder.EclipseLogger - Using platform encoding (MS949 actually) to copy filtered resources, i.e. build is platform dependent!
2026-04-02 12:07:41,610 [Worker-84: Building] INFO  o.e.m.c.i.embedder.EclipseLogger - Copying 1 resource
2026-04-02 12:07:41,610 [Worker-84: Building] WARN  o.e.m.c.i.embedder.EclipseLogger - Using platform encoding (MS949 actually) to copy filtered resources, i.e. build is platform dependent!
2026-04-02 12:07:41,611 [Worker-84: Building] INFO  o.e.m.c.i.embedder.EclipseLogger - Copying 0 resource
2026-04-02 12:07:46,654 [Worker-62: Building] WARN  o.e.m.c.i.embedder.EclipseLogger - Using platform encoding (MS949 actually) to copy filtered resources, i.e. build is platform dependent!
2026-04-02 12:07:46,655 [Worker-62: Building] INFO  o.e.m.c.i.embedder.EclipseLogger - Copying 1 resource
2026-04-02 12:07:46,655 [Worker-62: Building] WARN  o.e.m.c.i.embedder.EclipseLogger - Using platform encoding (MS949 actually) to copy filtered resources, i.e. build is platform dependent!
2026-04-02 12:07:46,655 [Worker-62: Building] INFO  o.e.m.c.i.embedder.EclipseLogger - Copying 0 resource
2026-04-02 12:07:47,760 [Worker-84: Building] WARN  o.e.m.c.i.embedder.EclipseLogger - Using platform encoding (MS949 actually) to copy filtered resources, i.e. build is platform dependent!
2026-04-02 12:07:47,761 [Worker-84: Building] INFO  o.e.m.c.i.embedder.EclipseLogger - Copying 1 resource
2026-04-02 12:07:47,765 [Worker-84: Building] WARN  o.e.m.c.i.embedder.EclipseLogger - Using platform encoding (MS949 actually) to copy filtered resources, i.e. build is platform dependent!
2026-04-02 12:07:47,766 [Worker-84: Building] INFO  o.e.m.c.i.embedder.EclipseLogger - Copying 0 resource
2026-04-02 12:10:12,787 [Worker-81: Building] WARN  o.e.m.c.i.embedder.EclipseLogger - Using platform encoding (MS949 actually) to copy filtered resources, i.e. build is platform dependent!
2026-04-02 12:10:12,788 [Worker-81: Building] INFO  o.e.m.c.i.embedder.EclipseLogger - Copying 1 resource
2026-04-02 12:10:12,788 [Worker-81: Building] WARN  o.e.m.c.i.embedder.EclipseLogger - Using platform encoding (MS949 actually) to copy filtered resources, i.e. build is platform dependent!
2026-04-02 12:10:12,788 [Worker-81: Building] INFO  o.e.m.c.i.embedder.EclipseLogger - Copying 0 resource
2026-04-02 12:10:15,958 [Worker-75: Building] WARN  o.e.m.c.i.embedder.EclipseLogger - Using platform encoding (MS949 actually) to copy filtered resources, i.e. build is platform dependent!
2026-04-02 12:10:15,959 [Worker-75: Building] INFO  o.e.m.c.i.embedder.EclipseLogger - Copying 1 resource
2026-04-02 12:10:15,960 [Worker-75: Building] WARN  o.e.m.c.i.embedder.EclipseLogger - Using platform encoding (MS949 actually) to copy filtered resources, i.e. build is platform dependent!
2026-04-02 12:10:15,960 [Worker-75: Building] INFO  o.e.m.c.i.embedder.EclipseLogger - Copying 0 resource
2026-04-02 12:10:23,160 [Worker-75: Building] WARN  o.e.m.c.i.embedder.EclipseLogger - Using platform encoding (MS949 actually) to copy filtered resources, i.e. build is platform dependent!
2026-04-02 12:10:23,162 [Worker-75: Building] INFO  o.e.m.c.i.embedder.EclipseLogger - Copying 1 resource
2026-04-02 12:10:23,162 [Worker-75: Building] WARN  o.e.m.c.i.embedder.EclipseLogger - Using platform encoding (MS949 actually) to copy filtered resources, i.e. build is platform dependent!
2026-04-02 12:10:23,163 [Worker-75: Building] INFO  o.e.m.c.i.embedder.EclipseLogger - Copying 0 resource
2026-04-02 12:10:54,652 [Worker-87: Building] WARN  o.e.m.c.i.embedder.EclipseLogger - Using platform encoding (MS949 actually) to copy filtered resources, i.e. build is platform dependent!
2026-04-02 12:10:54,653 [Worker-87: Building] INFO  o.e.m.c.i.embedder.EclipseLogger - Copying 1 resource
2026-04-02 12:10:54,653 [Worker-87: Building] WARN  o.e.m.c.i.embedder.EclipseLogger - Using platform encoding (MS949 actually) to copy filtered resources, i.e. build is platform dependent!
2026-04-02 12:10:54,653 [Worker-87: Building] INFO  o.e.m.c.i.embedder.EclipseLogger - Copying 0 resource
2026-04-02 12:10:58,050 [Worker-87: Building] WARN  o.e.m.c.i.embedder.EclipseLogger - Using platform encoding (MS949 actually) to copy filtered resources, i.e. build is platform dependent!
2026-04-02 12:10:58,060 [Worker-87: Building] INFO  o.e.m.c.i.embedder.EclipseLogger - Copying 1 resource
2026-04-02 12:10:58,061 [Worker-87: Building] WARN  o.e.m.c.i.embedder.EclipseLogger - Using platform encoding (MS949 actually) to copy filtered resources, i.e. build is platform dependent!
2026-04-02 12:10:58,061 [Worker-87: Building] INFO  o.e.m.c.i.embedder.EclipseLogger - Copying 0 resource
2026-04-02 12:12:47,822 [Worker-87: Building] WARN  o.e.m.c.i.embedder.EclipseLogger - Using platform encoding (MS949 actually) to copy filtered resources, i.e. build is platform dependent!
2026-04-02 12:12:47,823 [Worker-87: Building] INFO  o.e.m.c.i.embedder.EclipseLogger - Copying 1 resource
2026-04-02 12:12:47,823 [Worker-87: Building] WARN  o.e.m.c.i.embedder.EclipseLogger - Using platform encoding (MS949 actually) to copy filtered resources, i.e. build is platform dependent!
2026-04-02 12:12:47,824 [Worker-87: Building] INFO  o.e.m.c.i.embedder.EclipseLogger - Copying 0 resource
2026-04-02 12:12:51,666 [Worker-89: Building] WARN  o.e.m.c.i.embedder.EclipseLogger - Using platform encoding (MS949 actually) to copy filtered resources, i.e. build is platform dependent!
2026-04-02 12:12:51,667 [Worker-89: Building] INFO  o.e.m.c.i.embedder.EclipseLogger - Copying 1 resource
2026-04-02 12:12:51,668 [Worker-89: Building] WARN  o.e.m.c.i.embedder.EclipseLogger - Using platform encoding (MS949 actually) to copy filtered resources, i.e. build is platform dependent!
2026-04-02 12:12:51,668 [Worker-89: Building] INFO  o.e.m.c.i.embedder.EclipseLogger - Copying 0 resource
2026-04-02 12:13:19,996 [Worker-87: Building] WARN  o.e.m.c.i.embedder.EclipseLogger - Using platform encoding (MS949 actually) to copy filtered resources, i.e. build is platform dependent!
2026-04-02 12:13:19,997 [Worker-87: Building] INFO  o.e.m.c.i.embedder.EclipseLogger - Copying 1 resource
2026-04-02 12:13:19,997 [Worker-87: Building] WARN  o.e.m.c.i.embedder.EclipseLogger - Using platform encoding (MS949 actually) to copy filtered resources, i.e. build is platform dependent!
2026-04-02 12:13:19,998 [Worker-87: Building] INFO  o.e.m.c.i.embedder.EclipseLogger - Copying 0 resource
2026-04-02 12:13:41,588 [Worker-86: Building] WARN  o.e.m.c.i.embedder.EclipseLogger - Using platform encoding (MS949 actually) to copy filtered resources, i.e. build is platform dependent!
2026-04-02 12:13:41,589 [Worker-86: Building] INFO  o.e.m.c.i.embedder.EclipseLogger - Copying 1 resource
2026-04-02 12:13:41,589 [Worker-86: Building] WARN  o.e.m.c.i.embedder.EclipseLogger - Using platform encoding (MS949 actually) to copy filtered resources, i.e. build is platform dependent!
2026-04-02 12:13:41,590 [Worker-86: Building] INFO  o.e.m.c.i.embedder.EclipseLogger - Copying 0 resource
2026-04-02 12:16:48,614 [Worker-92: Building] WARN  o.e.m.c.i.embedder.EclipseLogger - Using platform encoding (MS949 actually) to copy filtered resources, i.e. build is platform dependent!
2026-04-02 12:16:48,615 [Worker-92: Building] INFO  o.e.m.c.i.embedder.EclipseLogger - Copying 1 resource
2026-04-02 12:16:48,615 [Worker-92: Building] WARN  o.e.m.c.i.embedder.EclipseLogger - Using platform encoding (MS949 actually) to copy filtered resources, i.e. build is platform dependent!
2026-04-02 12:16:48,615 [Worker-92: Building] INFO  o.e.m.c.i.embedder.EclipseLogger - Copying 0 resource
2026-04-02 12:16:51,702 [Worker-93: Building] WARN  o.e.m.c.i.embedder.EclipseLogger - Using platform encoding (MS949 actually) to copy filtered resources, i.e. build is platform dependent!
2026-04-02 12:16:51,703 [Worker-93: Building] INFO  o.e.m.c.i.embedder.EclipseLogger - Copying 1 resource
2026-04-02 12:16:51,703 [Worker-93: Building] WARN  o.e.m.c.i.embedder.EclipseLogger - Using platform encoding (MS949 actually) to copy filtered resources, i.e. build is platform dependent!
2026-04-02 12:16:51,704 [Worker-93: Building] INFO  o.e.m.c.i.embedder.EclipseLogger - Copying 0 resource
2026-04-02 12:16:57,014 [Worker-75: Building] WARN  o.e.m.c.i.embedder.EclipseLogger - Using platform encoding (MS949 actually) to copy filtered resources, i.e. build is platform dependent!
2026-04-02 12:16:57,015 [Worker-75: Building] INFO  o.e.m.c.i.embedder.EclipseLogger - Copying 1 resource
2026-04-02 12:16:57,015 [Worker-75: Building] WARN  o.e.m.c.i.embedder.EclipseLogger - Using platform encoding (MS949 actually) to copy filtered resources, i.e. build is platform dependent!
2026-04-02 12:16:57,016 [Worker-75: Building] INFO  o.e.m.c.i.embedder.EclipseLogger - Copying 0 resource
2026-04-02 12:18:38,129 [Worker-95: Building] WARN  o.e.m.c.i.embedder.EclipseLogger - Using platform encoding (MS949 actually) to copy filtered resources, i.e. build is platform dependent!
2026-04-02 12:18:38,130 [Worker-95: Building] INFO  o.e.m.c.i.embedder.EclipseLogger - Copying 1 resource
2026-04-02 12:18:38,130 [Worker-95: Building] WARN  o.e.m.c.i.embedder.EclipseLogger - Using platform encoding (MS949 actually) to copy filtered resources, i.e. build is platform dependent!
2026-04-02 12:18:38,131 [Worker-95: Building] INFO  o.e.m.c.i.embedder.EclipseLogger - Copying 0 resource
2026-04-02 12:18:54,567 [Worker-96: Building] WARN  o.e.m.c.i.embedder.EclipseLogger - Using platform encoding (MS949 actually) to copy filtered resources, i.e. build is platform dependent!
2026-04-02 12:18:54,568 [Worker-96: Building] INFO  o.e.m.c.i.embedder.EclipseLogger - Copying 1 resource
2026-04-02 12:18:54,569 [Worker-96: Building] WARN  o.e.m.c.i.embedder.EclipseLogger - Using platform encoding (MS949 actually) to copy filtered resources, i.e. build is platform dependent!
2026-04-02 12:18:54,569 [Worker-96: Building] INFO  o.e.m.c.i.embedder.EclipseLogger - Copying 0 resource
2026-04-02 12:18:59,386 [Worker-75: Building] WARN  o.e.m.c.i.embedder.EclipseLogger - Using platform encoding (MS949 actually) to copy filtered resources, i.e. build is platform dependent!
2026-04-02 12:18:59,386 [Worker-75: Building] INFO  o.e.m.c.i.embedder.EclipseLogger - Copying 1 resource
2026-04-02 12:18:59,387 [Worker-75: Building] WARN  o.e.m.c.i.embedder.EclipseLogger - Using platform encoding (MS949 actually) to copy filtered resources, i.e. build is platform dependent!
2026-04-02 12:18:59,387 [Worker-75: Building] INFO  o.e.m.c.i.embedder.EclipseLogger - Copying 0 resource
2026-04-02 12:19:07,392 [Worker-93: Building] WARN  o.e.m.c.i.embedder.EclipseLogger - Using platform encoding (MS949 actually) to copy filtered resources, i.e. build is platform dependent!
2026-04-02 12:19:07,393 [Worker-93: Building] INFO  o.e.m.c.i.embedder.EclipseLogger - Copying 1 resource
2026-04-02 12:19:07,394 [Worker-93: Building] WARN  o.e.m.c.i.embedder.EclipseLogger - Using platform encoding (MS949 actually) to copy filtered resources, i.e. build is platform dependent!
2026-04-02 12:19:07,394 [Worker-93: Building] INFO  o.e.m.c.i.embedder.EclipseLogger - Copying 0 resource
2026-04-02 12:19:58,162 [Worker-96: Building] WARN  o.e.m.c.i.embedder.EclipseLogger - Using platform encoding (MS949 actually) to copy filtered resources, i.e. build is platform dependent!
2026-04-02 12:19:58,163 [Worker-96: Building] INFO  o.e.m.c.i.embedder.EclipseLogger - Copying 1 resource
2026-04-02 12:19:58,164 [Worker-96: Building] WARN  o.e.m.c.i.embedder.EclipseLogger - Using platform encoding (MS949 actually) to copy filtered resources, i.e. build is platform dependent!
2026-04-02 12:19:58,164 [Worker-96: Building] INFO  o.e.m.c.i.embedder.EclipseLogger - Copying 0 resource
2026-04-02 12:20:04,622 [Worker-97: Building] WARN  o.e.m.c.i.embedder.EclipseLogger - Using platform encoding (MS949 actually) to copy filtered resources, i.e. build is platform dependent!
2026-04-02 12:20:04,622 [Worker-97: Building] INFO  o.e.m.c.i.embedder.EclipseLogger - Copying 1 resource
2026-04-02 12:20:04,623 [Worker-97: Building] WARN  o.e.m.c.i.embedder.EclipseLogger - Using platform encoding (MS949 actually) to copy filtered resources, i.e. build is platform dependent!
2026-04-02 12:20:04,623 [Worker-97: Building] INFO  o.e.m.c.i.embedder.EclipseLogger - Copying 0 resource
2026-04-02 12:23:04,076 [Worker-99: Building] WARN  o.e.m.c.i.embedder.EclipseLogger - Using platform encoding (MS949 actually) to copy filtered resources, i.e. build is platform dependent!
2026-04-02 12:23:04,076 [Worker-99: Building] INFO  o.e.m.c.i.embedder.EclipseLogger - Copying 1 resource
2026-04-02 12:23:04,077 [Worker-99: Building] WARN  o.e.m.c.i.embedder.EclipseLogger - Using platform encoding (MS949 actually) to copy filtered resources, i.e. build is platform dependent!
2026-04-02 12:23:04,077 [Worker-99: Building] INFO  o.e.m.c.i.embedder.EclipseLogger - Copying 0 resource
2026-04-02 12:26:01,288 [Worker-97: Building] WARN  o.e.m.c.i.embedder.EclipseLogger - Using platform encoding (MS949 actually) to copy filtered resources, i.e. build is platform dependent!
2026-04-02 12:26:01,289 [Worker-97: Building] INFO  o.e.m.c.i.embedder.EclipseLogger - Copying 1 resource
2026-04-02 12:26:01,290 [Worker-97: Building] WARN  o.e.m.c.i.embedder.EclipseLogger - Using platform encoding (MS949 actually) to copy filtered resources, i.e. build is platform dependent!
2026-04-02 12:26:01,291 [Worker-97: Building] INFO  o.e.m.c.i.embedder.EclipseLogger - Copying 0 resource
2026-04-02 12:26:14,388 [Worker-101: Building] WARN  o.e.m.c.i.embedder.EclipseLogger - Using platform encoding (MS949 actually) to copy filtered resources, i.e. build is platform dependent!
2026-04-02 12:26:14,389 [Worker-101: Building] INFO  o.e.m.c.i.embedder.EclipseLogger - Copying 1 resource
2026-04-02 12:26:14,389 [Worker-101: Building] WARN  o.e.m.c.i.embedder.EclipseLogger - Using platform encoding (MS949 actually) to copy filtered resources, i.e. build is platform dependent!
2026-04-02 12:26:14,390 [Worker-101: Building] INFO  o.e.m.c.i.embedder.EclipseLogger - Copying 0 resource
2026-04-02 12:26:32,834 [Worker-99: Building] WARN  o.e.m.c.i.embedder.EclipseLogger - Using platform encoding (MS949 actually) to copy filtered resources, i.e. build is platform dependent!
2026-04-02 12:26:32,835 [Worker-99: Building] INFO  o.e.m.c.i.embedder.EclipseLogger - Copying 1 resource
2026-04-02 12:26:32,835 [Worker-99: Building] WARN  o.e.m.c.i.embedder.EclipseLogger - Using platform encoding (MS949 actually) to copy filtered resources, i.e. build is platform dependent!
2026-04-02 12:26:32,835 [Worker-99: Building] INFO  o.e.m.c.i.embedder.EclipseLogger - Copying 0 resource
2026-04-02 12:27:46,721 [Worker-99: Building] WARN  o.e.m.c.i.embedder.EclipseLogger - Using platform encoding (MS949 actually) to copy filtered resources, i.e. build is platform dependent!
2026-04-02 12:27:46,722 [Worker-99: Building] INFO  o.e.m.c.i.embedder.EclipseLogger - Copying 1 resource
2026-04-02 12:27:46,722 [Worker-99: Building] WARN  o.e.m.c.i.embedder.EclipseLogger - Using platform encoding (MS949 actually) to copy filtered resources, i.e. build is platform dependent!
2026-04-02 12:27:46,723 [Worker-99: Building] INFO  o.e.m.c.i.embedder.EclipseLogger - Copying 0 resource
2026-04-02 12:27:54,544 [Worker-101: Building] WARN  o.e.m.c.i.embedder.EclipseLogger - Using platform encoding (MS949 actually) to copy filtered resources, i.e. build is platform dependent!
2026-04-02 12:27:54,545 [Worker-101: Building] INFO  o.e.m.c.i.embedder.EclipseLogger - Copying 1 resource
2026-04-02 12:27:54,545 [Worker-101: Building] WARN  o.e.m.c.i.embedder.EclipseLogger - Using platform encoding (MS949 actually) to copy filtered resources, i.e. build is platform dependent!
2026-04-02 12:27:54,546 [Worker-101: Building] INFO  o.e.m.c.i.embedder.EclipseLogger - Copying 0 resource
2026-04-02 12:28:16,210 [Worker-103: Building] WARN  o.e.m.c.i.embedder.EclipseLogger - Using platform encoding (MS949 actually) to copy filtered resources, i.e. build is platform dependent!
2026-04-02 12:28:16,211 [Worker-103: Building] INFO  o.e.m.c.i.embedder.EclipseLogger - Copying 1 resource
2026-04-02 12:28:16,212 [Worker-103: Building] WARN  o.e.m.c.i.embedder.EclipseLogger - Using platform encoding (MS949 actually) to copy filtered resources, i.e. build is platform dependent!
2026-04-02 12:28:16,212 [Worker-103: Building] INFO  o.e.m.c.i.embedder.EclipseLogger - Copying 0 resource
2026-04-02 12:34:04,918 [Worker-97: Building] WARN  o.e.m.c.i.embedder.EclipseLogger - Using platform encoding (MS949 actually) to copy filtered resources, i.e. build is platform dependent!
2026-04-02 12:34:04,918 [Worker-97: Building] INFO  o.e.m.c.i.embedder.EclipseLogger - Copying 1 resource
2026-04-02 12:34:04,920 [Worker-97: Building] WARN  o.e.m.c.i.embedder.EclipseLogger - Using platform encoding (MS949 actually) to copy filtered resources, i.e. build is platform dependent!
2026-04-02 12:34:04,920 [Worker-97: Building] INFO  o.e.m.c.i.embedder.EclipseLogger - Copying 0 resource
2026-04-02 12:34:12,603 [Worker-97: Building] WARN  o.e.m.c.i.embedder.EclipseLogger - Using platform encoding (MS949 actually) to copy filtered resources, i.e. build is platform dependent!
2026-04-02 12:34:12,603 [Worker-97: Building] INFO  o.e.m.c.i.embedder.EclipseLogger - Copying 1 resource
2026-04-02 12:34:12,604 [Worker-97: Building] WARN  o.e.m.c.i.embedder.EclipseLogger - Using platform encoding (MS949 actually) to copy filtered resources, i.e. build is platform dependent!
2026-04-02 12:34:12,604 [Worker-97: Building] INFO  o.e.m.c.i.embedder.EclipseLogger - Copying 0 resource
2026-04-02 12:35:01,561 [Worker-111: Building] WARN  o.e.m.c.i.embedder.EclipseLogger - Using platform encoding (MS949 actually) to copy filtered resources, i.e. build is platform dependent!
2026-04-02 12:35:01,562 [Worker-111: Building] INFO  o.e.m.c.i.embedder.EclipseLogger - Copying 1 resource
2026-04-02 12:35:01,562 [Worker-111: Building] WARN  o.e.m.c.i.embedder.EclipseLogger - Using platform encoding (MS949 actually) to copy filtered resources, i.e. build is platform dependent!
2026-04-02 12:35:01,563 [Worker-111: Building] INFO  o.e.m.c.i.embedder.EclipseLogger - Copying 0 resource
2026-04-02 12:38:53,493 [Worker-114: Building] WARN  o.e.m.c.i.embedder.EclipseLogger - Using platform encoding (MS949 actually) to copy filtered resources, i.e. build is platform dependent!
2026-04-02 12:38:53,494 [Worker-114: Building] INFO  o.e.m.c.i.embedder.EclipseLogger - Copying 1 resource
2026-04-02 12:38:53,494 [Worker-114: Building] WARN  o.e.m.c.i.embedder.EclipseLogger - Using platform encoding (MS949 actually) to copy filtered resources, i.e. build is platform dependent!
2026-04-02 12:38:53,495 [Worker-114: Building] INFO  o.e.m.c.i.embedder.EclipseLogger - Copying 0 resource
2026-04-02 12:39:05,555 [Worker-114: Building] WARN  o.e.m.c.i.embedder.EclipseLogger - Using platform encoding (MS949 actually) to copy filtered resources, i.e. build is platform dependent!
2026-04-02 12:39:05,556 [Worker-114: Building] INFO  o.e.m.c.i.embedder.EclipseLogger - Copying 1 resource
2026-04-02 12:39:05,556 [Worker-114: Building] WARN  o.e.m.c.i.embedder.EclipseLogger - Using platform encoding (MS949 actually) to copy filtered resources, i.e. build is platform dependent!
2026-04-02 12:39:05,557 [Worker-114: Building] INFO  o.e.m.c.i.embedder.EclipseLogger - Copying 0 resource
2026-04-02 12:49:08,058 [Worker-117: Building] WARN  o.e.m.c.i.embedder.EclipseLogger - Using platform encoding (MS949 actually) to copy filtered resources, i.e. build is platform dependent!
2026-04-02 12:49:08,060 [Worker-117: Building] INFO  o.e.m.c.i.embedder.EclipseLogger - Copying 1 resource
2026-04-02 12:49:08,060 [Worker-117: Building] WARN  o.e.m.c.i.embedder.EclipseLogger - Using platform encoding (MS949 actually) to copy filtered resources, i.e. build is platform dependent!
2026-04-02 12:49:08,061 [Worker-117: Building] INFO  o.e.m.c.i.embedder.EclipseLogger - Copying 0 resource
2026-04-02 12:49:09,083 [Worker-118: Building] WARN  o.e.m.c.i.embedder.EclipseLogger - Using platform encoding (MS949 actually) to copy filtered resources, i.e. build is platform dependent!
2026-04-02 12:49:09,084 [Worker-118: Building] INFO  o.e.m.c.i.embedder.EclipseLogger - Copying 0 resource
2026-04-02 12:49:09,086 [Worker-118: Building] WARN  o.e.m.c.i.embedder.EclipseLogger - Using platform encoding (MS949 actually) to copy filtered resources, i.e. build is platform dependent!
2026-04-02 12:49:09,087 [Worker-118: Building] INFO  o.e.m.c.i.embedder.EclipseLogger - Copying 0 resource
2026-04-02 14:10:27,326 [Worker-144: Building] WARN  o.e.m.c.i.embedder.EclipseLogger - Using platform encoding (MS949 actually) to copy filtered resources, i.e. build is platform dependent!
2026-04-02 14:10:27,327 [Worker-144: Building] INFO  o.e.m.c.i.embedder.EclipseLogger - Copying 1 resource
2026-04-02 14:10:27,327 [Worker-144: Building] WARN  o.e.m.c.i.embedder.EclipseLogger - Using platform encoding (MS949 actually) to copy filtered resources, i.e. build is platform dependent!
2026-04-02 14:10:27,328 [Worker-144: Building] INFO  o.e.m.c.i.embedder.EclipseLogger - Copying 0 resource
2026-04-02 14:10:28,364 [Worker-149: Building] WARN  o.e.m.c.i.embedder.EclipseLogger - Using platform encoding (MS949 actually) to copy filtered resources, i.e. build is platform dependent!
2026-04-02 14:10:28,366 [Worker-149: Building] INFO  o.e.m.c.i.embedder.EclipseLogger - Copying 1 resource
2026-04-02 14:10:28,367 [Worker-149: Building] WARN  o.e.m.c.i.embedder.EclipseLogger - Using platform encoding (MS949 actually) to copy filtered resources, i.e. build is platform dependent!
2026-04-02 14:10:28,367 [Worker-149: Building] INFO  o.e.m.c.i.embedder.EclipseLogger - Copying 0 resource
2026-04-02 14:14:23,594 [Worker-152: Building] WARN  o.e.m.c.i.embedder.EclipseLogger - Using platform encoding (MS949 actually) to copy filtered resources, i.e. build is platform dependent!
2026-04-02 14:14:23,595 [Worker-152: Building] INFO  o.e.m.c.i.embedder.EclipseLogger - Copying 1 resource
2026-04-02 14:14:23,596 [Worker-152: Building] WARN  o.e.m.c.i.embedder.EclipseLogger - Using platform encoding (MS949 actually) to copy filtered resources, i.e. build is platform dependent!
2026-04-02 14:14:23,596 [Worker-152: Building] INFO  o.e.m.c.i.embedder.EclipseLogger - Copying 0 resource
2026-04-02 14:16:11,972 [Worker-150: Building] WARN  o.e.m.c.i.embedder.EclipseLogger - Using platform encoding (MS949 actually) to copy filtered resources, i.e. build is platform dependent!
2026-04-02 14:16:11,972 [Worker-150: Building] INFO  o.e.m.c.i.embedder.EclipseLogger - Copying 1 resource
2026-04-02 14:16:11,973 [Worker-150: Building] WARN  o.e.m.c.i.embedder.EclipseLogger - Using platform encoding (MS949 actually) to copy filtered resources, i.e. build is platform dependent!
2026-04-02 14:16:11,973 [Worker-150: Building] INFO  o.e.m.c.i.embedder.EclipseLogger - Copying 0 resource
2026-04-02 14:16:17,953 [Worker-152: Building] WARN  o.e.m.c.i.embedder.EclipseLogger - Using platform encoding (MS949 actually) to copy filtered resources, i.e. build is platform dependent!
2026-04-02 14:16:17,953 [Worker-152: Building] INFO  o.e.m.c.i.embedder.EclipseLogger - Copying 1 resource
2026-04-02 14:16:17,954 [Worker-152: Building] WARN  o.e.m.c.i.embedder.EclipseLogger - Using platform encoding (MS949 actually) to copy filtered resources, i.e. build is platform dependent!
2026-04-02 14:16:17,954 [Worker-152: Building] INFO  o.e.m.c.i.embedder.EclipseLogger - Copying 0 resource
2026-04-02 14:16:21,017 [Worker-153: Building] WARN  o.e.m.c.i.embedder.EclipseLogger - Using platform encoding (MS949 actually) to copy filtered resources, i.e. build is platform dependent!
2026-04-02 14:16:21,017 [Worker-153: Building] INFO  o.e.m.c.i.embedder.EclipseLogger - Copying 1 resource
2026-04-02 14:16:21,018 [Worker-153: Building] WARN  o.e.m.c.i.embedder.EclipseLogger - Using platform encoding (MS949 actually) to copy filtered resources, i.e. build is platform dependent!
2026-04-02 14:16:21,018 [Worker-153: Building] INFO  o.e.m.c.i.embedder.EclipseLogger - Copying 0 resource
2026-04-02 14:18:05,771 [Worker-152: Building] WARN  o.e.m.c.i.embedder.EclipseLogger - Using platform encoding (MS949 actually) to copy filtered resources, i.e. build is platform dependent!
2026-04-02 14:18:05,773 [Worker-152: Building] INFO  o.e.m.c.i.embedder.EclipseLogger - Copying 1 resource
2026-04-02 14:18:05,773 [Worker-152: Building] WARN  o.e.m.c.i.embedder.EclipseLogger - Using platform encoding (MS949 actually) to copy filtered resources, i.e. build is platform dependent!
2026-04-02 14:18:05,774 [Worker-152: Building] INFO  o.e.m.c.i.embedder.EclipseLogger - Copying 0 resource
2026-04-02 14:20:11,009 [Worker-156: Building] WARN  o.e.m.c.i.embedder.EclipseLogger - Using platform encoding (MS949 actually) to copy filtered resources, i.e. build is platform dependent!
2026-04-02 14:20:11,010 [Worker-156: Building] INFO  o.e.m.c.i.embedder.EclipseLogger - Copying 1 resource
2026-04-02 14:20:11,011 [Worker-156: Building] WARN  o.e.m.c.i.embedder.EclipseLogger - Using platform encoding (MS949 actually) to copy filtered resources, i.e. build is platform dependent!
2026-04-02 14:20:11,012 [Worker-156: Building] INFO  o.e.m.c.i.embedder.EclipseLogger - Copying 0 resource
2026-04-02 14:20:13,878 [Worker-156: Building] WARN  o.e.m.c.i.embedder.EclipseLogger - Using platform encoding (MS949 actually) to copy filtered resources, i.e. build is platform dependent!
2026-04-02 14:20:13,879 [Worker-156: Building] INFO  o.e.m.c.i.embedder.EclipseLogger - Copying 1 resource
2026-04-02 14:20:13,879 [Worker-156: Building] WARN  o.e.m.c.i.embedder.EclipseLogger - Using platform encoding (MS949 actually) to copy filtered resources, i.e. build is platform dependent!
2026-04-02 14:20:13,879 [Worker-156: Building] INFO  o.e.m.c.i.embedder.EclipseLogger - Copying 0 resource
2026-04-02 14:21:14,335 [Worker-157: Building] WARN  o.e.m.c.i.embedder.EclipseLogger - Using platform encoding (MS949 actually) to copy filtered resources, i.e. build is platform dependent!
2026-04-02 14:21:14,336 [Worker-157: Building] INFO  o.e.m.c.i.embedder.EclipseLogger - Copying 1 resource
2026-04-02 14:21:14,337 [Worker-157: Building] WARN  o.e.m.c.i.embedder.EclipseLogger - Using platform encoding (MS949 actually) to copy filtered resources, i.e. build is platform dependent!
2026-04-02 14:21:14,337 [Worker-157: Building] INFO  o.e.m.c.i.embedder.EclipseLogger - Copying 0 resource
2026-04-02 14:23:05,565 [Worker-156: Building] WARN  o.e.m.c.i.embedder.EclipseLogger - Using platform encoding (MS949 actually) to copy filtered resources, i.e. build is platform dependent!
2026-04-02 14:23:05,566 [Worker-156: Building] INFO  o.e.m.c.i.embedder.EclipseLogger - Copying 1 resource
2026-04-02 14:23:05,566 [Worker-156: Building] WARN  o.e.m.c.i.embedder.EclipseLogger - Using platform encoding (MS949 actually) to copy filtered resources, i.e. build is platform dependent!
2026-04-02 14:23:05,567 [Worker-156: Building] INFO  o.e.m.c.i.embedder.EclipseLogger - Copying 0 resource
2026-04-02 14:23:16,845 [Worker-153: Building] WARN  o.e.m.c.i.embedder.EclipseLogger - Using platform encoding (MS949 actually) to copy filtered resources, i.e. build is platform dependent!
2026-04-02 14:23:16,846 [Worker-153: Building] INFO  o.e.m.c.i.embedder.EclipseLogger - Copying 1 resource
2026-04-02 14:23:16,846 [Worker-153: Building] WARN  o.e.m.c.i.embedder.EclipseLogger - Using platform encoding (MS949 actually) to copy filtered resources, i.e. build is platform dependent!
2026-04-02 14:23:16,847 [Worker-153: Building] INFO  o.e.m.c.i.embedder.EclipseLogger - Copying 0 resource
2026-04-02 14:24:04,527 [Worker-156: Building] WARN  o.e.m.c.i.embedder.EclipseLogger - Using platform encoding (MS949 actually) to copy filtered resources, i.e. build is platform dependent!
2026-04-02 14:24:04,528 [Worker-156: Building] INFO  o.e.m.c.i.embedder.EclipseLogger - Copying 1 resource
2026-04-02 14:24:04,528 [Worker-156: Building] WARN  o.e.m.c.i.embedder.EclipseLogger - Using platform encoding (MS949 actually) to copy filtered resources, i.e. build is platform dependent!
2026-04-02 14:24:04,528 [Worker-156: Building] INFO  o.e.m.c.i.embedder.EclipseLogger - Copying 0 resource
2026-04-02 14:24:54,923 [Worker-160: Building] WARN  o.e.m.c.i.embedder.EclipseLogger - Using platform encoding (MS949 actually) to copy filtered resources, i.e. build is platform dependent!
2026-04-02 14:24:54,924 [Worker-160: Building] INFO  o.e.m.c.i.embedder.EclipseLogger - Copying 1 resource
2026-04-02 14:24:54,924 [Worker-160: Building] WARN  o.e.m.c.i.embedder.EclipseLogger - Using platform encoding (MS949 actually) to copy filtered resources, i.e. build is platform dependent!
2026-04-02 14:24:54,925 [Worker-160: Building] INFO  o.e.m.c.i.embedder.EclipseLogger - Copying 0 resource
2026-04-02 14:26:41,079 [Worker-161: Building] WARN  o.e.m.c.i.embedder.EclipseLogger - Using platform encoding (MS949 actually) to copy filtered resources, i.e. build is platform dependent!
2026-04-02 14:26:41,080 [Worker-161: Building] INFO  o.e.m.c.i.embedder.EclipseLogger - Copying 1 resource
2026-04-02 14:26:41,080 [Worker-161: Building] WARN  o.e.m.c.i.embedder.EclipseLogger - Using platform encoding (MS949 actually) to copy filtered resources, i.e. build is platform dependent!
2026-04-02 14:26:41,081 [Worker-161: Building] INFO  o.e.m.c.i.embedder.EclipseLogger - Copying 0 resource
2026-04-02 14:26:43,113 [Worker-161: Building] WARN  o.e.m.c.i.embedder.EclipseLogger - Using platform encoding (MS949 actually) to copy filtered resources, i.e. build is platform dependent!
2026-04-02 14:26:43,113 [Worker-161: Building] INFO  o.e.m.c.i.embedder.EclipseLogger - Copying 1 resource
2026-04-02 14:26:43,115 [Worker-161: Building] WARN  o.e.m.c.i.embedder.EclipseLogger - Using platform encoding (MS949 actually) to copy filtered resources, i.e. build is platform dependent!
2026-04-02 14:26:43,115 [Worker-161: Building] INFO  o.e.m.c.i.embedder.EclipseLogger - Copying 0 resource
2026-04-02 14:26:44,362 [Worker-163: Building] WARN  o.e.m.c.i.embedder.EclipseLogger - Using platform encoding (MS949 actually) to copy filtered resources, i.e. build is platform dependent!
2026-04-02 14:26:44,363 [Worker-163: Building] INFO  o.e.m.c.i.embedder.EclipseLogger - Copying 1 resource
2026-04-02 14:26:44,364 [Worker-163: Building] WARN  o.e.m.c.i.embedder.EclipseLogger - Using platform encoding (MS949 actually) to copy filtered resources, i.e. build is platform dependent!
2026-04-02 14:26:44,364 [Worker-163: Building] INFO  o.e.m.c.i.embedder.EclipseLogger - Copying 0 resource
2026-04-02 14:26:51,421 [Worker-162: Building] WARN  o.e.m.c.i.embedder.EclipseLogger - Using platform encoding (MS949 actually) to copy filtered resources, i.e. build is platform dependent!
2026-04-02 14:26:51,421 [Worker-162: Building] INFO  o.e.m.c.i.embedder.EclipseLogger - Copying 1 resource
2026-04-02 14:26:51,422 [Worker-162: Building] WARN  o.e.m.c.i.embedder.EclipseLogger - Using platform encoding (MS949 actually) to copy filtered resources, i.e. build is platform dependent!
2026-04-02 14:26:51,422 [Worker-162: Building] INFO  o.e.m.c.i.embedder.EclipseLogger - Copying 0 resource
2026-04-02 14:27:09,868 [Worker-153: Building] WARN  o.e.m.c.i.embedder.EclipseLogger - Using platform encoding (MS949 actually) to copy filtered resources, i.e. build is platform dependent!
2026-04-02 14:27:09,868 [Worker-153: Building] INFO  o.e.m.c.i.embedder.EclipseLogger - Copying 1 resource
2026-04-02 14:27:09,869 [Worker-153: Building] WARN  o.e.m.c.i.embedder.EclipseLogger - Using platform encoding (MS949 actually) to copy filtered resources, i.e. build is platform dependent!
2026-04-02 14:27:09,869 [Worker-153: Building] INFO  o.e.m.c.i.embedder.EclipseLogger - Copying 0 resource
2026-04-02 14:27:20,416 [Worker-162: Building] WARN  o.e.m.c.i.embedder.EclipseLogger - Using platform encoding (MS949 actually) to copy filtered resources, i.e. build is platform dependent!
2026-04-02 14:27:20,417 [Worker-162: Building] INFO  o.e.m.c.i.embedder.EclipseLogger - Copying 1 resource
2026-04-02 14:27:20,417 [Worker-162: Building] WARN  o.e.m.c.i.embedder.EclipseLogger - Using platform encoding (MS949 actually) to copy filtered resources, i.e. build is platform dependent!
2026-04-02 14:27:20,418 [Worker-162: Building] INFO  o.e.m.c.i.embedder.EclipseLogger - Copying 0 resource
2026-04-02 14:29:57,544 [Worker-163: Building] WARN  o.e.m.c.i.embedder.EclipseLogger - Using platform encoding (MS949 actually) to copy filtered resources, i.e. build is platform dependent!
2026-04-02 14:29:57,545 [Worker-163: Building] INFO  o.e.m.c.i.embedder.EclipseLogger - Copying 1 resource
2026-04-02 14:29:57,546 [Worker-163: Building] WARN  o.e.m.c.i.embedder.EclipseLogger - Using platform encoding (MS949 actually) to copy filtered resources, i.e. build is platform dependent!
2026-04-02 14:29:57,546 [Worker-163: Building] INFO  o.e.m.c.i.embedder.EclipseLogger - Copying 0 resource
2026-04-02 14:36:42,390 [Worker-171: Building] WARN  o.e.m.c.i.embedder.EclipseLogger - Using platform encoding (MS949 actually) to copy filtered resources, i.e. build is platform dependent!
2026-04-02 14:36:42,390 [Worker-171: Building] INFO  o.e.m.c.i.embedder.EclipseLogger - Copying 1 resource
2026-04-02 14:36:42,391 [Worker-171: Building] WARN  o.e.m.c.i.embedder.EclipseLogger - Using platform encoding (MS949 actually) to copy filtered resources, i.e. build is platform dependent!
2026-04-02 14:36:42,391 [Worker-171: Building] INFO  o.e.m.c.i.embedder.EclipseLogger - Copying 0 resource
2026-04-02 14:38:28,522 [Worker-168: Building] WARN  o.e.m.c.i.embedder.EclipseLogger - Using platform encoding (MS949 actually) to copy filtered resources, i.e. build is platform dependent!
2026-04-02 14:38:28,523 [Worker-168: Building] INFO  o.e.m.c.i.embedder.EclipseLogger - Copying 1 resource
2026-04-02 14:38:28,523 [Worker-168: Building] WARN  o.e.m.c.i.embedder.EclipseLogger - Using platform encoding (MS949 actually) to copy filtered resources, i.e. build is platform dependent!
2026-04-02 14:38:28,524 [Worker-168: Building] INFO  o.e.m.c.i.embedder.EclipseLogger - Copying 0 resource
2026-04-02 14:38:39,462 [Worker-166: Building] WARN  o.e.m.c.i.embedder.EclipseLogger - Using platform encoding (MS949 actually) to copy filtered resources, i.e. build is platform dependent!
2026-04-02 14:38:39,463 [Worker-166: Building] INFO  o.e.m.c.i.embedder.EclipseLogger - Copying 1 resource
2026-04-02 14:38:39,464 [Worker-166: Building] WARN  o.e.m.c.i.embedder.EclipseLogger - Using platform encoding (MS949 actually) to copy filtered resources, i.e. build is platform dependent!
2026-04-02 14:38:39,464 [Worker-166: Building] INFO  o.e.m.c.i.embedder.EclipseLogger - Copying 0 resource
2026-04-02 14:38:44,965 [Worker-173: Building] WARN  o.e.m.c.i.embedder.EclipseLogger - Using platform encoding (MS949 actually) to copy filtered resources, i.e. build is platform dependent!
2026-04-02 14:38:44,965 [Worker-173: Building] INFO  o.e.m.c.i.embedder.EclipseLogger - Copying 1 resource
2026-04-02 14:38:44,966 [Worker-173: Building] WARN  o.e.m.c.i.embedder.EclipseLogger - Using platform encoding (MS949 actually) to copy filtered resources, i.e. build is platform dependent!
2026-04-02 14:38:44,966 [Worker-173: Building] INFO  o.e.m.c.i.embedder.EclipseLogger - Copying 0 resource
2026-04-02 14:38:50,979 [Worker-168: Building] WARN  o.e.m.c.i.embedder.EclipseLogger - Using platform encoding (MS949 actually) to copy filtered resources, i.e. build is platform dependent!
2026-04-02 14:38:50,980 [Worker-168: Building] INFO  o.e.m.c.i.embedder.EclipseLogger - Copying 1 resource
2026-04-02 14:38:50,981 [Worker-168: Building] WARN  o.e.m.c.i.embedder.EclipseLogger - Using platform encoding (MS949 actually) to copy filtered resources, i.e. build is platform dependent!
2026-04-02 14:38:50,981 [Worker-168: Building] INFO  o.e.m.c.i.embedder.EclipseLogger - Copying 0 resource
2026-04-02 14:40:46,325 [Worker-174: Building] WARN  o.e.m.c.i.embedder.EclipseLogger - Using platform encoding (MS949 actually) to copy filtered resources, i.e. build is platform dependent!
2026-04-02 14:40:46,326 [Worker-174: Building] INFO  o.e.m.c.i.embedder.EclipseLogger - Copying 1 resource
2026-04-02 14:40:46,326 [Worker-174: Building] WARN  o.e.m.c.i.embedder.EclipseLogger - Using platform encoding (MS949 actually) to copy filtered resources, i.e. build is platform dependent!
2026-04-02 14:40:46,327 [Worker-174: Building] INFO  o.e.m.c.i.embedder.EclipseLogger - Copying 0 resource
2026-04-02 14:40:47,397 [Worker-174: Building] WARN  o.e.m.c.i.embedder.EclipseLogger - Using platform encoding (MS949 actually) to copy filtered resources, i.e. build is platform dependent!
2026-04-02 14:40:47,398 [Worker-174: Building] INFO  o.e.m.c.i.embedder.EclipseLogger - Copying 1 resource
2026-04-02 14:40:47,398 [Worker-174: Building] WARN  o.e.m.c.i.embedder.EclipseLogger - Using platform encoding (MS949 actually) to copy filtered resources, i.e. build is platform dependent!
2026-04-02 14:40:47,399 [Worker-174: Building] INFO  o.e.m.c.i.embedder.EclipseLogger - Copying 0 resource
2026-04-02 14:41:10,419 [Worker-166: Building] WARN  o.e.m.c.i.embedder.EclipseLogger - Using platform encoding (MS949 actually) to copy filtered resources, i.e. build is platform dependent!
2026-04-02 14:41:10,420 [Worker-166: Building] INFO  o.e.m.c.i.embedder.EclipseLogger - Copying 1 resource
2026-04-02 14:41:10,421 [Worker-166: Building] WARN  o.e.m.c.i.embedder.EclipseLogger - Using platform encoding (MS949 actually) to copy filtered resources, i.e. build is platform dependent!
2026-04-02 14:41:10,421 [Worker-166: Building] INFO  o.e.m.c.i.embedder.EclipseLogger - Copying 0 resource
2026-04-02 14:41:15,553 [Worker-174: Building] WARN  o.e.m.c.i.embedder.EclipseLogger - Using platform encoding (MS949 actually) to copy filtered resources, i.e. build is platform dependent!
2026-04-02 14:41:15,555 [Worker-174: Building] INFO  o.e.m.c.i.embedder.EclipseLogger - Copying 1 resource
2026-04-02 14:41:15,556 [Worker-174: Building] WARN  o.e.m.c.i.embedder.EclipseLogger - Using platform encoding (MS949 actually) to copy filtered resources, i.e. build is platform dependent!
2026-04-02 14:41:15,557 [Worker-174: Building] INFO  o.e.m.c.i.embedder.EclipseLogger - Copying 0 resource
2026-04-02 14:41:33,846 [Worker-173: Building] WARN  o.e.m.c.i.embedder.EclipseLogger - Using platform encoding (MS949 actually) to copy filtered resources, i.e. build is platform dependent!
2026-04-02 14:41:33,847 [Worker-173: Building] INFO  o.e.m.c.i.embedder.EclipseLogger - Copying 1 resource
2026-04-02 14:41:33,848 [Worker-173: Building] WARN  o.e.m.c.i.embedder.EclipseLogger - Using platform encoding (MS949 actually) to copy filtered resources, i.e. build is platform dependent!
2026-04-02 14:41:33,848 [Worker-173: Building] INFO  o.e.m.c.i.embedder.EclipseLogger - Copying 0 resource
2026-04-02 14:42:12,201 [Worker-175: Building] WARN  o.e.m.c.i.embedder.EclipseLogger - Using platform encoding (MS949 actually) to copy filtered resources, i.e. build is platform dependent!
2026-04-02 14:42:12,202 [Worker-175: Building] INFO  o.e.m.c.i.embedder.EclipseLogger - Copying 1 resource
2026-04-02 14:42:12,202 [Worker-175: Building] WARN  o.e.m.c.i.embedder.EclipseLogger - Using platform encoding (MS949 actually) to copy filtered resources, i.e. build is platform dependent!
2026-04-02 14:42:12,203 [Worker-175: Building] INFO  o.e.m.c.i.embedder.EclipseLogger - Copying 0 resource
2026-04-02 14:43:43,615 [Worker-176: Building] WARN  o.e.m.c.i.embedder.EclipseLogger - Using platform encoding (MS949 actually) to copy filtered resources, i.e. build is platform dependent!
2026-04-02 14:43:43,616 [Worker-176: Building] INFO  o.e.m.c.i.embedder.EclipseLogger - Copying 1 resource
2026-04-02 14:43:43,616 [Worker-176: Building] WARN  o.e.m.c.i.embedder.EclipseLogger - Using platform encoding (MS949 actually) to copy filtered resources, i.e. build is platform dependent!
2026-04-02 14:43:43,617 [Worker-176: Building] INFO  o.e.m.c.i.embedder.EclipseLogger - Copying 0 resource
2026-04-02 14:44:02,247 [Worker-175: Building] WARN  o.e.m.c.i.embedder.EclipseLogger - Using platform encoding (MS949 actually) to copy filtered resources, i.e. build is platform dependent!
2026-04-02 14:44:02,248 [Worker-175: Building] INFO  o.e.m.c.i.embedder.EclipseLogger - Copying 1 resource
2026-04-02 14:44:02,249 [Worker-175: Building] WARN  o.e.m.c.i.embedder.EclipseLogger - Using platform encoding (MS949 actually) to copy filtered resources, i.e. build is platform dependent!
2026-04-02 14:44:02,249 [Worker-175: Building] INFO  o.e.m.c.i.embedder.EclipseLogger - Copying 0 resource
2026-04-02 14:44:16,716 [Worker-175: Building] WARN  o.e.m.c.i.embedder.EclipseLogger - Using platform encoding (MS949 actually) to copy filtered resources, i.e. build is platform dependent!
2026-04-02 14:44:16,717 [Worker-175: Building] INFO  o.e.m.c.i.embedder.EclipseLogger - Copying 1 resource
2026-04-02 14:44:16,717 [Worker-175: Building] WARN  o.e.m.c.i.embedder.EclipseLogger - Using platform encoding (MS949 actually) to copy filtered resources, i.e. build is platform dependent!
2026-04-02 14:44:16,718 [Worker-175: Building] INFO  o.e.m.c.i.embedder.EclipseLogger - Copying 0 resource
2026-04-02 14:44:30,122 [Worker-175: Building] WARN  o.e.m.c.i.embedder.EclipseLogger - Using platform encoding (MS949 actually) to copy filtered resources, i.e. build is platform dependent!
2026-04-02 14:44:30,123 [Worker-175: Building] INFO  o.e.m.c.i.embedder.EclipseLogger - Copying 1 resource
2026-04-02 14:44:30,123 [Worker-175: Building] WARN  o.e.m.c.i.embedder.EclipseLogger - Using platform encoding (MS949 actually) to copy filtered resources, i.e. build is platform dependent!
2026-04-02 14:44:30,124 [Worker-175: Building] INFO  o.e.m.c.i.embedder.EclipseLogger - Copying 0 resource
2026-04-02 14:45:00,706 [Worker-171: Building] WARN  o.e.m.c.i.embedder.EclipseLogger - Using platform encoding (MS949 actually) to copy filtered resources, i.e. build is platform dependent!
2026-04-02 14:45:00,707 [Worker-171: Building] INFO  o.e.m.c.i.embedder.EclipseLogger - Copying 1 resource
2026-04-02 14:45:00,708 [Worker-171: Building] WARN  o.e.m.c.i.embedder.EclipseLogger - Using platform encoding (MS949 actually) to copy filtered resources, i.e. build is platform dependent!
2026-04-02 14:45:00,708 [Worker-171: Building] INFO  o.e.m.c.i.embedder.EclipseLogger - Copying 0 resource
2026-04-02 14:45:18,583 [Worker-176: Building] WARN  o.e.m.c.i.embedder.EclipseLogger - Using platform encoding (MS949 actually) to copy filtered resources, i.e. build is platform dependent!
2026-04-02 14:45:18,584 [Worker-176: Building] INFO  o.e.m.c.i.embedder.EclipseLogger - Copying 1 resource
2026-04-02 14:45:18,585 [Worker-176: Building] WARN  o.e.m.c.i.embedder.EclipseLogger - Using platform encoding (MS949 actually) to copy filtered resources, i.e. build is platform dependent!
2026-04-02 14:45:18,585 [Worker-176: Building] INFO  o.e.m.c.i.embedder.EclipseLogger - Copying 0 resource
2026-04-02 14:45:22,098 [Worker-177: Building] WARN  o.e.m.c.i.embedder.EclipseLogger - Using platform encoding (MS949 actually) to copy filtered resources, i.e. build is platform dependent!
2026-04-02 14:45:22,099 [Worker-177: Building] INFO  o.e.m.c.i.embedder.EclipseLogger - Copying 1 resource
2026-04-02 14:45:22,099 [Worker-177: Building] WARN  o.e.m.c.i.embedder.EclipseLogger - Using platform encoding (MS949 actually) to copy filtered resources, i.e. build is platform dependent!
2026-04-02 14:45:22,099 [Worker-177: Building] INFO  o.e.m.c.i.embedder.EclipseLogger - Copying 0 resource
2026-04-02 14:46:04,344 [Worker-174: Building] WARN  o.e.m.c.i.embedder.EclipseLogger - Using platform encoding (MS949 actually) to copy filtered resources, i.e. build is platform dependent!
2026-04-02 14:46:04,345 [Worker-174: Building] INFO  o.e.m.c.i.embedder.EclipseLogger - Copying 1 resource
2026-04-02 14:46:04,345 [Worker-174: Building] WARN  o.e.m.c.i.embedder.EclipseLogger - Using platform encoding (MS949 actually) to copy filtered resources, i.e. build is platform dependent!
2026-04-02 14:46:04,346 [Worker-174: Building] INFO  o.e.m.c.i.embedder.EclipseLogger - Copying 0 resource
2026-04-02 14:46:10,015 [Worker-174: Building] WARN  o.e.m.c.i.embedder.EclipseLogger - Using platform encoding (MS949 actually) to copy filtered resources, i.e. build is platform dependent!
2026-04-02 14:46:10,016 [Worker-174: Building] INFO  o.e.m.c.i.embedder.EclipseLogger - Copying 1 resource
2026-04-02 14:46:10,016 [Worker-174: Building] WARN  o.e.m.c.i.embedder.EclipseLogger - Using platform encoding (MS949 actually) to copy filtered resources, i.e. build is platform dependent!
2026-04-02 14:46:10,016 [Worker-174: Building] INFO  o.e.m.c.i.embedder.EclipseLogger - Copying 0 resource
2026-04-02 14:46:23,042 [Worker-176: Building] WARN  o.e.m.c.i.embedder.EclipseLogger - Using platform encoding (MS949 actually) to copy filtered resources, i.e. build is platform dependent!
2026-04-02 14:46:23,043 [Worker-176: Building] INFO  o.e.m.c.i.embedder.EclipseLogger - Copying 1 resource
2026-04-02 14:46:23,044 [Worker-176: Building] WARN  o.e.m.c.i.embedder.EclipseLogger - Using platform encoding (MS949 actually) to copy filtered resources, i.e. build is platform dependent!
2026-04-02 14:46:23,045 [Worker-176: Building] INFO  o.e.m.c.i.embedder.EclipseLogger - Copying 0 resource
2026-04-02 14:48:35,063 [Worker-177: Building] WARN  o.e.m.c.i.embedder.EclipseLogger - Using platform encoding (MS949 actually) to copy filtered resources, i.e. build is platform dependent!
2026-04-02 14:48:35,063 [Worker-177: Building] INFO  o.e.m.c.i.embedder.EclipseLogger - Copying 1 resource
2026-04-02 14:48:35,064 [Worker-177: Building] WARN  o.e.m.c.i.embedder.EclipseLogger - Using platform encoding (MS949 actually) to copy filtered resources, i.e. build is platform dependent!
2026-04-02 14:48:35,064 [Worker-177: Building] INFO  o.e.m.c.i.embedder.EclipseLogger - Copying 0 resource
2026-04-02 14:48:50,202 [Worker-175: Building] WARN  o.e.m.c.i.embedder.EclipseLogger - Using platform encoding (MS949 actually) to copy filtered resources, i.e. build is platform dependent!
2026-04-02 14:48:50,203 [Worker-175: Building] INFO  o.e.m.c.i.embedder.EclipseLogger - Copying 1 resource
2026-04-02 14:48:50,203 [Worker-175: Building] WARN  o.e.m.c.i.embedder.EclipseLogger - Using platform encoding (MS949 actually) to copy filtered resources, i.e. build is platform dependent!
2026-04-02 14:48:50,203 [Worker-175: Building] INFO  o.e.m.c.i.embedder.EclipseLogger - Copying 0 resource
2026-04-02 14:49:23,096 [Worker-175: Building] WARN  o.e.m.c.i.embedder.EclipseLogger - Using platform encoding (MS949 actually) to copy filtered resources, i.e. build is platform dependent!
2026-04-02 14:49:23,097 [Worker-175: Building] INFO  o.e.m.c.i.embedder.EclipseLogger - Copying 1 resource
2026-04-02 14:49:23,097 [Worker-175: Building] WARN  o.e.m.c.i.embedder.EclipseLogger - Using platform encoding (MS949 actually) to copy filtered resources, i.e. build is platform dependent!
2026-04-02 14:49:23,098 [Worker-175: Building] INFO  o.e.m.c.i.embedder.EclipseLogger - Copying 0 resource
2026-04-02 14:49:30,423 [Worker-179: Building] WARN  o.e.m.c.i.embedder.EclipseLogger - Using platform encoding (MS949 actually) to copy filtered resources, i.e. build is platform dependent!
2026-04-02 14:49:30,424 [Worker-179: Building] INFO  o.e.m.c.i.embedder.EclipseLogger - Copying 1 resource
2026-04-02 14:49:30,425 [Worker-179: Building] WARN  o.e.m.c.i.embedder.EclipseLogger - Using platform encoding (MS949 actually) to copy filtered resources, i.e. build is platform dependent!
2026-04-02 14:49:30,425 [Worker-179: Building] INFO  o.e.m.c.i.embedder.EclipseLogger - Copying 0 resource
2026-04-02 15:04:28,670 [Worker-186: Building] WARN  o.e.m.c.i.embedder.EclipseLogger - Using platform encoding (MS949 actually) to copy filtered resources, i.e. build is platform dependent!
2026-04-02 15:04:28,671 [Worker-186: Building] INFO  o.e.m.c.i.embedder.EclipseLogger - Copying 1 resource
2026-04-02 15:04:28,671 [Worker-186: Building] WARN  o.e.m.c.i.embedder.EclipseLogger - Using platform encoding (MS949 actually) to copy filtered resources, i.e. build is platform dependent!
2026-04-02 15:04:28,671 [Worker-186: Building] INFO  o.e.m.c.i.embedder.EclipseLogger - Copying 0 resource
2026-04-02 15:04:46,289 [Worker-186: Building] WARN  o.e.m.c.i.embedder.EclipseLogger - Using platform encoding (MS949 actually) to copy filtered resources, i.e. build is platform dependent!
2026-04-02 15:04:46,290 [Worker-186: Building] INFO  o.e.m.c.i.embedder.EclipseLogger - Copying 1 resource
2026-04-02 15:04:46,291 [Worker-186: Building] WARN  o.e.m.c.i.embedder.EclipseLogger - Using platform encoding (MS949 actually) to copy filtered resources, i.e. build is platform dependent!
2026-04-02 15:04:46,291 [Worker-186: Building] INFO  o.e.m.c.i.embedder.EclipseLogger - Copying 0 resource
2026-04-02 15:05:05,524 [Worker-187: Building] WARN  o.e.m.c.i.embedder.EclipseLogger - Using platform encoding (MS949 actually) to copy filtered resources, i.e. build is platform dependent!
2026-04-02 15:05:05,525 [Worker-187: Building] INFO  o.e.m.c.i.embedder.EclipseLogger - Copying 1 resource
2026-04-02 15:05:05,528 [Worker-187: Building] WARN  o.e.m.c.i.embedder.EclipseLogger - Using platform encoding (MS949 actually) to copy filtered resources, i.e. build is platform dependent!
2026-04-02 15:05:05,528 [Worker-187: Building] INFO  o.e.m.c.i.embedder.EclipseLogger - Copying 0 resource
2026-04-02 15:05:16,524 [Worker-184: Building] WARN  o.e.m.c.i.embedder.EclipseLogger - Using platform encoding (MS949 actually) to copy filtered resources, i.e. build is platform dependent!
2026-04-02 15:05:16,524 [Worker-184: Building] INFO  o.e.m.c.i.embedder.EclipseLogger - Copying 1 resource
2026-04-02 15:05:16,525 [Worker-184: Building] WARN  o.e.m.c.i.embedder.EclipseLogger - Using platform encoding (MS949 actually) to copy filtered resources, i.e. build is platform dependent!
2026-04-02 15:05:16,525 [Worker-184: Building] INFO  o.e.m.c.i.embedder.EclipseLogger - Copying 0 resource
2026-04-02 15:05:52,565 [Worker-187: Building] WARN  o.e.m.c.i.embedder.EclipseLogger - Using platform encoding (MS949 actually) to copy filtered resources, i.e. build is platform dependent!
2026-04-02 15:05:52,566 [Worker-187: Building] INFO  o.e.m.c.i.embedder.EclipseLogger - Copying 1 resource
2026-04-02 15:05:52,566 [Worker-187: Building] WARN  o.e.m.c.i.embedder.EclipseLogger - Using platform encoding (MS949 actually) to copy filtered resources, i.e. build is platform dependent!
2026-04-02 15:05:52,567 [Worker-187: Building] INFO  o.e.m.c.i.embedder.EclipseLogger - Copying 0 resource
2026-04-02 15:06:06,208 [Worker-187: Building] WARN  o.e.m.c.i.embedder.EclipseLogger - Using platform encoding (MS949 actually) to copy filtered resources, i.e. build is platform dependent!
2026-04-02 15:06:06,208 [Worker-187: Building] INFO  o.e.m.c.i.embedder.EclipseLogger - Copying 1 resource
2026-04-02 15:06:06,209 [Worker-187: Building] WARN  o.e.m.c.i.embedder.EclipseLogger - Using platform encoding (MS949 actually) to copy filtered resources, i.e. build is platform dependent!
2026-04-02 15:06:06,209 [Worker-187: Building] INFO  o.e.m.c.i.embedder.EclipseLogger - Copying 0 resource
2026-04-02 15:06:30,383 [Worker-186: Building] WARN  o.e.m.c.i.embedder.EclipseLogger - Using platform encoding (MS949 actually) to copy filtered resources, i.e. build is platform dependent!
2026-04-02 15:06:30,383 [Worker-186: Building] INFO  o.e.m.c.i.embedder.EclipseLogger - Copying 1 resource
2026-04-02 15:06:30,384 [Worker-186: Building] WARN  o.e.m.c.i.embedder.EclipseLogger - Using platform encoding (MS949 actually) to copy filtered resources, i.e. build is platform dependent!
2026-04-02 15:06:30,384 [Worker-186: Building] INFO  o.e.m.c.i.embedder.EclipseLogger - Copying 0 resource
2026-04-02 15:09:27,713 [Worker-188: Building] WARN  o.e.m.c.i.embedder.EclipseLogger - Using platform encoding (MS949 actually) to copy filtered resources, i.e. build is platform dependent!
2026-04-02 15:09:27,714 [Worker-188: Building] INFO  o.e.m.c.i.embedder.EclipseLogger - Copying 1 resource
2026-04-02 15:09:27,715 [Worker-188: Building] WARN  o.e.m.c.i.embedder.EclipseLogger - Using platform encoding (MS949 actually) to copy filtered resources, i.e. build is platform dependent!
2026-04-02 15:09:27,715 [Worker-188: Building] INFO  o.e.m.c.i.embedder.EclipseLogger - Copying 0 resource
2026-04-02 15:12:38,128 [Worker-188: Building] WARN  o.e.m.c.i.embedder.EclipseLogger - Using platform encoding (MS949 actually) to copy filtered resources, i.e. build is platform dependent!
2026-04-02 15:12:38,129 [Worker-188: Building] INFO  o.e.m.c.i.embedder.EclipseLogger - Copying 1 resource
2026-04-02 15:12:38,129 [Worker-188: Building] WARN  o.e.m.c.i.embedder.EclipseLogger - Using platform encoding (MS949 actually) to copy filtered resources, i.e. build is platform dependent!
2026-04-02 15:12:38,130 [Worker-188: Building] INFO  o.e.m.c.i.embedder.EclipseLogger - Copying 0 resource
2026-04-02 15:15:04,952 [Worker-190: Building] WARN  o.e.m.c.i.embedder.EclipseLogger - Using platform encoding (MS949 actually) to copy filtered resources, i.e. build is platform dependent!
2026-04-02 15:15:04,953 [Worker-190: Building] INFO  o.e.m.c.i.embedder.EclipseLogger - Copying 1 resource
2026-04-02 15:15:04,954 [Worker-190: Building] WARN  o.e.m.c.i.embedder.EclipseLogger - Using platform encoding (MS949 actually) to copy filtered resources, i.e. build is platform dependent!
2026-04-02 15:15:04,954 [Worker-190: Building] INFO  o.e.m.c.i.embedder.EclipseLogger - Copying 0 resource
2026-04-02 15:16:31,803 [Worker-194: Building] WARN  o.e.m.c.i.embedder.EclipseLogger - Using platform encoding (MS949 actually) to copy filtered resources, i.e. build is platform dependent!
2026-04-02 15:16:31,804 [Worker-194: Building] INFO  o.e.m.c.i.embedder.EclipseLogger - Copying 1 resource
2026-04-02 15:16:31,805 [Worker-194: Building] WARN  o.e.m.c.i.embedder.EclipseLogger - Using platform encoding (MS949 actually) to copy filtered resources, i.e. build is platform dependent!
2026-04-02 15:16:31,805 [Worker-194: Building] INFO  o.e.m.c.i.embedder.EclipseLogger - Copying 0 resource
2026-04-02 15:18:35,243 [Worker-191: Building] WARN  o.e.m.c.i.embedder.EclipseLogger - Using platform encoding (MS949 actually) to copy filtered resources, i.e. build is platform dependent!
2026-04-02 15:18:35,244 [Worker-191: Building] INFO  o.e.m.c.i.embedder.EclipseLogger - Copying 1 resource
2026-04-02 15:18:35,244 [Worker-191: Building] WARN  o.e.m.c.i.embedder.EclipseLogger - Using platform encoding (MS949 actually) to copy filtered resources, i.e. build is platform dependent!
2026-04-02 15:18:35,244 [Worker-191: Building] INFO  o.e.m.c.i.embedder.EclipseLogger - Copying 0 resource
2026-04-02 15:18:42,579 [Worker-193: Building] WARN  o.e.m.c.i.embedder.EclipseLogger - Using platform encoding (MS949 actually) to copy filtered resources, i.e. build is platform dependent!
2026-04-02 15:18:42,580 [Worker-193: Building] INFO  o.e.m.c.i.embedder.EclipseLogger - Copying 1 resource
2026-04-02 15:18:42,580 [Worker-193: Building] WARN  o.e.m.c.i.embedder.EclipseLogger - Using platform encoding (MS949 actually) to copy filtered resources, i.e. build is platform dependent!
2026-04-02 15:18:42,581 [Worker-193: Building] INFO  o.e.m.c.i.embedder.EclipseLogger - Copying 0 resource
2026-04-02 15:18:58,746 [Worker-194: Building] WARN  o.e.m.c.i.embedder.EclipseLogger - Using platform encoding (MS949 actually) to copy filtered resources, i.e. build is platform dependent!
2026-04-02 15:18:58,747 [Worker-194: Building] INFO  o.e.m.c.i.embedder.EclipseLogger - Copying 1 resource
2026-04-02 15:18:58,747 [Worker-194: Building] WARN  o.e.m.c.i.embedder.EclipseLogger - Using platform encoding (MS949 actually) to copy filtered resources, i.e. build is platform dependent!
2026-04-02 15:18:58,748 [Worker-194: Building] INFO  o.e.m.c.i.embedder.EclipseLogger - Copying 0 resource
2026-04-02 15:19:37,260 [Worker-194: Building] WARN  o.e.m.c.i.embedder.EclipseLogger - Using platform encoding (MS949 actually) to copy filtered resources, i.e. build is platform dependent!
2026-04-02 15:19:37,260 [Worker-194: Building] INFO  o.e.m.c.i.embedder.EclipseLogger - Copying 1 resource
2026-04-02 15:19:37,261 [Worker-194: Building] WARN  o.e.m.c.i.embedder.EclipseLogger - Using platform encoding (MS949 actually) to copy filtered resources, i.e. build is platform dependent!
2026-04-02 15:19:37,261 [Worker-194: Building] INFO  o.e.m.c.i.embedder.EclipseLogger - Copying 0 resource
2026-04-02 15:19:48,629 [Worker-194: Building] WARN  o.e.m.c.i.embedder.EclipseLogger - Using platform encoding (MS949 actually) to copy filtered resources, i.e. build is platform dependent!
2026-04-02 15:19:48,630 [Worker-194: Building] INFO  o.e.m.c.i.embedder.EclipseLogger - Copying 1 resource
2026-04-02 15:19:48,630 [Worker-194: Building] WARN  o.e.m.c.i.embedder.EclipseLogger - Using platform encoding (MS949 actually) to copy filtered resources, i.e. build is platform dependent!
2026-04-02 15:19:48,630 [Worker-194: Building] INFO  o.e.m.c.i.embedder.EclipseLogger - Copying 0 resource
2026-04-02 15:20:04,813 [Worker-197: Building] WARN  o.e.m.c.i.embedder.EclipseLogger - Using platform encoding (MS949 actually) to copy filtered resources, i.e. build is platform dependent!
2026-04-02 15:20:04,814 [Worker-197: Building] INFO  o.e.m.c.i.embedder.EclipseLogger - Copying 1 resource
2026-04-02 15:20:04,814 [Worker-197: Building] WARN  o.e.m.c.i.embedder.EclipseLogger - Using platform encoding (MS949 actually) to copy filtered resources, i.e. build is platform dependent!
2026-04-02 15:20:04,814 [Worker-197: Building] INFO  o.e.m.c.i.embedder.EclipseLogger - Copying 0 resource
2026-04-02 15:21:46,642 [Worker-191: Building] WARN  o.e.m.c.i.embedder.EclipseLogger - Using platform encoding (MS949 actually) to copy filtered resources, i.e. build is platform dependent!
2026-04-02 15:21:46,643 [Worker-191: Building] INFO  o.e.m.c.i.embedder.EclipseLogger - Copying 1 resource
2026-04-02 15:21:46,643 [Worker-191: Building] WARN  o.e.m.c.i.embedder.EclipseLogger - Using platform encoding (MS949 actually) to copy filtered resources, i.e. build is platform dependent!
2026-04-02 15:21:46,644 [Worker-191: Building] INFO  o.e.m.c.i.embedder.EclipseLogger - Copying 0 resource
2026-04-02 15:22:29,404 [Worker-191: Building] WARN  o.e.m.c.i.embedder.EclipseLogger - Using platform encoding (MS949 actually) to copy filtered resources, i.e. build is platform dependent!
2026-04-02 15:22:29,405 [Worker-191: Building] INFO  o.e.m.c.i.embedder.EclipseLogger - Copying 1 resource
2026-04-02 15:22:29,405 [Worker-191: Building] WARN  o.e.m.c.i.embedder.EclipseLogger - Using platform encoding (MS949 actually) to copy filtered resources, i.e. build is platform dependent!
2026-04-02 15:22:29,406 [Worker-191: Building] INFO  o.e.m.c.i.embedder.EclipseLogger - Copying 0 resource
2026-04-02 15:23:12,877 [Worker-198: Building] WARN  o.e.m.c.i.embedder.EclipseLogger - Using platform encoding (MS949 actually) to copy filtered resources, i.e. build is platform dependent!
2026-04-02 15:23:12,878 [Worker-198: Building] INFO  o.e.m.c.i.embedder.EclipseLogger - Copying 1 resource
2026-04-02 15:23:12,878 [Worker-198: Building] WARN  o.e.m.c.i.embedder.EclipseLogger - Using platform encoding (MS949 actually) to copy filtered resources, i.e. build is platform dependent!
2026-04-02 15:23:12,878 [Worker-198: Building] INFO  o.e.m.c.i.embedder.EclipseLogger - Copying 0 resource
2026-04-02 15:23:13,921 [Worker-191: Building] WARN  o.e.m.c.i.embedder.EclipseLogger - Using platform encoding (MS949 actually) to copy filtered resources, i.e. build is platform dependent!
2026-04-02 15:23:13,922 [Worker-191: Building] INFO  o.e.m.c.i.embedder.EclipseLogger - Copying 1 resource
2026-04-02 15:23:13,923 [Worker-191: Building] WARN  o.e.m.c.i.embedder.EclipseLogger - Using platform encoding (MS949 actually) to copy filtered resources, i.e. build is platform dependent!
2026-04-02 15:23:13,923 [Worker-191: Building] INFO  o.e.m.c.i.embedder.EclipseLogger - Copying 0 resource
2026-04-02 15:26:56,080 [Worker-193: Building] WARN  o.e.m.c.i.embedder.EclipseLogger - Using platform encoding (MS949 actually) to copy filtered resources, i.e. build is platform dependent!
2026-04-02 15:26:56,081 [Worker-193: Building] INFO  o.e.m.c.i.embedder.EclipseLogger - Copying 0 resource
2026-04-02 15:26:56,081 [Worker-193: Building] WARN  o.e.m.c.i.embedder.EclipseLogger - Using platform encoding (MS949 actually) to copy filtered resources, i.e. build is platform dependent!
2026-04-02 15:26:56,082 [Worker-193: Building] INFO  o.e.m.c.i.embedder.EclipseLogger - Copying 0 resource
2026-04-02 15:27:55,543 [Worker-199: Building] WARN  o.e.m.c.i.embedder.EclipseLogger - Using platform encoding (MS949 actually) to copy filtered resources, i.e. build is platform dependent!
2026-04-02 15:27:55,544 [Worker-199: Building] INFO  o.e.m.c.i.embedder.EclipseLogger - Copying 1 resource
2026-04-02 15:27:55,545 [Worker-199: Building] WARN  o.e.m.c.i.embedder.EclipseLogger - Using platform encoding (MS949 actually) to copy filtered resources, i.e. build is platform dependent!
2026-04-02 15:27:55,545 [Worker-199: Building] INFO  o.e.m.c.i.embedder.EclipseLogger - Copying 0 resource
2026-04-02 15:28:30,918 [Worker-193: Building] WARN  o.e.m.c.i.embedder.EclipseLogger - Using platform encoding (MS949 actually) to copy filtered resources, i.e. build is platform dependent!
2026-04-02 15:28:30,919 [Worker-193: Building] INFO  o.e.m.c.i.embedder.EclipseLogger - Copying 1 resource
2026-04-02 15:28:30,919 [Worker-193: Building] WARN  o.e.m.c.i.embedder.EclipseLogger - Using platform encoding (MS949 actually) to copy filtered resources, i.e. build is platform dependent!
2026-04-02 15:28:30,920 [Worker-193: Building] INFO  o.e.m.c.i.embedder.EclipseLogger - Copying 0 resource
2026-04-02 15:28:37,636 [Worker-199: Building] WARN  o.e.m.c.i.embedder.EclipseLogger - Using platform encoding (MS949 actually) to copy filtered resources, i.e. build is platform dependent!
2026-04-02 15:28:37,638 [Worker-199: Building] INFO  o.e.m.c.i.embedder.EclipseLogger - Copying 1 resource
2026-04-02 15:28:37,639 [Worker-199: Building] WARN  o.e.m.c.i.embedder.EclipseLogger - Using platform encoding (MS949 actually) to copy filtered resources, i.e. build is platform dependent!
2026-04-02 15:28:37,639 [Worker-199: Building] INFO  o.e.m.c.i.embedder.EclipseLogger - Copying 0 resource
2026-04-02 15:28:50,506 [Worker-193: Building] WARN  o.e.m.c.i.embedder.EclipseLogger - Using platform encoding (MS949 actually) to copy filtered resources, i.e. build is platform dependent!
2026-04-02 15:28:50,507 [Worker-193: Building] INFO  o.e.m.c.i.embedder.EclipseLogger - Copying 1 resource
2026-04-02 15:28:50,507 [Worker-193: Building] WARN  o.e.m.c.i.embedder.EclipseLogger - Using platform encoding (MS949 actually) to copy filtered resources, i.e. build is platform dependent!
2026-04-02 15:28:50,509 [Worker-193: Building] INFO  o.e.m.c.i.embedder.EclipseLogger - Copying 0 resource
2026-04-02 15:33:58,726 [Worker-202: Building] WARN  o.e.m.c.i.embedder.EclipseLogger - Using platform encoding (MS949 actually) to copy filtered resources, i.e. build is platform dependent!
2026-04-02 15:33:58,727 [Worker-202: Building] INFO  o.e.m.c.i.embedder.EclipseLogger - Copying 1 resource
2026-04-02 15:33:58,727 [Worker-202: Building] WARN  o.e.m.c.i.embedder.EclipseLogger - Using platform encoding (MS949 actually) to copy filtered resources, i.e. build is platform dependent!
2026-04-02 15:33:58,728 [Worker-202: Building] INFO  o.e.m.c.i.embedder.EclipseLogger - Copying 0 resource
2026-04-02 15:34:34,037 [Worker-203: Building] WARN  o.e.m.c.i.embedder.EclipseLogger - Using platform encoding (MS949 actually) to copy filtered resources, i.e. build is platform dependent!
2026-04-02 15:34:34,038 [Worker-203: Building] INFO  o.e.m.c.i.embedder.EclipseLogger - Copying 1 resource
2026-04-02 15:34:34,043 [Worker-203: Building] WARN  o.e.m.c.i.embedder.EclipseLogger - Using platform encoding (MS949 actually) to copy filtered resources, i.e. build is platform dependent!
2026-04-02 15:34:34,044 [Worker-203: Building] INFO  o.e.m.c.i.embedder.EclipseLogger - Copying 0 resource
2026-04-02 15:35:06,565 [Worker-203: Building] WARN  o.e.m.c.i.embedder.EclipseLogger - Using platform encoding (MS949 actually) to copy filtered resources, i.e. build is platform dependent!
2026-04-02 15:35:06,565 [Worker-203: Building] INFO  o.e.m.c.i.embedder.EclipseLogger - Copying 1 resource
2026-04-02 15:35:06,572 [Worker-203: Building] WARN  o.e.m.c.i.embedder.EclipseLogger - Using platform encoding (MS949 actually) to copy filtered resources, i.e. build is platform dependent!
2026-04-02 15:35:06,573 [Worker-203: Building] INFO  o.e.m.c.i.embedder.EclipseLogger - Copying 0 resource
2026-04-02 15:35:22,437 [Worker-199: Building] WARN  o.e.m.c.i.embedder.EclipseLogger - Using platform encoding (MS949 actually) to copy filtered resources, i.e. build is platform dependent!
2026-04-02 15:35:22,438 [Worker-199: Building] INFO  o.e.m.c.i.embedder.EclipseLogger - Copying 1 resource
2026-04-02 15:35:22,439 [Worker-199: Building] WARN  o.e.m.c.i.embedder.EclipseLogger - Using platform encoding (MS949 actually) to copy filtered resources, i.e. build is platform dependent!
2026-04-02 15:35:22,439 [Worker-199: Building] INFO  o.e.m.c.i.embedder.EclipseLogger - Copying 0 resource
2026-04-02 15:36:48,526 [Worker-205: Building] WARN  o.e.m.c.i.embedder.EclipseLogger - Using platform encoding (MS949 actually) to copy filtered resources, i.e. build is platform dependent!
2026-04-02 15:36:48,529 [Worker-205: Building] INFO  o.e.m.c.i.embedder.EclipseLogger - Copying 1 resource
2026-04-02 15:36:48,530 [Worker-205: Building] WARN  o.e.m.c.i.embedder.EclipseLogger - Using platform encoding (MS949 actually) to copy filtered resources, i.e. build is platform dependent!
2026-04-02 15:36:48,530 [Worker-205: Building] INFO  o.e.m.c.i.embedder.EclipseLogger - Copying 0 resource
2026-04-02 15:36:50,772 [Worker-204: Building] WARN  o.e.m.c.i.embedder.EclipseLogger - Using platform encoding (MS949 actually) to copy filtered resources, i.e. build is platform dependent!
2026-04-02 15:36:50,773 [Worker-204: Building] INFO  o.e.m.c.i.embedder.EclipseLogger - Copying 1 resource
2026-04-02 15:36:50,773 [Worker-204: Building] WARN  o.e.m.c.i.embedder.EclipseLogger - Using platform encoding (MS949 actually) to copy filtered resources, i.e. build is platform dependent!
2026-04-02 15:36:50,773 [Worker-204: Building] INFO  o.e.m.c.i.embedder.EclipseLogger - Copying 0 resource
2026-04-02 15:36:51,918 [Worker-199: Building] WARN  o.e.m.c.i.embedder.EclipseLogger - Using platform encoding (MS949 actually) to copy filtered resources, i.e. build is platform dependent!
2026-04-02 15:36:51,919 [Worker-199: Building] INFO  o.e.m.c.i.embedder.EclipseLogger - Copying 1 resource
2026-04-02 15:36:51,919 [Worker-199: Building] WARN  o.e.m.c.i.embedder.EclipseLogger - Using platform encoding (MS949 actually) to copy filtered resources, i.e. build is platform dependent!
2026-04-02 15:36:51,920 [Worker-199: Building] INFO  o.e.m.c.i.embedder.EclipseLogger - Copying 0 resource
2026-04-02 15:37:10,005 [Worker-199: Building] WARN  o.e.m.c.i.embedder.EclipseLogger - Using platform encoding (MS949 actually) to copy filtered resources, i.e. build is platform dependent!
2026-04-02 15:37:10,006 [Worker-199: Building] INFO  o.e.m.c.i.embedder.EclipseLogger - Copying 1 resource
2026-04-02 15:37:10,008 [Worker-199: Building] WARN  o.e.m.c.i.embedder.EclipseLogger - Using platform encoding (MS949 actually) to copy filtered resources, i.e. build is platform dependent!
2026-04-02 15:37:10,009 [Worker-199: Building] INFO  o.e.m.c.i.embedder.EclipseLogger - Copying 0 resource
2026-04-02 16:04:46,439 [Worker-207: Building] WARN  o.e.m.c.i.embedder.EclipseLogger - Using platform encoding (MS949 actually) to copy filtered resources, i.e. build is platform dependent!
2026-04-02 16:04:46,440 [Worker-207: Building] INFO  o.e.m.c.i.embedder.EclipseLogger - Copying 1 resource
2026-04-02 16:04:46,440 [Worker-207: Building] WARN  o.e.m.c.i.embedder.EclipseLogger - Using platform encoding (MS949 actually) to copy filtered resources, i.e. build is platform dependent!
2026-04-02 16:04:46,440 [Worker-207: Building] INFO  o.e.m.c.i.embedder.EclipseLogger - Copying 0 resource
2026-04-02 16:04:59,597 [Worker-214: Building] WARN  o.e.m.c.i.embedder.EclipseLogger - Using platform encoding (MS949 actually) to copy filtered resources, i.e. build is platform dependent!
2026-04-02 16:04:59,597 [Worker-214: Building] INFO  o.e.m.c.i.embedder.EclipseLogger - Copying 1 resource
2026-04-02 16:04:59,597 [Worker-214: Building] WARN  o.e.m.c.i.embedder.EclipseLogger - Using platform encoding (MS949 actually) to copy filtered resources, i.e. build is platform dependent!
2026-04-02 16:04:59,598 [Worker-214: Building] INFO  o.e.m.c.i.embedder.EclipseLogger - Copying 0 resource
2026-04-02 16:05:02,412 [Worker-214: Building] WARN  o.e.m.c.i.embedder.EclipseLogger - Using platform encoding (MS949 actually) to copy filtered resources, i.e. build is platform dependent!
2026-04-02 16:05:02,413 [Worker-214: Building] INFO  o.e.m.c.i.embedder.EclipseLogger - Copying 1 resource
2026-04-02 16:05:02,413 [Worker-214: Building] WARN  o.e.m.c.i.embedder.EclipseLogger - Using platform encoding (MS949 actually) to copy filtered resources, i.e. build is platform dependent!
2026-04-02 16:05:02,413 [Worker-214: Building] INFO  o.e.m.c.i.embedder.EclipseLogger - Copying 0 resource
2026-04-02 16:07:08,430 [Worker-214: Building] WARN  o.e.m.c.i.embedder.EclipseLogger - Using platform encoding (MS949 actually) to copy filtered resources, i.e. build is platform dependent!
2026-04-02 16:07:08,430 [Worker-214: Building] INFO  o.e.m.c.i.embedder.EclipseLogger - Copying 1 resource
2026-04-02 16:07:08,431 [Worker-214: Building] WARN  o.e.m.c.i.embedder.EclipseLogger - Using platform encoding (MS949 actually) to copy filtered resources, i.e. build is platform dependent!
2026-04-02 16:07:08,431 [Worker-214: Building] INFO  o.e.m.c.i.embedder.EclipseLogger - Copying 0 resource
2026-04-02 16:07:46,036 [Worker-215: Building] WARN  o.e.m.c.i.embedder.EclipseLogger - Using platform encoding (MS949 actually) to copy filtered resources, i.e. build is platform dependent!
2026-04-02 16:07:46,036 [Worker-215: Building] INFO  o.e.m.c.i.embedder.EclipseLogger - Copying 1 resource
2026-04-02 16:07:46,037 [Worker-215: Building] WARN  o.e.m.c.i.embedder.EclipseLogger - Using platform encoding (MS949 actually) to copy filtered resources, i.e. build is platform dependent!
2026-04-02 16:07:46,037 [Worker-215: Building] INFO  o.e.m.c.i.embedder.EclipseLogger - Copying 0 resource
2026-04-02 16:07:58,028 [Worker-214: Building] WARN  o.e.m.c.i.embedder.EclipseLogger - Using platform encoding (MS949 actually) to copy filtered resources, i.e. build is platform dependent!
2026-04-02 16:07:58,029 [Worker-214: Building] INFO  o.e.m.c.i.embedder.EclipseLogger - Copying 1 resource
2026-04-02 16:07:58,030 [Worker-214: Building] WARN  o.e.m.c.i.embedder.EclipseLogger - Using platform encoding (MS949 actually) to copy filtered resources, i.e. build is platform dependent!
2026-04-02 16:07:58,030 [Worker-214: Building] INFO  o.e.m.c.i.embedder.EclipseLogger - Copying 0 resource
2026-04-02 16:08:59,569 [Worker-219: Building] WARN  o.e.m.c.i.embedder.EclipseLogger - Using platform encoding (MS949 actually) to copy filtered resources, i.e. build is platform dependent!
2026-04-02 16:08:59,569 [Worker-219: Building] INFO  o.e.m.c.i.embedder.EclipseLogger - Copying 1 resource
2026-04-02 16:08:59,570 [Worker-219: Building] WARN  o.e.m.c.i.embedder.EclipseLogger - Using platform encoding (MS949 actually) to copy filtered resources, i.e. build is platform dependent!
2026-04-02 16:08:59,570 [Worker-219: Building] INFO  o.e.m.c.i.embedder.EclipseLogger - Copying 0 resource
2026-04-02 16:09:13,697 [Worker-220: Building] WARN  o.e.m.c.i.embedder.EclipseLogger - Using platform encoding (MS949 actually) to copy filtered resources, i.e. build is platform dependent!
2026-04-02 16:09:13,698 [Worker-220: Building] INFO  o.e.m.c.i.embedder.EclipseLogger - Copying 1 resource
2026-04-02 16:09:13,698 [Worker-220: Building] WARN  o.e.m.c.i.embedder.EclipseLogger - Using platform encoding (MS949 actually) to copy filtered resources, i.e. build is platform dependent!
2026-04-02 16:09:13,698 [Worker-220: Building] INFO  o.e.m.c.i.embedder.EclipseLogger - Copying 0 resource
2026-04-02 16:09:17,436 [Worker-215: Building] WARN  o.e.m.c.i.embedder.EclipseLogger - Using platform encoding (MS949 actually) to copy filtered resources, i.e. build is platform dependent!
2026-04-02 16:09:17,437 [Worker-215: Building] INFO  o.e.m.c.i.embedder.EclipseLogger - Copying 1 resource
2026-04-02 16:09:17,438 [Worker-215: Building] WARN  o.e.m.c.i.embedder.EclipseLogger - Using platform encoding (MS949 actually) to copy filtered resources, i.e. build is platform dependent!
2026-04-02 16:09:17,438 [Worker-215: Building] INFO  o.e.m.c.i.embedder.EclipseLogger - Copying 0 resource
2026-04-02 16:11:29,189 [Worker-214: Building] WARN  o.e.m.c.i.embedder.EclipseLogger - Using platform encoding (MS949 actually) to copy filtered resources, i.e. build is platform dependent!
2026-04-02 16:11:29,190 [Worker-214: Building] INFO  o.e.m.c.i.embedder.EclipseLogger - Copying 1 resource
2026-04-02 16:11:29,190 [Worker-214: Building] WARN  o.e.m.c.i.embedder.EclipseLogger - Using platform encoding (MS949 actually) to copy filtered resources, i.e. build is platform dependent!
2026-04-02 16:11:29,191 [Worker-214: Building] INFO  o.e.m.c.i.embedder.EclipseLogger - Copying 0 resource
2026-04-02 16:12:20,165 [Worker-215: Building] WARN  o.e.m.c.i.embedder.EclipseLogger - Using platform encoding (MS949 actually) to copy filtered resources, i.e. build is platform dependent!
2026-04-02 16:12:20,166 [Worker-215: Building] INFO  o.e.m.c.i.embedder.EclipseLogger - Copying 1 resource
2026-04-02 16:12:20,167 [Worker-215: Building] WARN  o.e.m.c.i.embedder.EclipseLogger - Using platform encoding (MS949 actually) to copy filtered resources, i.e. build is platform dependent!
2026-04-02 16:12:20,167 [Worker-215: Building] INFO  o.e.m.c.i.embedder.EclipseLogger - Copying 0 resource
2026-04-02 16:12:22,245 [Worker-214: Building] WARN  o.e.m.c.i.embedder.EclipseLogger - Using platform encoding (MS949 actually) to copy filtered resources, i.e. build is platform dependent!
2026-04-02 16:12:22,246 [Worker-214: Building] INFO  o.e.m.c.i.embedder.EclipseLogger - Copying 1 resource
2026-04-02 16:12:22,246 [Worker-214: Building] WARN  o.e.m.c.i.embedder.EclipseLogger - Using platform encoding (MS949 actually) to copy filtered resources, i.e. build is platform dependent!
2026-04-02 16:12:22,247 [Worker-214: Building] INFO  o.e.m.c.i.embedder.EclipseLogger - Copying 0 resource
2026-04-02 16:12:27,729 [Worker-223: Building] WARN  o.e.m.c.i.embedder.EclipseLogger - Using platform encoding (MS949 actually) to copy filtered resources, i.e. build is platform dependent!
2026-04-02 16:12:27,730 [Worker-223: Building] INFO  o.e.m.c.i.embedder.EclipseLogger - Copying 1 resource
2026-04-02 16:12:27,730 [Worker-223: Building] WARN  o.e.m.c.i.embedder.EclipseLogger - Using platform encoding (MS949 actually) to copy filtered resources, i.e. build is platform dependent!
2026-04-02 16:12:27,731 [Worker-223: Building] INFO  o.e.m.c.i.embedder.EclipseLogger - Copying 0 resource
2026-04-02 16:12:36,729 [Worker-214: Building] WARN  o.e.m.c.i.embedder.EclipseLogger - Using platform encoding (MS949 actually) to copy filtered resources, i.e. build is platform dependent!
2026-04-02 16:12:36,730 [Worker-214: Building] INFO  o.e.m.c.i.embedder.EclipseLogger - Copying 1 resource
2026-04-02 16:12:36,731 [Worker-214: Building] WARN  o.e.m.c.i.embedder.EclipseLogger - Using platform encoding (MS949 actually) to copy filtered resources, i.e. build is platform dependent!
2026-04-02 16:12:36,731 [Worker-214: Building] INFO  o.e.m.c.i.embedder.EclipseLogger - Copying 0 resource
2026-04-02 16:12:40,544 [Worker-223: Building] WARN  o.e.m.c.i.embedder.EclipseLogger - Using platform encoding (MS949 actually) to copy filtered resources, i.e. build is platform dependent!
2026-04-02 16:12:40,545 [Worker-223: Building] INFO  o.e.m.c.i.embedder.EclipseLogger - Copying 1 resource
2026-04-02 16:12:40,546 [Worker-223: Building] WARN  o.e.m.c.i.embedder.EclipseLogger - Using platform encoding (MS949 actually) to copy filtered resources, i.e. build is platform dependent!
2026-04-02 16:12:40,546 [Worker-223: Building] INFO  o.e.m.c.i.embedder.EclipseLogger - Copying 0 resource
2026-04-02 16:12:58,245 [Worker-223: Building] WARN  o.e.m.c.i.embedder.EclipseLogger - Using platform encoding (MS949 actually) to copy filtered resources, i.e. build is platform dependent!
2026-04-02 16:12:58,246 [Worker-223: Building] INFO  o.e.m.c.i.embedder.EclipseLogger - Copying 1 resource
2026-04-02 16:12:58,247 [Worker-223: Building] WARN  o.e.m.c.i.embedder.EclipseLogger - Using platform encoding (MS949 actually) to copy filtered resources, i.e. build is platform dependent!
2026-04-02 16:12:58,247 [Worker-223: Building] INFO  o.e.m.c.i.embedder.EclipseLogger - Copying 0 resource
2026-04-02 16:13:11,109 [Worker-223: Building] WARN  o.e.m.c.i.embedder.EclipseLogger - Using platform encoding (MS949 actually) to copy filtered resources, i.e. build is platform dependent!
2026-04-02 16:13:11,110 [Worker-223: Building] INFO  o.e.m.c.i.embedder.EclipseLogger - Copying 1 resource
2026-04-02 16:13:11,111 [Worker-223: Building] WARN  o.e.m.c.i.embedder.EclipseLogger - Using platform encoding (MS949 actually) to copy filtered resources, i.e. build is platform dependent!
2026-04-02 16:13:11,111 [Worker-223: Building] INFO  o.e.m.c.i.embedder.EclipseLogger - Copying 0 resource
2026-04-02 16:15:35,825 [Worker-222: Building] WARN  o.e.m.c.i.embedder.EclipseLogger - Using platform encoding (MS949 actually) to copy filtered resources, i.e. build is platform dependent!
2026-04-02 16:15:35,826 [Worker-222: Building] INFO  o.e.m.c.i.embedder.EclipseLogger - Copying 1 resource
2026-04-02 16:15:35,827 [Worker-222: Building] WARN  o.e.m.c.i.embedder.EclipseLogger - Using platform encoding (MS949 actually) to copy filtered resources, i.e. build is platform dependent!
2026-04-02 16:15:35,827 [Worker-222: Building] INFO  o.e.m.c.i.embedder.EclipseLogger - Copying 0 resource
2026-04-02 16:16:13,264 [Worker-222: Building] WARN  o.e.m.c.i.embedder.EclipseLogger - Using platform encoding (MS949 actually) to copy filtered resources, i.e. build is platform dependent!
2026-04-02 16:16:13,265 [Worker-222: Building] INFO  o.e.m.c.i.embedder.EclipseLogger - Copying 1 resource
2026-04-02 16:16:13,265 [Worker-222: Building] WARN  o.e.m.c.i.embedder.EclipseLogger - Using platform encoding (MS949 actually) to copy filtered resources, i.e. build is platform dependent!
2026-04-02 16:16:13,266 [Worker-222: Building] INFO  o.e.m.c.i.embedder.EclipseLogger - Copying 0 resource
2026-04-02 16:16:22,162 [Worker-214: Building] WARN  o.e.m.c.i.embedder.EclipseLogger - Using platform encoding (MS949 actually) to copy filtered resources, i.e. build is platform dependent!
2026-04-02 16:16:22,163 [Worker-214: Building] INFO  o.e.m.c.i.embedder.EclipseLogger - Copying 1 resource
2026-04-02 16:16:22,164 [Worker-214: Building] WARN  o.e.m.c.i.embedder.EclipseLogger - Using platform encoding (MS949 actually) to copy filtered resources, i.e. build is platform dependent!
2026-04-02 16:16:22,164 [Worker-214: Building] INFO  o.e.m.c.i.embedder.EclipseLogger - Copying 0 resource
2026-04-02 16:16:25,384 [Worker-218: Building] WARN  o.e.m.c.i.embedder.EclipseLogger - Using platform encoding (MS949 actually) to copy filtered resources, i.e. build is platform dependent!
2026-04-02 16:16:25,385 [Worker-218: Building] INFO  o.e.m.c.i.embedder.EclipseLogger - Copying 1 resource
2026-04-02 16:16:25,385 [Worker-218: Building] WARN  o.e.m.c.i.embedder.EclipseLogger - Using platform encoding (MS949 actually) to copy filtered resources, i.e. build is platform dependent!
2026-04-02 16:16:25,385 [Worker-218: Building] INFO  o.e.m.c.i.embedder.EclipseLogger - Copying 0 resource
2026-04-02 16:16:47,762 [Worker-223: Building] WARN  o.e.m.c.i.embedder.EclipseLogger - Using platform encoding (MS949 actually) to copy filtered resources, i.e. build is platform dependent!
2026-04-02 16:16:47,763 [Worker-223: Building] INFO  o.e.m.c.i.embedder.EclipseLogger - Copying 1 resource
2026-04-02 16:16:47,764 [Worker-223: Building] WARN  o.e.m.c.i.embedder.EclipseLogger - Using platform encoding (MS949 actually) to copy filtered resources, i.e. build is platform dependent!
2026-04-02 16:16:47,764 [Worker-223: Building] INFO  o.e.m.c.i.embedder.EclipseLogger - Copying 0 resource
2026-04-02 16:17:29,282 [Worker-214: Building] WARN  o.e.m.c.i.embedder.EclipseLogger - Using platform encoding (MS949 actually) to copy filtered resources, i.e. build is platform dependent!
2026-04-02 16:17:29,283 [Worker-214: Building] INFO  o.e.m.c.i.embedder.EclipseLogger - Copying 1 resource
2026-04-02 16:17:29,283 [Worker-214: Building] WARN  o.e.m.c.i.embedder.EclipseLogger - Using platform encoding (MS949 actually) to copy filtered resources, i.e. build is platform dependent!
2026-04-02 16:17:29,283 [Worker-214: Building] INFO  o.e.m.c.i.embedder.EclipseLogger - Copying 0 resource
2026-04-02 16:17:42,044 [Worker-218: Building] WARN  o.e.m.c.i.embedder.EclipseLogger - Using platform encoding (MS949 actually) to copy filtered resources, i.e. build is platform dependent!
2026-04-02 16:17:42,045 [Worker-218: Building] INFO  o.e.m.c.i.embedder.EclipseLogger - Copying 1 resource
2026-04-02 16:17:42,045 [Worker-218: Building] WARN  o.e.m.c.i.embedder.EclipseLogger - Using platform encoding (MS949 actually) to copy filtered resources, i.e. build is platform dependent!
2026-04-02 16:17:42,046 [Worker-218: Building] INFO  o.e.m.c.i.embedder.EclipseLogger - Copying 0 resource
2026-04-02 16:17:59,372 [Worker-215: Building] WARN  o.e.m.c.i.embedder.EclipseLogger - Using platform encoding (MS949 actually) to copy filtered resources, i.e. build is platform dependent!
2026-04-02 16:17:59,372 [Worker-215: Building] INFO  o.e.m.c.i.embedder.EclipseLogger - Copying 1 resource
2026-04-02 16:17:59,373 [Worker-215: Building] WARN  o.e.m.c.i.embedder.EclipseLogger - Using platform encoding (MS949 actually) to copy filtered resources, i.e. build is platform dependent!
2026-04-02 16:17:59,373 [Worker-215: Building] INFO  o.e.m.c.i.embedder.EclipseLogger - Copying 0 resource
2026-04-02 16:18:02,794 [Worker-222: Building] WARN  o.e.m.c.i.embedder.EclipseLogger - Using platform encoding (MS949 actually) to copy filtered resources, i.e. build is platform dependent!
2026-04-02 16:18:02,795 [Worker-222: Building] INFO  o.e.m.c.i.embedder.EclipseLogger - Copying 1 resource
2026-04-02 16:18:02,796 [Worker-222: Building] WARN  o.e.m.c.i.embedder.EclipseLogger - Using platform encoding (MS949 actually) to copy filtered resources, i.e. build is platform dependent!
2026-04-02 16:18:02,796 [Worker-222: Building] INFO  o.e.m.c.i.embedder.EclipseLogger - Copying 0 resource
2026-04-02 16:19:46,389 [Worker-222: Building] WARN  o.e.m.c.i.embedder.EclipseLogger - Using platform encoding (MS949 actually) to copy filtered resources, i.e. build is platform dependent!
2026-04-02 16:19:46,390 [Worker-222: Building] INFO  o.e.m.c.i.embedder.EclipseLogger - Copying 1 resource
2026-04-02 16:19:46,390 [Worker-222: Building] WARN  o.e.m.c.i.embedder.EclipseLogger - Using platform encoding (MS949 actually) to copy filtered resources, i.e. build is platform dependent!
2026-04-02 16:19:46,391 [Worker-222: Building] INFO  o.e.m.c.i.embedder.EclipseLogger - Copying 0 resource
2026-04-02 16:23:47,287 [Worker-226: Building] WARN  o.e.m.c.i.embedder.EclipseLogger - Using platform encoding (MS949 actually) to copy filtered resources, i.e. build is platform dependent!
2026-04-02 16:23:47,287 [Worker-226: Building] INFO  o.e.m.c.i.embedder.EclipseLogger - Copying 1 resource
2026-04-02 16:23:47,289 [Worker-226: Building] WARN  o.e.m.c.i.embedder.EclipseLogger - Using platform encoding (MS949 actually) to copy filtered resources, i.e. build is platform dependent!
2026-04-02 16:23:47,289 [Worker-226: Building] INFO  o.e.m.c.i.embedder.EclipseLogger - Copying 0 resource
2026-04-02 16:23:59,606 [Worker-226: Building] WARN  o.e.m.c.i.embedder.EclipseLogger - Using platform encoding (MS949 actually) to copy filtered resources, i.e. build is platform dependent!
2026-04-02 16:23:59,607 [Worker-226: Building] INFO  o.e.m.c.i.embedder.EclipseLogger - Copying 1 resource
2026-04-02 16:23:59,608 [Worker-226: Building] WARN  o.e.m.c.i.embedder.EclipseLogger - Using platform encoding (MS949 actually) to copy filtered resources, i.e. build is platform dependent!
2026-04-02 16:23:59,608 [Worker-226: Building] INFO  o.e.m.c.i.embedder.EclipseLogger - Copying 0 resource
2026-04-02 16:24:09,224 [Worker-225: Building] WARN  o.e.m.c.i.embedder.EclipseLogger - Using platform encoding (MS949 actually) to copy filtered resources, i.e. build is platform dependent!
2026-04-02 16:24:09,225 [Worker-225: Building] INFO  o.e.m.c.i.embedder.EclipseLogger - Copying 1 resource
2026-04-02 16:24:09,226 [Worker-225: Building] WARN  o.e.m.c.i.embedder.EclipseLogger - Using platform encoding (MS949 actually) to copy filtered resources, i.e. build is platform dependent!
2026-04-02 16:24:09,226 [Worker-225: Building] INFO  o.e.m.c.i.embedder.EclipseLogger - Copying 0 resource
2026-04-02 16:24:11,277 [Worker-222: Building] WARN  o.e.m.c.i.embedder.EclipseLogger - Using platform encoding (MS949 actually) to copy filtered resources, i.e. build is platform dependent!
2026-04-02 16:24:11,277 [Worker-222: Building] INFO  o.e.m.c.i.embedder.EclipseLogger - Copying 1 resource
2026-04-02 16:24:11,278 [Worker-222: Building] WARN  o.e.m.c.i.embedder.EclipseLogger - Using platform encoding (MS949 actually) to copy filtered resources, i.e. build is platform dependent!
2026-04-02 16:24:11,278 [Worker-222: Building] INFO  o.e.m.c.i.embedder.EclipseLogger - Copying 0 resource
2026-04-02 16:24:32,152 [Worker-222: Building] WARN  o.e.m.c.i.embedder.EclipseLogger - Using platform encoding (MS949 actually) to copy filtered resources, i.e. build is platform dependent!
2026-04-02 16:24:32,152 [Worker-222: Building] INFO  o.e.m.c.i.embedder.EclipseLogger - Copying 1 resource
2026-04-02 16:24:32,153 [Worker-222: Building] WARN  o.e.m.c.i.embedder.EclipseLogger - Using platform encoding (MS949 actually) to copy filtered resources, i.e. build is platform dependent!
2026-04-02 16:24:32,153 [Worker-222: Building] INFO  o.e.m.c.i.embedder.EclipseLogger - Copying 0 resource
2026-04-02 16:24:36,250 [Worker-222: Building] WARN  o.e.m.c.i.embedder.EclipseLogger - Using platform encoding (MS949 actually) to copy filtered resources, i.e. build is platform dependent!
2026-04-02 16:24:36,250 [Worker-222: Building] INFO  o.e.m.c.i.embedder.EclipseLogger - Copying 1 resource
2026-04-02 16:24:36,251 [Worker-222: Building] WARN  o.e.m.c.i.embedder.EclipseLogger - Using platform encoding (MS949 actually) to copy filtered resources, i.e. build is platform dependent!
2026-04-02 16:24:36,251 [Worker-222: Building] INFO  o.e.m.c.i.embedder.EclipseLogger - Copying 0 resource
2026-04-02 16:24:37,289 [Worker-225: Building] WARN  o.e.m.c.i.embedder.EclipseLogger - Using platform encoding (MS949 actually) to copy filtered resources, i.e. build is platform dependent!
2026-04-02 16:24:37,290 [Worker-225: Building] INFO  o.e.m.c.i.embedder.EclipseLogger - Copying 1 resource
2026-04-02 16:24:37,291 [Worker-225: Building] WARN  o.e.m.c.i.embedder.EclipseLogger - Using platform encoding (MS949 actually) to copy filtered resources, i.e. build is platform dependent!
2026-04-02 16:24:37,291 [Worker-225: Building] INFO  o.e.m.c.i.embedder.EclipseLogger - Copying 0 resource
2026-04-02 16:27:30,381 [Worker-227: Building] INFO  o.e.m.c.i.l.LifecycleMappingFactory - Using org.maven.ide.eclipse.wtp.WarLifecycleMapping lifecycle mapping for MavenProject: com.test:java:1.0.0-BUILD-SNAPSHOT @ C:\code\forGithub\spring\BasicTest\pom.xml.
2026-04-02 16:27:30,518 [Worker-227: Building] INFO  o.e.m.c.i.e.AbstractTransferListenerAdapter - Downloaded https://repo.maven.apache.org/maven2/org/aspectj/aspectjweaver/1.6.10/aspectjweaver-1.6.10.pom
2026-04-02 16:27:30,569 [Worker-227: Building] INFO  o.e.m.c.i.e.AbstractTransferListenerAdapter - Downloading https://repo.maven.apache.org/maven2/org/aspectj/aspectjweaver/1.6.10/aspectjweaver-1.6.10.jar
2026-04-02 16:27:30,615 [Worker-227: Building] INFO  o.e.m.c.i.e.AbstractTransferListenerAdapter - Downloaded https://repo.maven.apache.org/maven2/org/aspectj/aspectjweaver/1.6.10/aspectjweaver-1.6.10.jar
2026-04-02 16:27:30,787 [Worker-227: Building] WARN  o.e.m.c.i.embedder.EclipseLogger - Using platform encoding (MS949 actually) to copy filtered resources, i.e. build is platform dependent!
2026-04-02 16:27:30,787 [Worker-227: Building] INFO  o.e.m.c.i.embedder.EclipseLogger - Copying 0 resource
2026-04-02 16:27:30,787 [Worker-227: Building] WARN  o.e.m.c.i.embedder.EclipseLogger - Using platform encoding (MS949 actually) to copy filtered resources, i.e. build is platform dependent!
2026-04-02 16:27:30,788 [Worker-227: Building] INFO  o.e.m.c.i.embedder.EclipseLogger - Copying 0 resource
2026-04-02 16:27:30,788 [Worker-227: Building] INFO  o.e.m.w.i.f.ResourceFilteringBuildParticipant - Changed resources require a complete clean of filtered resources of BasicTest
2026-04-02 16:27:30,788 [Worker-227: Building] INFO  o.e.m.w.i.f.ResourceFilteringBuildParticipant - Executing resource filtering for BasicTest
2026-04-02 16:27:30,789 [Worker-227: Building] WARN  o.e.m.c.i.embedder.EclipseLogger - Using platform encoding (MS949 actually) to copy filtered resources, i.e. build is platform dependent!
2026-04-02 16:27:32,156 [Worker-230: Building] WARN  o.e.m.c.i.embedder.EclipseLogger - Using platform encoding (MS949 actually) to copy filtered resources, i.e. build is platform dependent!
2026-04-02 16:27:32,157 [Worker-230: Building] INFO  o.e.m.c.i.embedder.EclipseLogger - Copying 1 resource
2026-04-02 16:27:32,161 [Worker-230: Building] WARN  o.e.m.c.i.embedder.EclipseLogger - Using platform encoding (MS949 actually) to copy filtered resources, i.e. build is platform dependent!
2026-04-02 16:27:32,162 [Worker-230: Building] INFO  o.e.m.c.i.embedder.EclipseLogger - Copying 1 resource
2026-04-02 16:27:32,227 [Worker-229: Download sources and javadoc] INFO  o.e.m.c.i.e.AbstractTransferListenerAdapter - Downloading https://repo.maven.apache.org/maven2/org/aspectj/aspectjweaver/1.6.10/aspectjweaver-1.6.10-sources.jar
2026-04-02 16:27:32,276 [Worker-229: Download sources and javadoc] INFO  o.e.m.c.i.e.AbstractTransferListenerAdapter - Downloaded https://repo.maven.apache.org/maven2/org/aspectj/aspectjweaver/1.6.10/aspectjweaver-1.6.10-sources.jar
2026-04-02 16:27:32,412 [Worker-229: Download sources and javadoc] INFO  o.e.m.j.internal.DownloadSourcesJob - Downloaded sources for org.aspectj:aspectjweaver:1.6.10
2026-04-02 16:27:33,361 [Worker-222: Building] WARN  o.e.m.c.i.embedder.EclipseLogger - Using platform encoding (MS949 actually) to copy filtered resources, i.e. build is platform dependent!
2026-04-02 16:27:33,362 [Worker-222: Building] INFO  o.e.m.c.i.embedder.EclipseLogger - Copying 0 resource
2026-04-02 16:27:33,362 [Worker-222: Building] WARN  o.e.m.c.i.embedder.EclipseLogger - Using platform encoding (MS949 actually) to copy filtered resources, i.e. build is platform dependent!
2026-04-02 16:27:33,363 [Worker-222: Building] INFO  o.e.m.c.i.embedder.EclipseLogger - Copying 0 resource
2026-04-02 16:27:54,709 [Worker-232: Building] WARN  o.e.m.c.i.embedder.EclipseLogger - Using platform encoding (MS949 actually) to copy filtered resources, i.e. build is platform dependent!
2026-04-02 16:27:54,710 [Worker-232: Building] INFO  o.e.m.c.i.embedder.EclipseLogger - Copying 1 resource
2026-04-02 16:27:54,711 [Worker-232: Building] WARN  o.e.m.c.i.embedder.EclipseLogger - Using platform encoding (MS949 actually) to copy filtered resources, i.e. build is platform dependent!
2026-04-02 16:27:54,711 [Worker-232: Building] INFO  o.e.m.c.i.embedder.EclipseLogger - Copying 0 resource
2026-04-02 16:33:24,184 [Worker-233: Building] WARN  o.e.m.c.i.embedder.EclipseLogger - Using platform encoding (MS949 actually) to copy filtered resources, i.e. build is platform dependent!
2026-04-02 16:33:24,184 [Worker-233: Building] INFO  o.e.m.c.i.embedder.EclipseLogger - Copying 1 resource
2026-04-02 16:33:24,185 [Worker-233: Building] WARN  o.e.m.c.i.embedder.EclipseLogger - Using platform encoding (MS949 actually) to copy filtered resources, i.e. build is platform dependent!
2026-04-02 16:33:24,185 [Worker-233: Building] INFO  o.e.m.c.i.embedder.EclipseLogger - Copying 0 resource
2026-04-02 16:33:27,330 [Worker-234: Building] WARN  o.e.m.c.i.embedder.EclipseLogger - Using platform encoding (MS949 actually) to copy filtered resources, i.e. build is platform dependent!
2026-04-02 16:33:27,330 [Worker-234: Building] INFO  o.e.m.c.i.embedder.EclipseLogger - Copying 1 resource
2026-04-02 16:33:27,331 [Worker-234: Building] WARN  o.e.m.c.i.embedder.EclipseLogger - Using platform encoding (MS949 actually) to copy filtered resources, i.e. build is platform dependent!
2026-04-02 16:33:27,332 [Worker-234: Building] INFO  o.e.m.c.i.embedder.EclipseLogger - Copying 0 resource
2026-04-02 16:33:39,717 [Worker-233: Building] WARN  o.e.m.c.i.embedder.EclipseLogger - Using platform encoding (MS949 actually) to copy filtered resources, i.e. build is platform dependent!
2026-04-02 16:33:39,717 [Worker-233: Building] INFO  o.e.m.c.i.embedder.EclipseLogger - Copying 1 resource
2026-04-02 16:33:39,718 [Worker-233: Building] WARN  o.e.m.c.i.embedder.EclipseLogger - Using platform encoding (MS949 actually) to copy filtered resources, i.e. build is platform dependent!
2026-04-02 16:33:39,718 [Worker-233: Building] INFO  o.e.m.c.i.embedder.EclipseLogger - Copying 0 resource
2026-04-02 16:33:50,567 [Worker-235: Building] WARN  o.e.m.c.i.embedder.EclipseLogger - Using platform encoding (MS949 actually) to copy filtered resources, i.e. build is platform dependent!
2026-04-02 16:33:50,568 [Worker-235: Building] INFO  o.e.m.c.i.embedder.EclipseLogger - Copying 1 resource
2026-04-02 16:33:50,568 [Worker-235: Building] WARN  o.e.m.c.i.embedder.EclipseLogger - Using platform encoding (MS949 actually) to copy filtered resources, i.e. build is platform dependent!
2026-04-02 16:33:50,569 [Worker-235: Building] INFO  o.e.m.c.i.embedder.EclipseLogger - Copying 0 resource
2026-04-02 16:33:52,665 [Worker-235: Building] WARN  o.e.m.c.i.embedder.EclipseLogger - Using platform encoding (MS949 actually) to copy filtered resources, i.e. build is platform dependent!
2026-04-02 16:33:52,666 [Worker-235: Building] INFO  o.e.m.c.i.embedder.EclipseLogger - Copying 1 resource
2026-04-02 16:33:52,667 [Worker-235: Building] WARN  o.e.m.c.i.embedder.EclipseLogger - Using platform encoding (MS949 actually) to copy filtered resources, i.e. build is platform dependent!
2026-04-02 16:33:52,667 [Worker-235: Building] INFO  o.e.m.c.i.embedder.EclipseLogger - Copying 0 resource
2026-04-02 16:34:32,386 [Worker-234: Building] WARN  o.e.m.c.i.embedder.EclipseLogger - Using platform encoding (MS949 actually) to copy filtered resources, i.e. build is platform dependent!
2026-04-02 16:34:32,386 [Worker-234: Building] INFO  o.e.m.c.i.embedder.EclipseLogger - Copying 1 resource
2026-04-02 16:34:32,388 [Worker-234: Building] WARN  o.e.m.c.i.embedder.EclipseLogger - Using platform encoding (MS949 actually) to copy filtered resources, i.e. build is platform dependent!
2026-04-02 16:34:32,388 [Worker-234: Building] INFO  o.e.m.c.i.embedder.EclipseLogger - Copying 0 resource
2026-04-02 16:34:37,917 [Worker-236: Building] WARN  o.e.m.c.i.embedder.EclipseLogger - Using platform encoding (MS949 actually) to copy filtered resources, i.e. build is platform dependent!
2026-04-02 16:34:37,917 [Worker-236: Building] INFO  o.e.m.c.i.embedder.EclipseLogger - Copying 1 resource
2026-04-02 16:34:37,918 [Worker-236: Building] WARN  o.e.m.c.i.embedder.EclipseLogger - Using platform encoding (MS949 actually) to copy filtered resources, i.e. build is platform dependent!
2026-04-02 16:34:37,918 [Worker-236: Building] INFO  o.e.m.c.i.embedder.EclipseLogger - Copying 0 resource
2026-04-02 16:44:13,726 [Worker-238: Building] WARN  o.e.m.c.i.embedder.EclipseLogger - Using platform encoding (MS949 actually) to copy filtered resources, i.e. build is platform dependent!
2026-04-02 16:44:13,727 [Worker-238: Building] INFO  o.e.m.c.i.embedder.EclipseLogger - Copying 1 resource
2026-04-02 16:44:13,728 [Worker-238: Building] WARN  o.e.m.c.i.embedder.EclipseLogger - Using platform encoding (MS949 actually) to copy filtered resources, i.e. build is platform dependent!
2026-04-02 16:44:13,728 [Worker-238: Building] INFO  o.e.m.c.i.embedder.EclipseLogger - Copying 0 resource
2026-04-02 16:45:33,259 [Worker-238: Building] WARN  o.e.m.c.i.embedder.EclipseLogger - Using platform encoding (MS949 actually) to copy filtered resources, i.e. build is platform dependent!
2026-04-02 16:45:33,260 [Worker-238: Building] INFO  o.e.m.c.i.embedder.EclipseLogger - Copying 1 resource
2026-04-02 16:45:33,260 [Worker-238: Building] WARN  o.e.m.c.i.embedder.EclipseLogger - Using platform encoding (MS949 actually) to copy filtered resources, i.e. build is platform dependent!
2026-04-02 16:45:33,261 [Worker-238: Building] INFO  o.e.m.c.i.embedder.EclipseLogger - Copying 0 resource
2026-04-02 16:45:41,254 [Worker-241: Building] WARN  o.e.m.c.i.embedder.EclipseLogger - Using platform encoding (MS949 actually) to copy filtered resources, i.e. build is platform dependent!
2026-04-02 16:45:41,255 [Worker-241: Building] INFO  o.e.m.c.i.embedder.EclipseLogger - Copying 1 resource
2026-04-02 16:45:41,255 [Worker-241: Building] WARN  o.e.m.c.i.embedder.EclipseLogger - Using platform encoding (MS949 actually) to copy filtered resources, i.e. build is platform dependent!
2026-04-02 16:45:41,256 [Worker-241: Building] INFO  o.e.m.c.i.embedder.EclipseLogger - Copying 0 resource
2026-04-02 16:48:30,183 [Worker-242: Building] WARN  o.e.m.c.i.embedder.EclipseLogger - Using platform encoding (MS949 actually) to copy filtered resources, i.e. build is platform dependent!
2026-04-02 16:48:30,184 [Worker-242: Building] INFO  o.e.m.c.i.embedder.EclipseLogger - Copying 1 resource
2026-04-02 16:48:30,184 [Worker-242: Building] WARN  o.e.m.c.i.embedder.EclipseLogger - Using platform encoding (MS949 actually) to copy filtered resources, i.e. build is platform dependent!
2026-04-02 16:48:30,184 [Worker-242: Building] INFO  o.e.m.c.i.embedder.EclipseLogger - Copying 0 resource
2026-04-02 16:48:42,070 [Worker-243: Building] WARN  o.e.m.c.i.embedder.EclipseLogger - Using platform encoding (MS949 actually) to copy filtered resources, i.e. build is platform dependent!
2026-04-02 16:48:42,071 [Worker-243: Building] INFO  o.e.m.c.i.embedder.EclipseLogger - Copying 1 resource
2026-04-02 16:48:42,071 [Worker-243: Building] WARN  o.e.m.c.i.embedder.EclipseLogger - Using platform encoding (MS949 actually) to copy filtered resources, i.e. build is platform dependent!
2026-04-02 16:48:42,072 [Worker-243: Building] INFO  o.e.m.c.i.embedder.EclipseLogger - Copying 0 resource
2026-04-02 16:48:50,720 [Worker-242: Building] WARN  o.e.m.c.i.embedder.EclipseLogger - Using platform encoding (MS949 actually) to copy filtered resources, i.e. build is platform dependent!
2026-04-02 16:48:50,721 [Worker-242: Building] INFO  o.e.m.c.i.embedder.EclipseLogger - Copying 1 resource
2026-04-02 16:48:50,722 [Worker-242: Building] WARN  o.e.m.c.i.embedder.EclipseLogger - Using platform encoding (MS949 actually) to copy filtered resources, i.e. build is platform dependent!
2026-04-02 16:48:50,722 [Worker-242: Building] INFO  o.e.m.c.i.embedder.EclipseLogger - Copying 0 resource
2026-04-02 16:48:58,708 [Worker-243: Building] WARN  o.e.m.c.i.embedder.EclipseLogger - Using platform encoding (MS949 actually) to copy filtered resources, i.e. build is platform dependent!
2026-04-02 16:48:58,709 [Worker-243: Building] INFO  o.e.m.c.i.embedder.EclipseLogger - Copying 1 resource
2026-04-02 16:48:58,709 [Worker-243: Building] WARN  o.e.m.c.i.embedder.EclipseLogger - Using platform encoding (MS949 actually) to copy filtered resources, i.e. build is platform dependent!
2026-04-02 16:48:58,709 [Worker-243: Building] INFO  o.e.m.c.i.embedder.EclipseLogger - Copying 0 resource
2026-04-02 16:49:14,844 [Worker-243: Building] WARN  o.e.m.c.i.embedder.EclipseLogger - Using platform encoding (MS949 actually) to copy filtered resources, i.e. build is platform dependent!
2026-04-02 16:49:14,844 [Worker-243: Building] INFO  o.e.m.c.i.embedder.EclipseLogger - Copying 1 resource
2026-04-02 16:49:14,845 [Worker-243: Building] WARN  o.e.m.c.i.embedder.EclipseLogger - Using platform encoding (MS949 actually) to copy filtered resources, i.e. build is platform dependent!
2026-04-02 16:49:14,845 [Worker-243: Building] INFO  o.e.m.c.i.embedder.EclipseLogger - Copying 0 resource
2026-04-02 17:03:29,528 [Worker-239: Building] WARN  o.e.m.c.i.embedder.EclipseLogger - Using platform encoding (MS949 actually) to copy filtered resources, i.e. build is platform dependent!
2026-04-02 17:03:29,529 [Worker-239: Building] INFO  o.e.m.c.i.embedder.EclipseLogger - Copying 1 resource
2026-04-02 17:03:29,530 [Worker-239: Building] WARN  o.e.m.c.i.embedder.EclipseLogger - Using platform encoding (MS949 actually) to copy filtered resources, i.e. build is platform dependent!
2026-04-02 17:03:29,532 [Worker-239: Building] INFO  o.e.m.c.i.embedder.EclipseLogger - Copying 0 resource
2026-04-02 17:04:50,007 [Worker-251: Building] WARN  o.e.m.c.i.embedder.EclipseLogger - Using platform encoding (MS949 actually) to copy filtered resources, i.e. build is platform dependent!
2026-04-02 17:04:50,007 [Worker-251: Building] INFO  o.e.m.c.i.embedder.EclipseLogger - Copying 1 resource
2026-04-02 17:04:50,008 [Worker-251: Building] WARN  o.e.m.c.i.embedder.EclipseLogger - Using platform encoding (MS949 actually) to copy filtered resources, i.e. build is platform dependent!
2026-04-02 17:04:50,008 [Worker-251: Building] INFO  o.e.m.c.i.embedder.EclipseLogger - Copying 0 resource
2026-04-02 17:05:30,966 [Worker-251: Building] WARN  o.e.m.c.i.embedder.EclipseLogger - Using platform encoding (MS949 actually) to copy filtered resources, i.e. build is platform dependent!
2026-04-02 17:05:30,967 [Worker-251: Building] INFO  o.e.m.c.i.embedder.EclipseLogger - Copying 1 resource
2026-04-02 17:05:30,968 [Worker-251: Building] WARN  o.e.m.c.i.embedder.EclipseLogger - Using platform encoding (MS949 actually) to copy filtered resources, i.e. build is platform dependent!
2026-04-02 17:05:30,968 [Worker-251: Building] INFO  o.e.m.c.i.embedder.EclipseLogger - Copying 0 resource
2026-04-02 17:05:47,292 [Worker-248: Building] WARN  o.e.m.c.i.embedder.EclipseLogger - Using platform encoding (MS949 actually) to copy filtered resources, i.e. build is platform dependent!
2026-04-02 17:05:47,293 [Worker-248: Building] INFO  o.e.m.c.i.embedder.EclipseLogger - Copying 1 resource
2026-04-02 17:05:47,293 [Worker-248: Building] WARN  o.e.m.c.i.embedder.EclipseLogger - Using platform encoding (MS949 actually) to copy filtered resources, i.e. build is platform dependent!
2026-04-02 17:05:47,294 [Worker-248: Building] INFO  o.e.m.c.i.embedder.EclipseLogger - Copying 0 resource
2026-04-02 17:06:40,060 [Worker-247: Building] WARN  o.e.m.c.i.embedder.EclipseLogger - Using platform encoding (MS949 actually) to copy filtered resources, i.e. build is platform dependent!
2026-04-02 17:06:40,061 [Worker-247: Building] INFO  o.e.m.c.i.embedder.EclipseLogger - Copying 1 resource
2026-04-02 17:06:40,061 [Worker-247: Building] WARN  o.e.m.c.i.embedder.EclipseLogger - Using platform encoding (MS949 actually) to copy filtered resources, i.e. build is platform dependent!
2026-04-02 17:06:40,063 [Worker-247: Building] INFO  o.e.m.c.i.embedder.EclipseLogger - Copying 0 resource
2026-04-02 17:06:54,318 [Worker-251: Building] WARN  o.e.m.c.i.embedder.EclipseLogger - Using platform encoding (MS949 actually) to copy filtered resources, i.e. build is platform dependent!
2026-04-02 17:06:54,319 [Worker-251: Building] INFO  o.e.m.c.i.embedder.EclipseLogger - Copying 1 resource
2026-04-02 17:06:54,320 [Worker-251: Building] WARN  o.e.m.c.i.embedder.EclipseLogger - Using platform encoding (MS949 actually) to copy filtered resources, i.e. build is platform dependent!
2026-04-02 17:06:54,320 [Worker-251: Building] INFO  o.e.m.c.i.embedder.EclipseLogger - Copying 0 resource
2026-04-02 17:08:39,915 [Worker-252: Building] WARN  o.e.m.c.i.embedder.EclipseLogger - Using platform encoding (MS949 actually) to copy filtered resources, i.e. build is platform dependent!
2026-04-02 17:08:39,916 [Worker-252: Building] INFO  o.e.m.c.i.embedder.EclipseLogger - Copying 1 resource
2026-04-02 17:08:39,916 [Worker-252: Building] WARN  o.e.m.c.i.embedder.EclipseLogger - Using platform encoding (MS949 actually) to copy filtered resources, i.e. build is platform dependent!
2026-04-02 17:08:39,916 [Worker-252: Building] INFO  o.e.m.c.i.embedder.EclipseLogger - Copying 0 resource
2026-04-02 17:08:45,271 [Worker-248: Building] WARN  o.e.m.c.i.embedder.EclipseLogger - Using platform encoding (MS949 actually) to copy filtered resources, i.e. build is platform dependent!
2026-04-02 17:08:45,271 [Worker-248: Building] INFO  o.e.m.c.i.embedder.EclipseLogger - Copying 1 resource
2026-04-02 17:08:45,272 [Worker-248: Building] WARN  o.e.m.c.i.embedder.EclipseLogger - Using platform encoding (MS949 actually) to copy filtered resources, i.e. build is platform dependent!
2026-04-02 17:08:45,272 [Worker-248: Building] INFO  o.e.m.c.i.embedder.EclipseLogger - Copying 0 resource
2026-04-02 17:09:40,567 [Worker-252: Building] WARN  o.e.m.c.i.embedder.EclipseLogger - Using platform encoding (MS949 actually) to copy filtered resources, i.e. build is platform dependent!
2026-04-02 17:09:40,568 [Worker-252: Building] INFO  o.e.m.c.i.embedder.EclipseLogger - Copying 1 resource
2026-04-02 17:09:40,569 [Worker-252: Building] WARN  o.e.m.c.i.embedder.EclipseLogger - Using platform encoding (MS949 actually) to copy filtered resources, i.e. build is platform dependent!
2026-04-02 17:09:40,569 [Worker-252: Building] INFO  o.e.m.c.i.embedder.EclipseLogger - Copying 0 resource
2026-04-02 17:09:43,823 [Worker-248: Building] WARN  o.e.m.c.i.embedder.EclipseLogger - Using platform encoding (MS949 actually) to copy filtered resources, i.e. build is platform dependent!
2026-04-02 17:09:43,824 [Worker-248: Building] INFO  o.e.m.c.i.embedder.EclipseLogger - Copying 1 resource
2026-04-02 17:09:43,824 [Worker-248: Building] WARN  o.e.m.c.i.embedder.EclipseLogger - Using platform encoding (MS949 actually) to copy filtered resources, i.e. build is platform dependent!
2026-04-02 17:09:43,824 [Worker-248: Building] INFO  o.e.m.c.i.embedder.EclipseLogger - Copying 0 resource
2026-04-02 17:09:47,687 [Worker-253: Building] WARN  o.e.m.c.i.embedder.EclipseLogger - Using platform encoding (MS949 actually) to copy filtered resources, i.e. build is platform dependent!
2026-04-02 17:09:47,688 [Worker-253: Building] INFO  o.e.m.c.i.embedder.EclipseLogger - Copying 1 resource
2026-04-02 17:09:47,688 [Worker-253: Building] WARN  o.e.m.c.i.embedder.EclipseLogger - Using platform encoding (MS949 actually) to copy filtered resources, i.e. build is platform dependent!
2026-04-02 17:09:47,689 [Worker-253: Building] INFO  o.e.m.c.i.embedder.EclipseLogger - Copying 0 resource
2026-04-02 17:10:04,688 [Worker-254: Building] WARN  o.e.m.c.i.embedder.EclipseLogger - Using platform encoding (MS949 actually) to copy filtered resources, i.e. build is platform dependent!
2026-04-02 17:10:04,689 [Worker-254: Building] INFO  o.e.m.c.i.embedder.EclipseLogger - Copying 1 resource
2026-04-02 17:10:04,690 [Worker-254: Building] WARN  o.e.m.c.i.embedder.EclipseLogger - Using platform encoding (MS949 actually) to copy filtered resources, i.e. build is platform dependent!
2026-04-02 17:10:04,691 [Worker-254: Building] INFO  o.e.m.c.i.embedder.EclipseLogger - Copying 0 resource
2026-04-02 17:11:59,869 [Worker-248: Building] WARN  o.e.m.c.i.embedder.EclipseLogger - Using platform encoding (MS949 actually) to copy filtered resources, i.e. build is platform dependent!
2026-04-02 17:11:59,870 [Worker-248: Building] INFO  o.e.m.c.i.embedder.EclipseLogger - Copying 1 resource
2026-04-02 17:11:59,870 [Worker-248: Building] WARN  o.e.m.c.i.embedder.EclipseLogger - Using platform encoding (MS949 actually) to copy filtered resources, i.e. build is platform dependent!
2026-04-02 17:11:59,871 [Worker-248: Building] INFO  o.e.m.c.i.embedder.EclipseLogger - Copying 0 resource
2026-04-02 17:12:01,972 [Worker-255: Building] WARN  o.e.m.c.i.embedder.EclipseLogger - Using platform encoding (MS949 actually) to copy filtered resources, i.e. build is platform dependent!
2026-04-02 17:12:01,972 [Worker-255: Building] INFO  o.e.m.c.i.embedder.EclipseLogger - Copying 1 resource
2026-04-02 17:12:01,973 [Worker-255: Building] WARN  o.e.m.c.i.embedder.EclipseLogger - Using platform encoding (MS949 actually) to copy filtered resources, i.e. build is platform dependent!
2026-04-02 17:12:01,973 [Worker-255: Building] INFO  o.e.m.c.i.embedder.EclipseLogger - Copying 0 resource
2026-04-02 17:12:17,776 [Worker-256: Building] WARN  o.e.m.c.i.embedder.EclipseLogger - Using platform encoding (MS949 actually) to copy filtered resources, i.e. build is platform dependent!
2026-04-02 17:12:17,777 [Worker-256: Building] INFO  o.e.m.c.i.embedder.EclipseLogger - Copying 1 resource
2026-04-02 17:12:17,777 [Worker-256: Building] WARN  o.e.m.c.i.embedder.EclipseLogger - Using platform encoding (MS949 actually) to copy filtered resources, i.e. build is platform dependent!
2026-04-02 17:12:17,777 [Worker-256: Building] INFO  o.e.m.c.i.embedder.EclipseLogger - Copying 0 resource
2026-04-02 17:12:29,702 [Worker-254: Building] WARN  o.e.m.c.i.embedder.EclipseLogger - Using platform encoding (MS949 actually) to copy filtered resources, i.e. build is platform dependent!
2026-04-02 17:12:29,703 [Worker-254: Building] INFO  o.e.m.c.i.embedder.EclipseLogger - Copying 1 resource
2026-04-02 17:12:29,704 [Worker-254: Building] WARN  o.e.m.c.i.embedder.EclipseLogger - Using platform encoding (MS949 actually) to copy filtered resources, i.e. build is platform dependent!
2026-04-02 17:12:29,704 [Worker-254: Building] INFO  o.e.m.c.i.embedder.EclipseLogger - Copying 0 resource
2026-04-02 17:16:46,973 [Worker-255: Building] WARN  o.e.m.c.i.embedder.EclipseLogger - Using platform encoding (MS949 actually) to copy filtered resources, i.e. build is platform dependent!
2026-04-02 17:16:46,974 [Worker-255: Building] INFO  o.e.m.c.i.embedder.EclipseLogger - Copying 1 resource
2026-04-02 17:16:46,974 [Worker-255: Building] WARN  o.e.m.c.i.embedder.EclipseLogger - Using platform encoding (MS949 actually) to copy filtered resources, i.e. build is platform dependent!
2026-04-02 17:16:46,975 [Worker-255: Building] INFO  o.e.m.c.i.embedder.EclipseLogger - Copying 0 resource
2026-04-02 17:16:51,451 [Worker-257: Building] WARN  o.e.m.c.i.embedder.EclipseLogger - Using platform encoding (MS949 actually) to copy filtered resources, i.e. build is platform dependent!
2026-04-02 17:16:51,451 [Worker-257: Building] INFO  o.e.m.c.i.embedder.EclipseLogger - Copying 1 resource
2026-04-02 17:16:51,452 [Worker-257: Building] WARN  o.e.m.c.i.embedder.EclipseLogger - Using platform encoding (MS949 actually) to copy filtered resources, i.e. build is platform dependent!
2026-04-02 17:16:51,452 [Worker-257: Building] INFO  o.e.m.c.i.embedder.EclipseLogger - Copying 0 resource
2026-04-02 17:17:02,859 [Worker-255: Building] WARN  o.e.m.c.i.embedder.EclipseLogger - Using platform encoding (MS949 actually) to copy filtered resources, i.e. build is platform dependent!
2026-04-02 17:17:02,861 [Worker-255: Building] INFO  o.e.m.c.i.embedder.EclipseLogger - Copying 1 resource
2026-04-02 17:17:02,861 [Worker-255: Building] WARN  o.e.m.c.i.embedder.EclipseLogger - Using platform encoding (MS949 actually) to copy filtered resources, i.e. build is platform dependent!
2026-04-02 17:17:02,862 [Worker-255: Building] INFO  o.e.m.c.i.embedder.EclipseLogger - Copying 0 resource
2026-04-02 17:19:27,394 [Worker-260: Building] WARN  o.e.m.c.i.embedder.EclipseLogger - Using platform encoding (MS949 actually) to copy filtered resources, i.e. build is platform dependent!
2026-04-02 17:19:27,395 [Worker-260: Building] INFO  o.e.m.c.i.embedder.EclipseLogger - Copying 1 resource
2026-04-02 17:19:27,395 [Worker-260: Building] WARN  o.e.m.c.i.embedder.EclipseLogger - Using platform encoding (MS949 actually) to copy filtered resources, i.e. build is platform dependent!
2026-04-02 17:19:27,396 [Worker-260: Building] INFO  o.e.m.c.i.embedder.EclipseLogger - Copying 0 resource
2026-04-02 17:19:52,863 [Worker-261: Building] WARN  o.e.m.c.i.embedder.EclipseLogger - Using platform encoding (MS949 actually) to copy filtered resources, i.e. build is platform dependent!
2026-04-02 17:19:52,864 [Worker-261: Building] INFO  o.e.m.c.i.embedder.EclipseLogger - Copying 1 resource
2026-04-02 17:19:52,864 [Worker-261: Building] WARN  o.e.m.c.i.embedder.EclipseLogger - Using platform encoding (MS949 actually) to copy filtered resources, i.e. build is platform dependent!
2026-04-02 17:19:52,865 [Worker-261: Building] INFO  o.e.m.c.i.embedder.EclipseLogger - Copying 0 resource
2026-04-02 17:19:58,501 [Worker-261: Building] WARN  o.e.m.c.i.embedder.EclipseLogger - Using platform encoding (MS949 actually) to copy filtered resources, i.e. build is platform dependent!
2026-04-02 17:19:58,502 [Worker-261: Building] INFO  o.e.m.c.i.embedder.EclipseLogger - Copying 1 resource
2026-04-02 17:19:58,502 [Worker-261: Building] WARN  o.e.m.c.i.embedder.EclipseLogger - Using platform encoding (MS949 actually) to copy filtered resources, i.e. build is platform dependent!
2026-04-02 17:19:58,502 [Worker-261: Building] INFO  o.e.m.c.i.embedder.EclipseLogger - Copying 0 resource
2026-04-02 17:20:03,665 [Worker-261: Building] WARN  o.e.m.c.i.embedder.EclipseLogger - Using platform encoding (MS949 actually) to copy filtered resources, i.e. build is platform dependent!
2026-04-02 17:20:03,665 [Worker-261: Building] INFO  o.e.m.c.i.embedder.EclipseLogger - Copying 1 resource
2026-04-02 17:20:03,666 [Worker-261: Building] WARN  o.e.m.c.i.embedder.EclipseLogger - Using platform encoding (MS949 actually) to copy filtered resources, i.e. build is platform dependent!
2026-04-02 17:20:03,666 [Worker-261: Building] INFO  o.e.m.c.i.embedder.EclipseLogger - Copying 0 resource
2026-04-02 17:20:15,260 [Worker-261: Building] WARN  o.e.m.c.i.embedder.EclipseLogger - Using platform encoding (MS949 actually) to copy filtered resources, i.e. build is platform dependent!
2026-04-02 17:20:15,260 [Worker-261: Building] INFO  o.e.m.c.i.embedder.EclipseLogger - Copying 1 resource
2026-04-02 17:20:15,261 [Worker-261: Building] WARN  o.e.m.c.i.embedder.EclipseLogger - Using platform encoding (MS949 actually) to copy filtered resources, i.e. build is platform dependent!
2026-04-02 17:20:15,261 [Worker-261: Building] INFO  o.e.m.c.i.embedder.EclipseLogger - Copying 0 resource
2026-04-02 17:20:17,291 [Worker-259: Building] WARN  o.e.m.c.i.embedder.EclipseLogger - Using platform encoding (MS949 actually) to copy filtered resources, i.e. build is platform dependent!
2026-04-02 17:20:17,292 [Worker-259: Building] INFO  o.e.m.c.i.embedder.EclipseLogger - Copying 1 resource
2026-04-02 17:20:17,293 [Worker-259: Building] WARN  o.e.m.c.i.embedder.EclipseLogger - Using platform encoding (MS949 actually) to copy filtered resources, i.e. build is platform dependent!
2026-04-02 17:20:17,293 [Worker-259: Building] INFO  o.e.m.c.i.embedder.EclipseLogger - Copying 0 resource
2026-04-02 17:20:43,368 [Worker-259: Building] WARN  o.e.m.c.i.embedder.EclipseLogger - Using platform encoding (MS949 actually) to copy filtered resources, i.e. build is platform dependent!
2026-04-02 17:20:43,369 [Worker-259: Building] INFO  o.e.m.c.i.embedder.EclipseLogger - Copying 1 resource
2026-04-02 17:20:43,369 [Worker-259: Building] WARN  o.e.m.c.i.embedder.EclipseLogger - Using platform encoding (MS949 actually) to copy filtered resources, i.e. build is platform dependent!
2026-04-02 17:20:43,370 [Worker-259: Building] INFO  o.e.m.c.i.embedder.EclipseLogger - Copying 0 resource
2026-04-02 17:21:05,365 [Worker-255: Building] WARN  o.e.m.c.i.embedder.EclipseLogger - Using platform encoding (MS949 actually) to copy filtered resources, i.e. build is platform dependent!
2026-04-02 17:21:05,366 [Worker-255: Building] INFO  o.e.m.c.i.embedder.EclipseLogger - Copying 1 resource
2026-04-02 17:21:05,367 [Worker-255: Building] WARN  o.e.m.c.i.embedder.EclipseLogger - Using platform encoding (MS949 actually) to copy filtered resources, i.e. build is platform dependent!
2026-04-02 17:21:05,367 [Worker-255: Building] INFO  o.e.m.c.i.embedder.EclipseLogger - Copying 0 resource
2026-04-02 17:22:48,724 [Worker-260: Building] WARN  o.e.m.c.i.embedder.EclipseLogger - Using platform encoding (MS949 actually) to copy filtered resources, i.e. build is platform dependent!
2026-04-02 17:22:48,725 [Worker-260: Building] INFO  o.e.m.c.i.embedder.EclipseLogger - Copying 1 resource
2026-04-02 17:22:48,726 [Worker-260: Building] WARN  o.e.m.c.i.embedder.EclipseLogger - Using platform encoding (MS949 actually) to copy filtered resources, i.e. build is platform dependent!
2026-04-02 17:22:48,727 [Worker-260: Building] INFO  o.e.m.c.i.embedder.EclipseLogger - Copying 0 resource
2026-04-02 17:22:53,000 [Worker-259: Building] WARN  o.e.m.c.i.embedder.EclipseLogger - Using platform encoding (MS949 actually) to copy filtered resources, i.e. build is platform dependent!
2026-04-02 17:22:53,001 [Worker-259: Building] INFO  o.e.m.c.i.embedder.EclipseLogger - Copying 1 resource
2026-04-02 17:22:53,001 [Worker-259: Building] WARN  o.e.m.c.i.embedder.EclipseLogger - Using platform encoding (MS949 actually) to copy filtered resources, i.e. build is platform dependent!
2026-04-02 17:22:53,002 [Worker-259: Building] INFO  o.e.m.c.i.embedder.EclipseLogger - Copying 0 resource
2026-04-02 17:23:00,907 [Worker-261: Building] WARN  o.e.m.c.i.embedder.EclipseLogger - Using platform encoding (MS949 actually) to copy filtered resources, i.e. build is platform dependent!
2026-04-02 17:23:00,908 [Worker-261: Building] INFO  o.e.m.c.i.embedder.EclipseLogger - Copying 1 resource
2026-04-02 17:23:00,908 [Worker-261: Building] WARN  o.e.m.c.i.embedder.EclipseLogger - Using platform encoding (MS949 actually) to copy filtered resources, i.e. build is platform dependent!
2026-04-02 17:23:00,909 [Worker-261: Building] INFO  o.e.m.c.i.embedder.EclipseLogger - Copying 0 resource
2026-04-02 17:23:10,480 [Worker-257: Building] WARN  o.e.m.c.i.embedder.EclipseLogger - Using platform encoding (MS949 actually) to copy filtered resources, i.e. build is platform dependent!
2026-04-02 17:23:10,481 [Worker-257: Building] INFO  o.e.m.c.i.embedder.EclipseLogger - Copying 1 resource
2026-04-02 17:23:10,481 [Worker-257: Building] WARN  o.e.m.c.i.embedder.EclipseLogger - Using platform encoding (MS949 actually) to copy filtered resources, i.e. build is platform dependent!
2026-04-02 17:23:10,481 [Worker-257: Building] INFO  o.e.m.c.i.embedder.EclipseLogger - Copying 0 resource
2026-04-02 17:23:20,126 [Worker-257: Building] WARN  o.e.m.c.i.embedder.EclipseLogger - Using platform encoding (MS949 actually) to copy filtered resources, i.e. build is platform dependent!
2026-04-02 17:23:20,126 [Worker-257: Building] INFO  o.e.m.c.i.embedder.EclipseLogger - Copying 1 resource
2026-04-02 17:23:20,127 [Worker-257: Building] WARN  o.e.m.c.i.embedder.EclipseLogger - Using platform encoding (MS949 actually) to copy filtered resources, i.e. build is platform dependent!
2026-04-02 17:23:20,127 [Worker-257: Building] INFO  o.e.m.c.i.embedder.EclipseLogger - Copying 0 resource
2026-04-02 17:24:40,055 [Worker-260: Building] WARN  o.e.m.c.i.embedder.EclipseLogger - Using platform encoding (MS949 actually) to copy filtered resources, i.e. build is platform dependent!
2026-04-02 17:24:40,056 [Worker-260: Building] INFO  o.e.m.c.i.embedder.EclipseLogger - Copying 1 resource
2026-04-02 17:24:40,056 [Worker-260: Building] WARN  o.e.m.c.i.embedder.EclipseLogger - Using platform encoding (MS949 actually) to copy filtered resources, i.e. build is platform dependent!
2026-04-02 17:24:40,056 [Worker-260: Building] INFO  o.e.m.c.i.embedder.EclipseLogger - Copying 0 resource
2026-04-02 17:24:57,438 [Worker-264: Building] WARN  o.e.m.c.i.embedder.EclipseLogger - Using platform encoding (MS949 actually) to copy filtered resources, i.e. build is platform dependent!
2026-04-02 17:24:57,439 [Worker-264: Building] INFO  o.e.m.c.i.embedder.EclipseLogger - Copying 1 resource
2026-04-02 17:24:57,439 [Worker-264: Building] WARN  o.e.m.c.i.embedder.EclipseLogger - Using platform encoding (MS949 actually) to copy filtered resources, i.e. build is platform dependent!
2026-04-02 17:24:57,441 [Worker-264: Building] INFO  o.e.m.c.i.embedder.EclipseLogger - Copying 0 resource
2026-04-02 17:25:00,656 [Worker-260: Building] WARN  o.e.m.c.i.embedder.EclipseLogger - Using platform encoding (MS949 actually) to copy filtered resources, i.e. build is platform dependent!
2026-04-02 17:25:00,656 [Worker-260: Building] INFO  o.e.m.c.i.embedder.EclipseLogger - Copying 1 resource
2026-04-02 17:25:00,656 [Worker-260: Building] WARN  o.e.m.c.i.embedder.EclipseLogger - Using platform encoding (MS949 actually) to copy filtered resources, i.e. build is platform dependent!
2026-04-02 17:25:00,657 [Worker-260: Building] INFO  o.e.m.c.i.embedder.EclipseLogger - Copying 0 resource
2026-04-02 17:25:22,998 [Worker-265: Building] WARN  o.e.m.c.i.embedder.EclipseLogger - Using platform encoding (MS949 actually) to copy filtered resources, i.e. build is platform dependent!
2026-04-02 17:25:22,998 [Worker-265: Building] INFO  o.e.m.c.i.embedder.EclipseLogger - Copying 1 resource
2026-04-02 17:25:22,999 [Worker-265: Building] WARN  o.e.m.c.i.embedder.EclipseLogger - Using platform encoding (MS949 actually) to copy filtered resources, i.e. build is platform dependent!
2026-04-02 17:25:22,999 [Worker-265: Building] INFO  o.e.m.c.i.embedder.EclipseLogger - Copying 0 resource
2026-04-02 17:25:25,267 [Worker-264: Building] WARN  o.e.m.c.i.embedder.EclipseLogger - Using platform encoding (MS949 actually) to copy filtered resources, i.e. build is platform dependent!
2026-04-02 17:25:25,267 [Worker-264: Building] INFO  o.e.m.c.i.embedder.EclipseLogger - Copying 1 resource
2026-04-02 17:25:25,268 [Worker-264: Building] WARN  o.e.m.c.i.embedder.EclipseLogger - Using platform encoding (MS949 actually) to copy filtered resources, i.e. build is platform dependent!
2026-04-02 17:25:25,268 [Worker-264: Building] INFO  o.e.m.c.i.embedder.EclipseLogger - Copying 0 resource
2026-04-02 17:25:28,229 [Worker-267: Building] WARN  o.e.m.c.i.embedder.EclipseLogger - Using platform encoding (MS949 actually) to copy filtered resources, i.e. build is platform dependent!
2026-04-02 17:25:28,230 [Worker-267: Building] INFO  o.e.m.c.i.embedder.EclipseLogger - Copying 1 resource
2026-04-02 17:25:28,231 [Worker-267: Building] WARN  o.e.m.c.i.embedder.EclipseLogger - Using platform encoding (MS949 actually) to copy filtered resources, i.e. build is platform dependent!
2026-04-02 17:25:28,231 [Worker-267: Building] INFO  o.e.m.c.i.embedder.EclipseLogger - Copying 0 resource
2026-04-02 17:25:33,241 [Worker-267: Building] WARN  o.e.m.c.i.embedder.EclipseLogger - Using platform encoding (MS949 actually) to copy filtered resources, i.e. build is platform dependent!
2026-04-02 17:25:33,242 [Worker-267: Building] INFO  o.e.m.c.i.embedder.EclipseLogger - Copying 1 resource
2026-04-02 17:25:33,242 [Worker-267: Building] WARN  o.e.m.c.i.embedder.EclipseLogger - Using platform encoding (MS949 actually) to copy filtered resources, i.e. build is platform dependent!
2026-04-02 17:25:33,242 [Worker-267: Building] INFO  o.e.m.c.i.embedder.EclipseLogger - Copying 0 resource
2026-04-02 17:25:59,531 [Worker-266: Building] WARN  o.e.m.c.i.embedder.EclipseLogger - Using platform encoding (MS949 actually) to copy filtered resources, i.e. build is platform dependent!
2026-04-02 17:25:59,531 [Worker-266: Building] INFO  o.e.m.c.i.embedder.EclipseLogger - Copying 1 resource
2026-04-02 17:25:59,532 [Worker-266: Building] WARN  o.e.m.c.i.embedder.EclipseLogger - Using platform encoding (MS949 actually) to copy filtered resources, i.e. build is platform dependent!
2026-04-02 17:25:59,533 [Worker-266: Building] INFO  o.e.m.c.i.embedder.EclipseLogger - Copying 0 resource
2026-04-02 17:26:12,087 [Worker-265: Building] WARN  o.e.m.c.i.embedder.EclipseLogger - Using platform encoding (MS949 actually) to copy filtered resources, i.e. build is platform dependent!
2026-04-02 17:26:12,087 [Worker-265: Building] INFO  o.e.m.c.i.embedder.EclipseLogger - Copying 1 resource
2026-04-02 17:26:12,087 [Worker-265: Building] WARN  o.e.m.c.i.embedder.EclipseLogger - Using platform encoding (MS949 actually) to copy filtered resources, i.e. build is platform dependent!
2026-04-02 17:26:12,088 [Worker-265: Building] INFO  o.e.m.c.i.embedder.EclipseLogger - Copying 0 resource
2026-04-02 17:28:03,121 [Worker-268: Building] WARN  o.e.m.c.i.embedder.EclipseLogger - Using platform encoding (MS949 actually) to copy filtered resources, i.e. build is platform dependent!
2026-04-02 17:28:03,122 [Worker-268: Building] INFO  o.e.m.c.i.embedder.EclipseLogger - Copying 1 resource
2026-04-02 17:28:03,123 [Worker-268: Building] WARN  o.e.m.c.i.embedder.EclipseLogger - Using platform encoding (MS949 actually) to copy filtered resources, i.e. build is platform dependent!
2026-04-02 17:28:03,123 [Worker-268: Building] INFO  o.e.m.c.i.embedder.EclipseLogger - Copying 0 resource
2026-04-02 17:28:04,295 [Worker-260: Building] WARN  o.e.m.c.i.embedder.EclipseLogger - Using platform encoding (MS949 actually) to copy filtered resources, i.e. build is platform dependent!
2026-04-02 17:28:04,296 [Worker-260: Building] INFO  o.e.m.c.i.embedder.EclipseLogger - Copying 1 resource
2026-04-02 17:28:04,296 [Worker-260: Building] WARN  o.e.m.c.i.embedder.EclipseLogger - Using platform encoding (MS949 actually) to copy filtered resources, i.e. build is platform dependent!
2026-04-02 17:28:04,297 [Worker-260: Building] INFO  o.e.m.c.i.embedder.EclipseLogger - Copying 0 resource
2026-04-02 17:28:28,426 [Worker-268: Building] WARN  o.e.m.c.i.embedder.EclipseLogger - Using platform encoding (MS949 actually) to copy filtered resources, i.e. build is platform dependent!
2026-04-02 17:28:28,427 [Worker-268: Building] INFO  o.e.m.c.i.embedder.EclipseLogger - Copying 1 resource
2026-04-02 17:28:28,427 [Worker-268: Building] WARN  o.e.m.c.i.embedder.EclipseLogger - Using platform encoding (MS949 actually) to copy filtered resources, i.e. build is platform dependent!
2026-04-02 17:28:28,428 [Worker-268: Building] INFO  o.e.m.c.i.embedder.EclipseLogger - Copying 0 resource
2026-04-02 17:31:22,152 [Worker-272: Building] WARN  o.e.m.c.i.embedder.EclipseLogger - Using platform encoding (MS949 actually) to copy filtered resources, i.e. build is platform dependent!
2026-04-02 17:31:22,153 [Worker-272: Building] INFO  o.e.m.c.i.embedder.EclipseLogger - Copying 1 resource
2026-04-02 17:31:22,153 [Worker-272: Building] WARN  o.e.m.c.i.embedder.EclipseLogger - Using platform encoding (MS949 actually) to copy filtered resources, i.e. build is platform dependent!
2026-04-02 17:31:22,155 [Worker-272: Building] INFO  o.e.m.c.i.embedder.EclipseLogger - Copying 0 resource
2026-04-02 17:31:30,928 [Worker-260: Building] WARN  o.e.m.c.i.embedder.EclipseLogger - Using platform encoding (MS949 actually) to copy filtered resources, i.e. build is platform dependent!
2026-04-02 17:31:30,929 [Worker-260: Building] INFO  o.e.m.c.i.embedder.EclipseLogger - Copying 1 resource
2026-04-02 17:31:30,929 [Worker-260: Building] WARN  o.e.m.c.i.embedder.EclipseLogger - Using platform encoding (MS949 actually) to copy filtered resources, i.e. build is platform dependent!
2026-04-02 17:31:30,930 [Worker-260: Building] INFO  o.e.m.c.i.embedder.EclipseLogger - Copying 0 resource
2026-04-02 17:31:41,284 [Worker-273: Building] WARN  o.e.m.c.i.embedder.EclipseLogger - Using platform encoding (MS949 actually) to copy filtered resources, i.e. build is platform dependent!
2026-04-02 17:31:41,285 [Worker-273: Building] INFO  o.e.m.c.i.embedder.EclipseLogger - Copying 1 resource
2026-04-02 17:31:41,285 [Worker-273: Building] WARN  o.e.m.c.i.embedder.EclipseLogger - Using platform encoding (MS949 actually) to copy filtered resources, i.e. build is platform dependent!
2026-04-02 17:31:41,286 [Worker-273: Building] INFO  o.e.m.c.i.embedder.EclipseLogger - Copying 0 resource
2026-04-02 17:31:43,746 [Worker-273: Building] WARN  o.e.m.c.i.embedder.EclipseLogger - Using platform encoding (MS949 actually) to copy filtered resources, i.e. build is platform dependent!
2026-04-02 17:31:43,747 [Worker-273: Building] INFO  o.e.m.c.i.embedder.EclipseLogger - Copying 1 resource
2026-04-02 17:31:43,748 [Worker-273: Building] WARN  o.e.m.c.i.embedder.EclipseLogger - Using platform encoding (MS949 actually) to copy filtered resources, i.e. build is platform dependent!
2026-04-02 17:31:43,748 [Worker-273: Building] INFO  o.e.m.c.i.embedder.EclipseLogger - Copying 0 resource
2026-04-02 17:39:13,966 [Worker-276: Building] WARN  o.e.m.c.i.embedder.EclipseLogger - Using platform encoding (MS949 actually) to copy filtered resources, i.e. build is platform dependent!
2026-04-02 17:39:13,967 [Worker-276: Building] INFO  o.e.m.c.i.embedder.EclipseLogger - Copying 1 resource
2026-04-02 17:39:13,968 [Worker-276: Building] WARN  o.e.m.c.i.embedder.EclipseLogger - Using platform encoding (MS949 actually) to copy filtered resources, i.e. build is platform dependent!
2026-04-02 17:39:13,968 [Worker-276: Building] INFO  o.e.m.c.i.embedder.EclipseLogger - Copying 0 resource
2026-04-03 08:45:05,659 [Worker-7: Loading available Gradle versions] INFO  o.e.b.c.i.u.g.PublishedGradleVersions - Gradle version information cache is out-of-date. Trying to update.
2026-04-03 09:05:48,613 [Worker-23: Building] WARN  o.e.m.c.i.embedder.EclipseLogger - Using platform encoding (MS949 actually) to copy filtered resources, i.e. build is platform dependent!
2026-04-03 09:05:48,613 [Worker-23: Building] INFO  o.e.m.c.i.embedder.EclipseLogger - Copying 1 resource
2026-04-03 09:05:48,618 [Worker-23: Building] WARN  o.e.m.c.i.embedder.EclipseLogger - Using platform encoding (MS949 actually) to copy filtered resources, i.e. build is platform dependent!
2026-04-03 09:05:48,618 [Worker-23: Building] INFO  o.e.m.c.i.embedder.EclipseLogger - Copying 1 resource
2026-04-03 09:06:16,443 [Worker-23: Building] WARN  o.e.m.c.i.embedder.EclipseLogger - Using platform encoding (MS949 actually) to copy filtered resources, i.e. build is platform dependent!
2026-04-03 09:06:16,451 [Worker-23: Building] INFO  o.e.m.c.i.embedder.EclipseLogger - Copying 1 resource
2026-04-03 09:06:16,452 [Worker-23: Building] WARN  o.e.m.c.i.embedder.EclipseLogger - Using platform encoding (MS949 actually) to copy filtered resources, i.e. build is platform dependent!
2026-04-03 09:06:16,452 [Worker-23: Building] INFO  o.e.m.c.i.embedder.EclipseLogger - Copying 0 resource
2026-04-03 09:06:28,675 [Worker-21: Building] WARN  o.e.m.c.i.embedder.EclipseLogger - Using platform encoding (MS949 actually) to copy filtered resources, i.e. build is platform dependent!
2026-04-03 09:06:28,691 [Worker-21: Building] INFO  o.e.m.c.i.embedder.EclipseLogger - Copying 1 resource
2026-04-03 09:06:28,691 [Worker-21: Building] WARN  o.e.m.c.i.embedder.EclipseLogger - Using platform encoding (MS949 actually) to copy filtered resources, i.e. build is platform dependent!
2026-04-03 09:06:28,693 [Worker-21: Building] INFO  o.e.m.c.i.embedder.EclipseLogger - Copying 0 resource
2026-04-03 09:07:04,789 [Worker-24: Building] WARN  o.e.m.c.i.embedder.EclipseLogger - Using platform encoding (MS949 actually) to copy filtered resources, i.e. build is platform dependent!
2026-04-03 09:07:04,789 [Worker-24: Building] INFO  o.e.m.c.i.embedder.EclipseLogger - Copying 1 resource
2026-04-03 09:07:04,789 [Worker-24: Building] WARN  o.e.m.c.i.embedder.EclipseLogger - Using platform encoding (MS949 actually) to copy filtered resources, i.e. build is platform dependent!
2026-04-03 09:07:04,789 [Worker-24: Building] INFO  o.e.m.c.i.embedder.EclipseLogger - Copying 0 resource
2026-04-03 09:07:10,593 [Worker-20: Building] WARN  o.e.m.c.i.embedder.EclipseLogger - Using platform encoding (MS949 actually) to copy filtered resources, i.e. build is platform dependent!
2026-04-03 09:07:10,593 [Worker-20: Building] INFO  o.e.m.c.i.embedder.EclipseLogger - Copying 1 resource
2026-04-03 09:07:10,593 [Worker-20: Building] WARN  o.e.m.c.i.embedder.EclipseLogger - Using platform encoding (MS949 actually) to copy filtered resources, i.e. build is platform dependent!
2026-04-03 09:07:10,593 [Worker-20: Building] INFO  o.e.m.c.i.embedder.EclipseLogger - Copying 0 resource
2026-04-03 09:07:13,430 [Worker-24: Building] WARN  o.e.m.c.i.embedder.EclipseLogger - Using platform encoding (MS949 actually) to copy filtered resources, i.e. build is platform dependent!
2026-04-03 09:07:13,430 [Worker-24: Building] INFO  o.e.m.c.i.embedder.EclipseLogger - Copying 1 resource
2026-04-03 09:07:13,433 [Worker-24: Building] WARN  o.e.m.c.i.embedder.EclipseLogger - Using platform encoding (MS949 actually) to copy filtered resources, i.e. build is platform dependent!
2026-04-03 09:07:13,433 [Worker-24: Building] INFO  o.e.m.c.i.embedder.EclipseLogger - Copying 0 resource
2026-04-03 09:07:31,348 [Worker-21: Building] WARN  o.e.m.c.i.embedder.EclipseLogger - Using platform encoding (MS949 actually) to copy filtered resources, i.e. build is platform dependent!
2026-04-03 09:07:31,348 [Worker-21: Building] INFO  o.e.m.c.i.embedder.EclipseLogger - Copying 1 resource
2026-04-03 09:07:31,348 [Worker-21: Building] WARN  o.e.m.c.i.embedder.EclipseLogger - Using platform encoding (MS949 actually) to copy filtered resources, i.e. build is platform dependent!
2026-04-03 09:07:31,348 [Worker-21: Building] INFO  o.e.m.c.i.embedder.EclipseLogger - Copying 0 resource
2026-04-03 09:07:33,426 [Worker-21: Building] WARN  o.e.m.c.i.embedder.EclipseLogger - Using platform encoding (MS949 actually) to copy filtered resources, i.e. build is platform dependent!
2026-04-03 09:07:33,426 [Worker-21: Building] INFO  o.e.m.c.i.embedder.EclipseLogger - Copying 1 resource
2026-04-03 09:07:33,426 [Worker-21: Building] WARN  o.e.m.c.i.embedder.EclipseLogger - Using platform encoding (MS949 actually) to copy filtered resources, i.e. build is platform dependent!
2026-04-03 09:07:33,426 [Worker-21: Building] INFO  o.e.m.c.i.embedder.EclipseLogger - Copying 0 resource
2026-04-03 09:07:35,509 [Worker-20: Building] WARN  o.e.m.c.i.embedder.EclipseLogger - Using platform encoding (MS949 actually) to copy filtered resources, i.e. build is platform dependent!
2026-04-03 09:07:35,509 [Worker-20: Building] INFO  o.e.m.c.i.embedder.EclipseLogger - Copying 1 resource
2026-04-03 09:07:35,509 [Worker-20: Building] WARN  o.e.m.c.i.embedder.EclipseLogger - Using platform encoding (MS949 actually) to copy filtered resources, i.e. build is platform dependent!
2026-04-03 09:07:35,509 [Worker-20: Building] INFO  o.e.m.c.i.embedder.EclipseLogger - Copying 0 resource
2026-04-03 09:08:06,746 [Worker-19: Building] WARN  o.e.m.c.i.embedder.EclipseLogger - Using platform encoding (MS949 actually) to copy filtered resources, i.e. build is platform dependent!
2026-04-03 09:08:06,746 [Worker-19: Building] INFO  o.e.m.c.i.embedder.EclipseLogger - Copying 1 resource
2026-04-03 09:08:06,746 [Worker-19: Building] WARN  o.e.m.c.i.embedder.EclipseLogger - Using platform encoding (MS949 actually) to copy filtered resources, i.e. build is platform dependent!
2026-04-03 09:08:06,746 [Worker-19: Building] INFO  o.e.m.c.i.embedder.EclipseLogger - Copying 0 resource
2026-04-03 09:09:35,349 [Worker-22: Building] WARN  o.e.m.c.i.embedder.EclipseLogger - Using platform encoding (MS949 actually) to copy filtered resources, i.e. build is platform dependent!
2026-04-03 09:09:35,349 [Worker-22: Building] INFO  o.e.m.c.i.embedder.EclipseLogger - Copying 1 resource
2026-04-03 09:09:35,349 [Worker-22: Building] WARN  o.e.m.c.i.embedder.EclipseLogger - Using platform encoding (MS949 actually) to copy filtered resources, i.e. build is platform dependent!
2026-04-03 09:09:35,349 [Worker-22: Building] INFO  o.e.m.c.i.embedder.EclipseLogger - Copying 0 resource
2026-04-03 09:10:35,778 [Worker-21: Building] WARN  o.e.m.c.i.embedder.EclipseLogger - Using platform encoding (MS949 actually) to copy filtered resources, i.e. build is platform dependent!
2026-04-03 09:10:35,778 [Worker-21: Building] INFO  o.e.m.c.i.embedder.EclipseLogger - Copying 1 resource
2026-04-03 09:10:35,778 [Worker-21: Building] WARN  o.e.m.c.i.embedder.EclipseLogger - Using platform encoding (MS949 actually) to copy filtered resources, i.e. build is platform dependent!
2026-04-03 09:10:35,781 [Worker-21: Building] INFO  o.e.m.c.i.embedder.EclipseLogger - Copying 0 resource
2026-04-03 09:11:02,213 [Worker-26: Building] WARN  o.e.m.c.i.embedder.EclipseLogger - Using platform encoding (MS949 actually) to copy filtered resources, i.e. build is platform dependent!
2026-04-03 09:11:02,213 [Worker-26: Building] INFO  o.e.m.c.i.embedder.EclipseLogger - Copying 1 resource
2026-04-03 09:11:02,213 [Worker-26: Building] WARN  o.e.m.c.i.embedder.EclipseLogger - Using platform encoding (MS949 actually) to copy filtered resources, i.e. build is platform dependent!
2026-04-03 09:11:02,213 [Worker-26: Building] INFO  o.e.m.c.i.embedder.EclipseLogger - Copying 0 resource
2026-04-03 09:11:06,720 [Worker-23: Building] WARN  o.e.m.c.i.embedder.EclipseLogger - Using platform encoding (MS949 actually) to copy filtered resources, i.e. build is platform dependent!
2026-04-03 09:11:06,720 [Worker-23: Building] INFO  o.e.m.c.i.embedder.EclipseLogger - Copying 1 resource
2026-04-03 09:11:06,720 [Worker-23: Building] WARN  o.e.m.c.i.embedder.EclipseLogger - Using platform encoding (MS949 actually) to copy filtered resources, i.e. build is platform dependent!
2026-04-03 09:11:06,720 [Worker-23: Building] INFO  o.e.m.c.i.embedder.EclipseLogger - Copying 0 resource
2026-04-03 09:11:09,841 [Worker-21: Building] WARN  o.e.m.c.i.embedder.EclipseLogger - Using platform encoding (MS949 actually) to copy filtered resources, i.e. build is platform dependent!
2026-04-03 09:11:09,841 [Worker-21: Building] INFO  o.e.m.c.i.embedder.EclipseLogger - Copying 1 resource
2026-04-03 09:11:09,841 [Worker-21: Building] WARN  o.e.m.c.i.embedder.EclipseLogger - Using platform encoding (MS949 actually) to copy filtered resources, i.e. build is platform dependent!
2026-04-03 09:11:09,841 [Worker-21: Building] INFO  o.e.m.c.i.embedder.EclipseLogger - Copying 0 resource
2026-04-03 09:11:46,458 [Worker-25: Building] WARN  o.e.m.c.i.embedder.EclipseLogger - Using platform encoding (MS949 actually) to copy filtered resources, i.e. build is platform dependent!
2026-04-03 09:11:46,458 [Worker-25: Building] INFO  o.e.m.c.i.embedder.EclipseLogger - Copying 1 resource
2026-04-03 09:11:46,458 [Worker-25: Building] WARN  o.e.m.c.i.embedder.EclipseLogger - Using platform encoding (MS949 actually) to copy filtered resources, i.e. build is platform dependent!
2026-04-03 09:11:46,458 [Worker-25: Building] INFO  o.e.m.c.i.embedder.EclipseLogger - Copying 0 resource
2026-04-03 09:13:17,142 [Worker-27: Building] WARN  o.e.m.c.i.embedder.EclipseLogger - Using platform encoding (MS949 actually) to copy filtered resources, i.e. build is platform dependent!
2026-04-03 09:13:17,142 [Worker-27: Building] INFO  o.e.m.c.i.embedder.EclipseLogger - Copying 1 resource
2026-04-03 09:13:17,142 [Worker-27: Building] WARN  o.e.m.c.i.embedder.EclipseLogger - Using platform encoding (MS949 actually) to copy filtered resources, i.e. build is platform dependent!
2026-04-03 09:13:17,142 [Worker-27: Building] INFO  o.e.m.c.i.embedder.EclipseLogger - Copying 0 resource
2026-04-03 09:13:25,254 [Worker-29: Building] WARN  o.e.m.c.i.embedder.EclipseLogger - Using platform encoding (MS949 actually) to copy filtered resources, i.e. build is platform dependent!
2026-04-03 09:13:25,254 [Worker-29: Building] INFO  o.e.m.c.i.embedder.EclipseLogger - Copying 1 resource
2026-04-03 09:13:25,254 [Worker-29: Building] WARN  o.e.m.c.i.embedder.EclipseLogger - Using platform encoding (MS949 actually) to copy filtered resources, i.e. build is platform dependent!
2026-04-03 09:13:25,254 [Worker-29: Building] INFO  o.e.m.c.i.embedder.EclipseLogger - Copying 0 resource
2026-04-03 09:13:34,955 [Worker-29: Building] WARN  o.e.m.c.i.embedder.EclipseLogger - Using platform encoding (MS949 actually) to copy filtered resources, i.e. build is platform dependent!
2026-04-03 09:13:34,955 [Worker-29: Building] INFO  o.e.m.c.i.embedder.EclipseLogger - Copying 1 resource
2026-04-03 09:13:34,955 [Worker-29: Building] WARN  o.e.m.c.i.embedder.EclipseLogger - Using platform encoding (MS949 actually) to copy filtered resources, i.e. build is platform dependent!
2026-04-03 09:13:34,955 [Worker-29: Building] INFO  o.e.m.c.i.embedder.EclipseLogger - Copying 0 resource
2026-04-03 09:14:40,340 [Worker-21: Building] WARN  o.e.m.c.i.embedder.EclipseLogger - Using platform encoding (MS949 actually) to copy filtered resources, i.e. build is platform dependent!
2026-04-03 09:14:40,341 [Worker-21: Building] INFO  o.e.m.c.i.embedder.EclipseLogger - Copying 1 resource
2026-04-03 09:14:40,341 [Worker-21: Building] WARN  o.e.m.c.i.embedder.EclipseLogger - Using platform encoding (MS949 actually) to copy filtered resources, i.e. build is platform dependent!
2026-04-03 09:14:40,341 [Worker-21: Building] INFO  o.e.m.c.i.embedder.EclipseLogger - Copying 0 resource
2026-04-03 09:14:54,840 [Worker-27: Building] WARN  o.e.m.c.i.embedder.EclipseLogger - Using platform encoding (MS949 actually) to copy filtered resources, i.e. build is platform dependent!
2026-04-03 09:14:54,840 [Worker-27: Building] INFO  o.e.m.c.i.embedder.EclipseLogger - Copying 1 resource
2026-04-03 09:14:54,842 [Worker-27: Building] WARN  o.e.m.c.i.embedder.EclipseLogger - Using platform encoding (MS949 actually) to copy filtered resources, i.e. build is platform dependent!
2026-04-03 09:14:54,842 [Worker-27: Building] INFO  o.e.m.c.i.embedder.EclipseLogger - Copying 0 resource
2026-04-03 09:14:59,187 [Worker-28: Building] WARN  o.e.m.c.i.embedder.EclipseLogger - Using platform encoding (MS949 actually) to copy filtered resources, i.e. build is platform dependent!
2026-04-03 09:14:59,187 [Worker-28: Building] INFO  o.e.m.c.i.embedder.EclipseLogger - Copying 1 resource
2026-04-03 09:14:59,187 [Worker-28: Building] WARN  o.e.m.c.i.embedder.EclipseLogger - Using platform encoding (MS949 actually) to copy filtered resources, i.e. build is platform dependent!
2026-04-03 09:14:59,190 [Worker-28: Building] INFO  o.e.m.c.i.embedder.EclipseLogger - Copying 0 resource
2026-04-03 09:15:07,947 [Worker-30: Building] WARN  o.e.m.c.i.embedder.EclipseLogger - Using platform encoding (MS949 actually) to copy filtered resources, i.e. build is platform dependent!
2026-04-03 09:15:07,947 [Worker-30: Building] INFO  o.e.m.c.i.embedder.EclipseLogger - Copying 1 resource
2026-04-03 09:15:07,947 [Worker-30: Building] WARN  o.e.m.c.i.embedder.EclipseLogger - Using platform encoding (MS949 actually) to copy filtered resources, i.e. build is platform dependent!
2026-04-03 09:15:07,947 [Worker-30: Building] INFO  o.e.m.c.i.embedder.EclipseLogger - Copying 0 resource
2026-04-03 09:15:12,242 [Worker-30: Building] WARN  o.e.m.c.i.embedder.EclipseLogger - Using platform encoding (MS949 actually) to copy filtered resources, i.e. build is platform dependent!
2026-04-03 09:15:12,242 [Worker-30: Building] INFO  o.e.m.c.i.embedder.EclipseLogger - Copying 1 resource
2026-04-03 09:15:12,242 [Worker-30: Building] WARN  o.e.m.c.i.embedder.EclipseLogger - Using platform encoding (MS949 actually) to copy filtered resources, i.e. build is platform dependent!
2026-04-03 09:15:12,242 [Worker-30: Building] INFO  o.e.m.c.i.embedder.EclipseLogger - Copying 0 resource
2026-04-03 09:15:31,489 [Worker-29: Building] WARN  o.e.m.c.i.embedder.EclipseLogger - Using platform encoding (MS949 actually) to copy filtered resources, i.e. build is platform dependent!
2026-04-03 09:15:31,489 [Worker-29: Building] INFO  o.e.m.c.i.embedder.EclipseLogger - Copying 1 resource
2026-04-03 09:15:31,489 [Worker-29: Building] WARN  o.e.m.c.i.embedder.EclipseLogger - Using platform encoding (MS949 actually) to copy filtered resources, i.e. build is platform dependent!
2026-04-03 09:15:31,495 [Worker-29: Building] INFO  o.e.m.c.i.embedder.EclipseLogger - Copying 0 resource
2026-04-03 09:16:08,877 [Worker-29: Building] WARN  o.e.m.c.i.embedder.EclipseLogger - Using platform encoding (MS949 actually) to copy filtered resources, i.e. build is platform dependent!
2026-04-03 09:16:08,877 [Worker-29: Building] INFO  o.e.m.c.i.embedder.EclipseLogger - Copying 1 resource
2026-04-03 09:16:08,877 [Worker-29: Building] WARN  o.e.m.c.i.embedder.EclipseLogger - Using platform encoding (MS949 actually) to copy filtered resources, i.e. build is platform dependent!
2026-04-03 09:16:08,877 [Worker-29: Building] INFO  o.e.m.c.i.embedder.EclipseLogger - Copying 0 resource
2026-04-03 09:16:11,944 [Worker-28: Building] WARN  o.e.m.c.i.embedder.EclipseLogger - Using platform encoding (MS949 actually) to copy filtered resources, i.e. build is platform dependent!
2026-04-03 09:16:11,944 [Worker-28: Building] INFO  o.e.m.c.i.embedder.EclipseLogger - Copying 1 resource
2026-04-03 09:16:11,944 [Worker-28: Building] WARN  o.e.m.c.i.embedder.EclipseLogger - Using platform encoding (MS949 actually) to copy filtered resources, i.e. build is platform dependent!
2026-04-03 09:16:11,944 [Worker-28: Building] INFO  o.e.m.c.i.embedder.EclipseLogger - Copying 0 resource
2026-04-03 09:16:12,988 [Worker-26: Building] WARN  o.e.m.c.i.embedder.EclipseLogger - Using platform encoding (MS949 actually) to copy filtered resources, i.e. build is platform dependent!
2026-04-03 09:16:12,988 [Worker-26: Building] INFO  o.e.m.c.i.embedder.EclipseLogger - Copying 1 resource
2026-04-03 09:16:12,988 [Worker-26: Building] WARN  o.e.m.c.i.embedder.EclipseLogger - Using platform encoding (MS949 actually) to copy filtered resources, i.e. build is platform dependent!
2026-04-03 09:16:12,988 [Worker-26: Building] INFO  o.e.m.c.i.embedder.EclipseLogger - Copying 0 resource
2026-04-03 09:16:54,009 [Worker-21: Building] WARN  o.e.m.c.i.embedder.EclipseLogger - Using platform encoding (MS949 actually) to copy filtered resources, i.e. build is platform dependent!
2026-04-03 09:16:54,009 [Worker-21: Building] INFO  o.e.m.c.i.embedder.EclipseLogger - Copying 1 resource
2026-04-03 09:16:54,011 [Worker-21: Building] WARN  o.e.m.c.i.embedder.EclipseLogger - Using platform encoding (MS949 actually) to copy filtered resources, i.e. build is platform dependent!
2026-04-03 09:16:54,011 [Worker-21: Building] INFO  o.e.m.c.i.embedder.EclipseLogger - Copying 0 resource
2026-04-03 09:16:56,114 [Worker-21: Building] WARN  o.e.m.c.i.embedder.EclipseLogger - Using platform encoding (MS949 actually) to copy filtered resources, i.e. build is platform dependent!
2026-04-03 09:16:56,114 [Worker-21: Building] INFO  o.e.m.c.i.embedder.EclipseLogger - Copying 1 resource
2026-04-03 09:16:56,114 [Worker-21: Building] WARN  o.e.m.c.i.embedder.EclipseLogger - Using platform encoding (MS949 actually) to copy filtered resources, i.e. build is platform dependent!
2026-04-03 09:16:56,114 [Worker-21: Building] INFO  o.e.m.c.i.embedder.EclipseLogger - Copying 0 resource
2026-04-03 09:17:00,544 [Worker-21: Building] WARN  o.e.m.c.i.embedder.EclipseLogger - Using platform encoding (MS949 actually) to copy filtered resources, i.e. build is platform dependent!
2026-04-03 09:17:00,544 [Worker-21: Building] INFO  o.e.m.c.i.embedder.EclipseLogger - Copying 1 resource
2026-04-03 09:17:00,544 [Worker-21: Building] WARN  o.e.m.c.i.embedder.EclipseLogger - Using platform encoding (MS949 actually) to copy filtered resources, i.e. build is platform dependent!
2026-04-03 09:17:00,544 [Worker-21: Building] INFO  o.e.m.c.i.embedder.EclipseLogger - Copying 0 resource
2026-04-03 09:17:19,750 [Worker-29: Building] WARN  o.e.m.c.i.embedder.EclipseLogger - Using platform encoding (MS949 actually) to copy filtered resources, i.e. build is platform dependent!
2026-04-03 09:17:19,750 [Worker-29: Building] INFO  o.e.m.c.i.embedder.EclipseLogger - Copying 1 resource
2026-04-03 09:17:19,750 [Worker-29: Building] WARN  o.e.m.c.i.embedder.EclipseLogger - Using platform encoding (MS949 actually) to copy filtered resources, i.e. build is platform dependent!
2026-04-03 09:17:19,750 [Worker-29: Building] INFO  o.e.m.c.i.embedder.EclipseLogger - Copying 0 resource
2026-04-03 09:17:45,316 [Worker-31: Building] WARN  o.e.m.c.i.embedder.EclipseLogger - Using platform encoding (MS949 actually) to copy filtered resources, i.e. build is platform dependent!
2026-04-03 09:17:45,322 [Worker-31: Building] INFO  o.e.m.c.i.embedder.EclipseLogger - Copying 1 resource
2026-04-03 09:17:45,322 [Worker-31: Building] WARN  o.e.m.c.i.embedder.EclipseLogger - Using platform encoding (MS949 actually) to copy filtered resources, i.e. build is platform dependent!
2026-04-03 09:17:45,323 [Worker-31: Building] INFO  o.e.m.c.i.embedder.EclipseLogger - Copying 0 resource
2026-04-03 09:19:01,856 [Worker-28: Building] WARN  o.e.m.c.i.embedder.EclipseLogger - Using platform encoding (MS949 actually) to copy filtered resources, i.e. build is platform dependent!
2026-04-03 09:19:01,859 [Worker-28: Building] INFO  o.e.m.c.i.embedder.EclipseLogger - Copying 1 resource
2026-04-03 09:19:01,859 [Worker-28: Building] WARN  o.e.m.c.i.embedder.EclipseLogger - Using platform encoding (MS949 actually) to copy filtered resources, i.e. build is platform dependent!
2026-04-03 09:19:01,859 [Worker-28: Building] INFO  o.e.m.c.i.embedder.EclipseLogger - Copying 0 resource
2026-04-03 09:19:48,539 [Worker-32: Building] WARN  o.e.m.c.i.embedder.EclipseLogger - Using platform encoding (MS949 actually) to copy filtered resources, i.e. build is platform dependent!
2026-04-03 09:19:48,539 [Worker-32: Building] INFO  o.e.m.c.i.embedder.EclipseLogger - Copying 1 resource
2026-04-03 09:19:48,539 [Worker-32: Building] WARN  o.e.m.c.i.embedder.EclipseLogger - Using platform encoding (MS949 actually) to copy filtered resources, i.e. build is platform dependent!
2026-04-03 09:19:48,549 [Worker-32: Building] INFO  o.e.m.c.i.embedder.EclipseLogger - Copying 0 resource
2026-04-03 09:19:51,598 [Worker-33: Building] WARN  o.e.m.c.i.embedder.EclipseLogger - Using platform encoding (MS949 actually) to copy filtered resources, i.e. build is platform dependent!
2026-04-03 09:19:51,598 [Worker-33: Building] INFO  o.e.m.c.i.embedder.EclipseLogger - Copying 1 resource
2026-04-03 09:19:51,598 [Worker-33: Building] WARN  o.e.m.c.i.embedder.EclipseLogger - Using platform encoding (MS949 actually) to copy filtered resources, i.e. build is platform dependent!
2026-04-03 09:19:51,598 [Worker-33: Building] INFO  o.e.m.c.i.embedder.EclipseLogger - Copying 0 resource
2026-04-03 09:20:02,616 [Worker-33: Building] WARN  o.e.m.c.i.embedder.EclipseLogger - Using platform encoding (MS949 actually) to copy filtered resources, i.e. build is platform dependent!
2026-04-03 09:20:02,616 [Worker-33: Building] INFO  o.e.m.c.i.embedder.EclipseLogger - Copying 1 resource
2026-04-03 09:20:02,616 [Worker-33: Building] WARN  o.e.m.c.i.embedder.EclipseLogger - Using platform encoding (MS949 actually) to copy filtered resources, i.e. build is platform dependent!
2026-04-03 09:20:02,618 [Worker-33: Building] INFO  o.e.m.c.i.embedder.EclipseLogger - Copying 0 resource
2026-04-03 09:21:44,678 [Worker-30: Building] WARN  o.e.m.c.i.embedder.EclipseLogger - Using platform encoding (MS949 actually) to copy filtered resources, i.e. build is platform dependent!
2026-04-03 09:21:44,684 [Worker-30: Building] INFO  o.e.m.c.i.embedder.EclipseLogger - Copying 1 resource
2026-04-03 09:21:44,684 [Worker-30: Building] WARN  o.e.m.c.i.embedder.EclipseLogger - Using platform encoding (MS949 actually) to copy filtered resources, i.e. build is platform dependent!
2026-04-03 09:21:44,684 [Worker-30: Building] INFO  o.e.m.c.i.embedder.EclipseLogger - Copying 0 resource
2026-04-03 09:21:50,515 [Worker-26: Building] WARN  o.e.m.c.i.embedder.EclipseLogger - Using platform encoding (MS949 actually) to copy filtered resources, i.e. build is platform dependent!
2026-04-03 09:21:50,522 [Worker-26: Building] INFO  o.e.m.c.i.embedder.EclipseLogger - Copying 1 resource
2026-04-03 09:21:50,522 [Worker-26: Building] WARN  o.e.m.c.i.embedder.EclipseLogger - Using platform encoding (MS949 actually) to copy filtered resources, i.e. build is platform dependent!
2026-04-03 09:21:50,522 [Worker-26: Building] INFO  o.e.m.c.i.embedder.EclipseLogger - Copying 0 resource
2026-04-03 09:21:58,383 [Worker-34: Building] WARN  o.e.m.c.i.embedder.EclipseLogger - Using platform encoding (MS949 actually) to copy filtered resources, i.e. build is platform dependent!
2026-04-03 09:21:58,383 [Worker-34: Building] INFO  o.e.m.c.i.embedder.EclipseLogger - Copying 1 resource
2026-04-03 09:21:58,383 [Worker-34: Building] WARN  o.e.m.c.i.embedder.EclipseLogger - Using platform encoding (MS949 actually) to copy filtered resources, i.e. build is platform dependent!
2026-04-03 09:21:58,383 [Worker-34: Building] INFO  o.e.m.c.i.embedder.EclipseLogger - Copying 0 resource
2026-04-03 09:22:25,548 [Worker-36: Building] WARN  o.e.m.c.i.embedder.EclipseLogger - Using platform encoding (MS949 actually) to copy filtered resources, i.e. build is platform dependent!
2026-04-03 09:22:25,548 [Worker-36: Building] INFO  o.e.m.c.i.embedder.EclipseLogger - Copying 1 resource
2026-04-03 09:22:25,548 [Worker-36: Building] WARN  o.e.m.c.i.embedder.EclipseLogger - Using platform encoding (MS949 actually) to copy filtered resources, i.e. build is platform dependent!
2026-04-03 09:22:25,548 [Worker-36: Building] INFO  o.e.m.c.i.embedder.EclipseLogger - Copying 0 resource
2026-04-03 09:22:51,191 [Worker-35: Building] WARN  o.e.m.c.i.embedder.EclipseLogger - Using platform encoding (MS949 actually) to copy filtered resources, i.e. build is platform dependent!
2026-04-03 09:22:51,193 [Worker-35: Building] INFO  o.e.m.c.i.embedder.EclipseLogger - Copying 1 resource
2026-04-03 09:22:51,193 [Worker-35: Building] WARN  o.e.m.c.i.embedder.EclipseLogger - Using platform encoding (MS949 actually) to copy filtered resources, i.e. build is platform dependent!
2026-04-03 09:22:51,193 [Worker-35: Building] INFO  o.e.m.c.i.embedder.EclipseLogger - Copying 0 resource
2026-04-03 09:23:22,276 [Worker-36: Building] WARN  o.e.m.c.i.embedder.EclipseLogger - Using platform encoding (MS949 actually) to copy filtered resources, i.e. build is platform dependent!
2026-04-03 09:23:22,276 [Worker-36: Building] INFO  o.e.m.c.i.embedder.EclipseLogger - Copying 1 resource
2026-04-03 09:23:22,276 [Worker-36: Building] WARN  o.e.m.c.i.embedder.EclipseLogger - Using platform encoding (MS949 actually) to copy filtered resources, i.e. build is platform dependent!
2026-04-03 09:23:22,276 [Worker-36: Building] INFO  o.e.m.c.i.embedder.EclipseLogger - Copying 0 resource
2026-04-03 09:23:49,218 [Worker-26: Building] WARN  o.e.m.c.i.embedder.EclipseLogger - Using platform encoding (MS949 actually) to copy filtered resources, i.e. build is platform dependent!
2026-04-03 09:23:49,218 [Worker-26: Building] INFO  o.e.m.c.i.embedder.EclipseLogger - Copying 1 resource
2026-04-03 09:23:49,218 [Worker-26: Building] WARN  o.e.m.c.i.embedder.EclipseLogger - Using platform encoding (MS949 actually) to copy filtered resources, i.e. build is platform dependent!
2026-04-03 09:23:49,218 [Worker-26: Building] INFO  o.e.m.c.i.embedder.EclipseLogger - Copying 0 resource
2026-04-03 09:24:10,193 [Worker-36: Building] WARN  o.e.m.c.i.embedder.EclipseLogger - Using platform encoding (MS949 actually) to copy filtered resources, i.e. build is platform dependent!
2026-04-03 09:24:10,195 [Worker-36: Building] INFO  o.e.m.c.i.embedder.EclipseLogger - Copying 1 resource
2026-04-03 09:24:10,195 [Worker-36: Building] WARN  o.e.m.c.i.embedder.EclipseLogger - Using platform encoding (MS949 actually) to copy filtered resources, i.e. build is platform dependent!
2026-04-03 09:24:10,195 [Worker-36: Building] INFO  o.e.m.c.i.embedder.EclipseLogger - Copying 0 resource
2026-04-03 09:24:40,386 [Worker-36: Building] WARN  o.e.m.c.i.embedder.EclipseLogger - Using platform encoding (MS949 actually) to copy filtered resources, i.e. build is platform dependent!
2026-04-03 09:24:40,386 [Worker-36: Building] INFO  o.e.m.c.i.embedder.EclipseLogger - Copying 1 resource
2026-04-03 09:24:40,386 [Worker-36: Building] WARN  o.e.m.c.i.embedder.EclipseLogger - Using platform encoding (MS949 actually) to copy filtered resources, i.e. build is platform dependent!
2026-04-03 09:24:40,386 [Worker-36: Building] INFO  o.e.m.c.i.embedder.EclipseLogger - Copying 0 resource
2026-04-03 09:25:06,588 [Worker-38: Building] WARN  o.e.m.c.i.embedder.EclipseLogger - Using platform encoding (MS949 actually) to copy filtered resources, i.e. build is platform dependent!
2026-04-03 09:25:06,596 [Worker-38: Building] INFO  o.e.m.c.i.embedder.EclipseLogger - Copying 1 resource
2026-04-03 09:25:06,598 [Worker-38: Building] WARN  o.e.m.c.i.embedder.EclipseLogger - Using platform encoding (MS949 actually) to copy filtered resources, i.e. build is platform dependent!
2026-04-03 09:25:06,598 [Worker-38: Building] INFO  o.e.m.c.i.embedder.EclipseLogger - Copying 0 resource
2026-04-03 09:25:16,097 [Worker-38: Building] WARN  o.e.m.c.i.embedder.EclipseLogger - Using platform encoding (MS949 actually) to copy filtered resources, i.e. build is platform dependent!
2026-04-03 09:25:16,097 [Worker-38: Building] INFO  o.e.m.c.i.embedder.EclipseLogger - Copying 1 resource
2026-04-03 09:25:16,097 [Worker-38: Building] WARN  o.e.m.c.i.embedder.EclipseLogger - Using platform encoding (MS949 actually) to copy filtered resources, i.e. build is platform dependent!
2026-04-03 09:25:16,097 [Worker-38: Building] INFO  o.e.m.c.i.embedder.EclipseLogger - Copying 0 resource
2026-04-03 09:26:19,215 [Worker-31: Building] WARN  o.e.m.c.i.embedder.EclipseLogger - Using platform encoding (MS949 actually) to copy filtered resources, i.e. build is platform dependent!
2026-04-03 09:26:19,215 [Worker-31: Building] INFO  o.e.m.c.i.embedder.EclipseLogger - Copying 1 resource
2026-04-03 09:26:19,215 [Worker-31: Building] WARN  o.e.m.c.i.embedder.EclipseLogger - Using platform encoding (MS949 actually) to copy filtered resources, i.e. build is platform dependent!
2026-04-03 09:26:19,215 [Worker-31: Building] INFO  o.e.m.c.i.embedder.EclipseLogger - Copying 0 resource
2026-04-03 09:26:21,302 [Worker-30: Building] WARN  o.e.m.c.i.embedder.EclipseLogger - Using platform encoding (MS949 actually) to copy filtered resources, i.e. build is platform dependent!
2026-04-03 09:26:21,302 [Worker-30: Building] INFO  o.e.m.c.i.embedder.EclipseLogger - Copying 1 resource
2026-04-03 09:26:21,302 [Worker-30: Building] WARN  o.e.m.c.i.embedder.EclipseLogger - Using platform encoding (MS949 actually) to copy filtered resources, i.e. build is platform dependent!
2026-04-03 09:26:21,302 [Worker-30: Building] INFO  o.e.m.c.i.embedder.EclipseLogger - Copying 0 resource
2026-04-03 09:26:53,487 [Worker-36: Building] WARN  o.e.m.c.i.embedder.EclipseLogger - Using platform encoding (MS949 actually) to copy filtered resources, i.e. build is platform dependent!
2026-04-03 09:26:53,489 [Worker-36: Building] INFO  o.e.m.c.i.embedder.EclipseLogger - Copying 1 resource
2026-04-03 09:26:53,489 [Worker-36: Building] WARN  o.e.m.c.i.embedder.EclipseLogger - Using platform encoding (MS949 actually) to copy filtered resources, i.e. build is platform dependent!
2026-04-03 09:26:53,489 [Worker-36: Building] INFO  o.e.m.c.i.embedder.EclipseLogger - Copying 0 resource
2026-04-03 09:26:57,461 [Worker-36: Building] WARN  o.e.m.c.i.embedder.EclipseLogger - Using platform encoding (MS949 actually) to copy filtered resources, i.e. build is platform dependent!
2026-04-03 09:26:57,463 [Worker-36: Building] INFO  o.e.m.c.i.embedder.EclipseLogger - Copying 1 resource
2026-04-03 09:26:57,463 [Worker-36: Building] WARN  o.e.m.c.i.embedder.EclipseLogger - Using platform encoding (MS949 actually) to copy filtered resources, i.e. build is platform dependent!
2026-04-03 09:26:57,463 [Worker-36: Building] INFO  o.e.m.c.i.embedder.EclipseLogger - Copying 0 resource
2026-04-03 09:27:09,917 [Worker-36: Building] WARN  o.e.m.c.i.embedder.EclipseLogger - Using platform encoding (MS949 actually) to copy filtered resources, i.e. build is platform dependent!
2026-04-03 09:27:09,917 [Worker-36: Building] INFO  o.e.m.c.i.embedder.EclipseLogger - Copying 1 resource
2026-04-03 09:27:09,917 [Worker-36: Building] WARN  o.e.m.c.i.embedder.EclipseLogger - Using platform encoding (MS949 actually) to copy filtered resources, i.e. build is platform dependent!
2026-04-03 09:27:09,917 [Worker-36: Building] INFO  o.e.m.c.i.embedder.EclipseLogger - Copying 0 resource
2026-04-03 09:27:11,012 [Worker-36: Building] WARN  o.e.m.c.i.embedder.EclipseLogger - Using platform encoding (MS949 actually) to copy filtered resources, i.e. build is platform dependent!
2026-04-03 09:27:11,012 [Worker-36: Building] INFO  o.e.m.c.i.embedder.EclipseLogger - Copying 1 resource
2026-04-03 09:27:11,012 [Worker-36: Building] WARN  o.e.m.c.i.embedder.EclipseLogger - Using platform encoding (MS949 actually) to copy filtered resources, i.e. build is platform dependent!
2026-04-03 09:27:11,012 [Worker-36: Building] INFO  o.e.m.c.i.embedder.EclipseLogger - Copying 0 resource
2026-04-03 09:27:38,641 [Worker-36: Building] WARN  o.e.m.c.i.embedder.EclipseLogger - Using platform encoding (MS949 actually) to copy filtered resources, i.e. build is platform dependent!
2026-04-03 09:27:38,641 [Worker-36: Building] INFO  o.e.m.c.i.embedder.EclipseLogger - Copying 1 resource
2026-04-03 09:27:38,643 [Worker-36: Building] WARN  o.e.m.c.i.embedder.EclipseLogger - Using platform encoding (MS949 actually) to copy filtered resources, i.e. build is platform dependent!
2026-04-03 09:27:38,643 [Worker-36: Building] INFO  o.e.m.c.i.embedder.EclipseLogger - Copying 0 resource
2026-04-03 09:27:42,446 [Worker-38: Building] WARN  o.e.m.c.i.embedder.EclipseLogger - Using platform encoding (MS949 actually) to copy filtered resources, i.e. build is platform dependent!
2026-04-03 09:27:42,446 [Worker-38: Building] INFO  o.e.m.c.i.embedder.EclipseLogger - Copying 1 resource
2026-04-03 09:27:42,446 [Worker-38: Building] WARN  o.e.m.c.i.embedder.EclipseLogger - Using platform encoding (MS949 actually) to copy filtered resources, i.e. build is platform dependent!
2026-04-03 09:27:42,448 [Worker-38: Building] INFO  o.e.m.c.i.embedder.EclipseLogger - Copying 0 resource
2026-04-03 09:28:12,267 [Worker-37: Building] WARN  o.e.m.c.i.embedder.EclipseLogger - Using platform encoding (MS949 actually) to copy filtered resources, i.e. build is platform dependent!
2026-04-03 09:28:12,267 [Worker-37: Building] INFO  o.e.m.c.i.embedder.EclipseLogger - Copying 1 resource
2026-04-03 09:28:12,269 [Worker-37: Building] WARN  o.e.m.c.i.embedder.EclipseLogger - Using platform encoding (MS949 actually) to copy filtered resources, i.e. build is platform dependent!
2026-04-03 09:28:12,269 [Worker-37: Building] INFO  o.e.m.c.i.embedder.EclipseLogger - Copying 0 resource
2026-04-03 09:28:25,345 [Worker-36: Building] WARN  o.e.m.c.i.embedder.EclipseLogger - Using platform encoding (MS949 actually) to copy filtered resources, i.e. build is platform dependent!
2026-04-03 09:28:25,348 [Worker-36: Building] INFO  o.e.m.c.i.embedder.EclipseLogger - Copying 1 resource
2026-04-03 09:28:25,348 [Worker-36: Building] WARN  o.e.m.c.i.embedder.EclipseLogger - Using platform encoding (MS949 actually) to copy filtered resources, i.e. build is platform dependent!
2026-04-03 09:28:25,348 [Worker-36: Building] INFO  o.e.m.c.i.embedder.EclipseLogger - Copying 0 resource
2026-04-03 09:28:50,927 [Worker-30: Building] WARN  o.e.m.c.i.embedder.EclipseLogger - Using platform encoding (MS949 actually) to copy filtered resources, i.e. build is platform dependent!
2026-04-03 09:28:50,927 [Worker-30: Building] INFO  o.e.m.c.i.embedder.EclipseLogger - Copying 1 resource
2026-04-03 09:28:50,927 [Worker-30: Building] WARN  o.e.m.c.i.embedder.EclipseLogger - Using platform encoding (MS949 actually) to copy filtered resources, i.e. build is platform dependent!
2026-04-03 09:28:50,927 [Worker-30: Building] INFO  o.e.m.c.i.embedder.EclipseLogger - Copying 0 resource
2026-04-03 09:28:57,923 [Worker-36: Building] WARN  o.e.m.c.i.embedder.EclipseLogger - Using platform encoding (MS949 actually) to copy filtered resources, i.e. build is platform dependent!
2026-04-03 09:28:57,923 [Worker-36: Building] INFO  o.e.m.c.i.embedder.EclipseLogger - Copying 1 resource
2026-04-03 09:28:57,923 [Worker-36: Building] WARN  o.e.m.c.i.embedder.EclipseLogger - Using platform encoding (MS949 actually) to copy filtered resources, i.e. build is platform dependent!
2026-04-03 09:28:57,923 [Worker-36: Building] INFO  o.e.m.c.i.embedder.EclipseLogger - Copying 0 resource
2026-04-03 09:28:59,963 [Worker-30: Building] WARN  o.e.m.c.i.embedder.EclipseLogger - Using platform encoding (MS949 actually) to copy filtered resources, i.e. build is platform dependent!
2026-04-03 09:28:59,963 [Worker-30: Building] INFO  o.e.m.c.i.embedder.EclipseLogger - Copying 1 resource
2026-04-03 09:28:59,963 [Worker-30: Building] WARN  o.e.m.c.i.embedder.EclipseLogger - Using platform encoding (MS949 actually) to copy filtered resources, i.e. build is platform dependent!
2026-04-03 09:28:59,963 [Worker-30: Building] INFO  o.e.m.c.i.embedder.EclipseLogger - Copying 0 resource
2026-04-03 09:29:02,009 [Worker-26: Building] WARN  o.e.m.c.i.embedder.EclipseLogger - Using platform encoding (MS949 actually) to copy filtered resources, i.e. build is platform dependent!
2026-04-03 09:29:02,009 [Worker-26: Building] INFO  o.e.m.c.i.embedder.EclipseLogger - Copying 1 resource
2026-04-03 09:29:02,009 [Worker-26: Building] WARN  o.e.m.c.i.embedder.EclipseLogger - Using platform encoding (MS949 actually) to copy filtered resources, i.e. build is platform dependent!
2026-04-03 09:29:02,009 [Worker-26: Building] INFO  o.e.m.c.i.embedder.EclipseLogger - Copying 0 resource
2026-04-03 09:29:21,075 [Worker-36: Building] WARN  o.e.m.c.i.embedder.EclipseLogger - Using platform encoding (MS949 actually) to copy filtered resources, i.e. build is platform dependent!
2026-04-03 09:29:21,075 [Worker-36: Building] INFO  o.e.m.c.i.embedder.EclipseLogger - Copying 1 resource
2026-04-03 09:29:21,075 [Worker-36: Building] WARN  o.e.m.c.i.embedder.EclipseLogger - Using platform encoding (MS949 actually) to copy filtered resources, i.e. build is platform dependent!
2026-04-03 09:29:21,075 [Worker-36: Building] INFO  o.e.m.c.i.embedder.EclipseLogger - Copying 0 resource
2026-04-03 09:30:05,458 [Worker-36: Building] WARN  o.e.m.c.i.embedder.EclipseLogger - Using platform encoding (MS949 actually) to copy filtered resources, i.e. build is platform dependent!
2026-04-03 09:30:05,458 [Worker-36: Building] INFO  o.e.m.c.i.embedder.EclipseLogger - Copying 1 resource
2026-04-03 09:30:05,458 [Worker-36: Building] WARN  o.e.m.c.i.embedder.EclipseLogger - Using platform encoding (MS949 actually) to copy filtered resources, i.e. build is platform dependent!
2026-04-03 09:30:05,458 [Worker-36: Building] INFO  o.e.m.c.i.embedder.EclipseLogger - Copying 0 resource
2026-04-03 09:32:10,224 [Worker-30: Building] WARN  o.e.m.c.i.embedder.EclipseLogger - Using platform encoding (MS949 actually) to copy filtered resources, i.e. build is platform dependent!
2026-04-03 09:32:10,224 [Worker-30: Building] INFO  o.e.m.c.i.embedder.EclipseLogger - Copying 1 resource
2026-04-03 09:32:10,226 [Worker-30: Building] WARN  o.e.m.c.i.embedder.EclipseLogger - Using platform encoding (MS949 actually) to copy filtered resources, i.e. build is platform dependent!
2026-04-03 09:32:10,226 [Worker-30: Building] INFO  o.e.m.c.i.embedder.EclipseLogger - Copying 0 resource
2026-04-03 09:32:57,726 [Worker-36: Building] WARN  o.e.m.c.i.embedder.EclipseLogger - Using platform encoding (MS949 actually) to copy filtered resources, i.e. build is platform dependent!
2026-04-03 09:32:57,726 [Worker-36: Building] INFO  o.e.m.c.i.embedder.EclipseLogger - Copying 1 resource
2026-04-03 09:32:57,726 [Worker-36: Building] WARN  o.e.m.c.i.embedder.EclipseLogger - Using platform encoding (MS949 actually) to copy filtered resources, i.e. build is platform dependent!
2026-04-03 09:32:57,726 [Worker-36: Building] INFO  o.e.m.c.i.embedder.EclipseLogger - Copying 0 resource
2026-04-03 09:32:59,881 [Worker-35: Building] WARN  o.e.m.c.i.embedder.EclipseLogger - Using platform encoding (MS949 actually) to copy filtered resources, i.e. build is platform dependent!
2026-04-03 09:32:59,881 [Worker-35: Building] INFO  o.e.m.c.i.embedder.EclipseLogger - Copying 1 resource
2026-04-03 09:32:59,881 [Worker-35: Building] WARN  o.e.m.c.i.embedder.EclipseLogger - Using platform encoding (MS949 actually) to copy filtered resources, i.e. build is platform dependent!
2026-04-03 09:32:59,881 [Worker-35: Building] INFO  o.e.m.c.i.embedder.EclipseLogger - Copying 0 resource
2026-04-03 09:33:24,617 [Worker-36: Building] WARN  o.e.m.c.i.embedder.EclipseLogger - Using platform encoding (MS949 actually) to copy filtered resources, i.e. build is platform dependent!
2026-04-03 09:33:24,620 [Worker-36: Building] INFO  o.e.m.c.i.embedder.EclipseLogger - Copying 1 resource
2026-04-03 09:33:24,620 [Worker-36: Building] WARN  o.e.m.c.i.embedder.EclipseLogger - Using platform encoding (MS949 actually) to copy filtered resources, i.e. build is platform dependent!
2026-04-03 09:33:24,620 [Worker-36: Building] INFO  o.e.m.c.i.embedder.EclipseLogger - Copying 0 resource
2026-04-03 09:33:36,237 [Worker-38: Building] WARN  o.e.m.c.i.embedder.EclipseLogger - Using platform encoding (MS949 actually) to copy filtered resources, i.e. build is platform dependent!
2026-04-03 09:33:36,237 [Worker-38: Building] INFO  o.e.m.c.i.embedder.EclipseLogger - Copying 1 resource
2026-04-03 09:33:36,237 [Worker-38: Building] WARN  o.e.m.c.i.embedder.EclipseLogger - Using platform encoding (MS949 actually) to copy filtered resources, i.e. build is platform dependent!
2026-04-03 09:33:36,237 [Worker-38: Building] INFO  o.e.m.c.i.embedder.EclipseLogger - Copying 0 resource
2026-04-03 09:33:40,831 [Worker-31: Building] WARN  o.e.m.c.i.embedder.EclipseLogger - Using platform encoding (MS949 actually) to copy filtered resources, i.e. build is platform dependent!
2026-04-03 09:33:40,831 [Worker-31: Building] INFO  o.e.m.c.i.embedder.EclipseLogger - Copying 1 resource
2026-04-03 09:33:40,846 [Worker-31: Building] WARN  o.e.m.c.i.embedder.EclipseLogger - Using platform encoding (MS949 actually) to copy filtered resources, i.e. build is platform dependent!
2026-04-03 09:33:40,846 [Worker-31: Building] INFO  o.e.m.c.i.embedder.EclipseLogger - Copying 0 resource
2026-04-03 09:34:05,114 [Worker-39: Building] WARN  o.e.m.c.i.embedder.EclipseLogger - Using platform encoding (MS949 actually) to copy filtered resources, i.e. build is platform dependent!
2026-04-03 09:34:05,114 [Worker-39: Building] INFO  o.e.m.c.i.embedder.EclipseLogger - Copying 1 resource
2026-04-03 09:34:05,114 [Worker-39: Building] WARN  o.e.m.c.i.embedder.EclipseLogger - Using platform encoding (MS949 actually) to copy filtered resources, i.e. build is platform dependent!
2026-04-03 09:34:05,118 [Worker-39: Building] INFO  o.e.m.c.i.embedder.EclipseLogger - Copying 0 resource
2026-04-03 09:35:40,338 [Worker-31: Building] WARN  o.e.m.c.i.embedder.EclipseLogger - Using platform encoding (MS949 actually) to copy filtered resources, i.e. build is platform dependent!
2026-04-03 09:35:40,338 [Worker-31: Building] INFO  o.e.m.c.i.embedder.EclipseLogger - Copying 1 resource
2026-04-03 09:35:40,338 [Worker-31: Building] WARN  o.e.m.c.i.embedder.EclipseLogger - Using platform encoding (MS949 actually) to copy filtered resources, i.e. build is platform dependent!
2026-04-03 09:35:40,338 [Worker-31: Building] INFO  o.e.m.c.i.embedder.EclipseLogger - Copying 0 resource
2026-04-03 09:35:44,045 [Worker-40: Building] WARN  o.e.m.c.i.embedder.EclipseLogger - Using platform encoding (MS949 actually) to copy filtered resources, i.e. build is platform dependent!
2026-04-03 09:35:44,045 [Worker-40: Building] INFO  o.e.m.c.i.embedder.EclipseLogger - Copying 1 resource
2026-04-03 09:35:44,045 [Worker-40: Building] WARN  o.e.m.c.i.embedder.EclipseLogger - Using platform encoding (MS949 actually) to copy filtered resources, i.e. build is platform dependent!
2026-04-03 09:35:44,045 [Worker-40: Building] INFO  o.e.m.c.i.embedder.EclipseLogger - Copying 0 resource
2026-04-03 09:35:53,930 [Worker-31: Building] WARN  o.e.m.c.i.embedder.EclipseLogger - Using platform encoding (MS949 actually) to copy filtered resources, i.e. build is platform dependent!
2026-04-03 09:35:53,930 [Worker-31: Building] INFO  o.e.m.c.i.embedder.EclipseLogger - Copying 1 resource
2026-04-03 09:35:53,930 [Worker-31: Building] WARN  o.e.m.c.i.embedder.EclipseLogger - Using platform encoding (MS949 actually) to copy filtered resources, i.e. build is platform dependent!
2026-04-03 09:35:53,930 [Worker-31: Building] INFO  o.e.m.c.i.embedder.EclipseLogger - Copying 0 resource
2026-04-03 09:36:03,537 [Worker-41: Building] WARN  o.e.m.c.i.embedder.EclipseLogger - Using platform encoding (MS949 actually) to copy filtered resources, i.e. build is platform dependent!
2026-04-03 09:36:03,537 [Worker-41: Building] INFO  o.e.m.c.i.embedder.EclipseLogger - Copying 1 resource
2026-04-03 09:36:03,537 [Worker-41: Building] WARN  o.e.m.c.i.embedder.EclipseLogger - Using platform encoding (MS949 actually) to copy filtered resources, i.e. build is platform dependent!
2026-04-03 09:36:03,539 [Worker-41: Building] INFO  o.e.m.c.i.embedder.EclipseLogger - Copying 0 resource
2026-04-03 09:36:33,520 [Worker-31: Building] WARN  o.e.m.c.i.embedder.EclipseLogger - Using platform encoding (MS949 actually) to copy filtered resources, i.e. build is platform dependent!
2026-04-03 09:36:33,520 [Worker-31: Building] INFO  o.e.m.c.i.embedder.EclipseLogger - Copying 1 resource
2026-04-03 09:36:33,520 [Worker-31: Building] WARN  o.e.m.c.i.embedder.EclipseLogger - Using platform encoding (MS949 actually) to copy filtered resources, i.e. build is platform dependent!
2026-04-03 09:36:33,520 [Worker-31: Building] INFO  o.e.m.c.i.embedder.EclipseLogger - Copying 0 resource
2026-04-03 09:36:34,676 [Worker-36: Building] WARN  o.e.m.c.i.embedder.EclipseLogger - Using platform encoding (MS949 actually) to copy filtered resources, i.e. build is platform dependent!
2026-04-03 09:36:34,676 [Worker-36: Building] INFO  o.e.m.c.i.embedder.EclipseLogger - Copying 1 resource
2026-04-03 09:36:34,676 [Worker-36: Building] WARN  o.e.m.c.i.embedder.EclipseLogger - Using platform encoding (MS949 actually) to copy filtered resources, i.e. build is platform dependent!
2026-04-03 09:36:34,676 [Worker-36: Building] INFO  o.e.m.c.i.embedder.EclipseLogger - Copying 0 resource
2026-04-03 09:38:04,583 [Worker-31: Building] WARN  o.e.m.c.i.embedder.EclipseLogger - Using platform encoding (MS949 actually) to copy filtered resources, i.e. build is platform dependent!
2026-04-03 09:38:04,583 [Worker-31: Building] INFO  o.e.m.c.i.embedder.EclipseLogger - Copying 1 resource
2026-04-03 09:38:04,583 [Worker-31: Building] WARN  o.e.m.c.i.embedder.EclipseLogger - Using platform encoding (MS949 actually) to copy filtered resources, i.e. build is platform dependent!
2026-04-03 09:38:04,590 [Worker-31: Building] INFO  o.e.m.c.i.embedder.EclipseLogger - Copying 0 resource
2026-04-03 09:38:10,474 [Worker-43: Building] WARN  o.e.m.c.i.embedder.EclipseLogger - Using platform encoding (MS949 actually) to copy filtered resources, i.e. build is platform dependent!
2026-04-03 09:38:10,474 [Worker-43: Building] INFO  o.e.m.c.i.embedder.EclipseLogger - Copying 1 resource
2026-04-03 09:38:10,474 [Worker-43: Building] WARN  o.e.m.c.i.embedder.EclipseLogger - Using platform encoding (MS949 actually) to copy filtered resources, i.e. build is platform dependent!
2026-04-03 09:38:10,474 [Worker-43: Building] INFO  o.e.m.c.i.embedder.EclipseLogger - Copying 0 resource
2026-04-03 09:38:44,539 [Worker-36: Building] WARN  o.e.m.c.i.embedder.EclipseLogger - Using platform encoding (MS949 actually) to copy filtered resources, i.e. build is platform dependent!
2026-04-03 09:38:44,539 [Worker-36: Building] INFO  o.e.m.c.i.embedder.EclipseLogger - Copying 1 resource
2026-04-03 09:38:44,539 [Worker-36: Building] WARN  o.e.m.c.i.embedder.EclipseLogger - Using platform encoding (MS949 actually) to copy filtered resources, i.e. build is platform dependent!
2026-04-03 09:38:44,539 [Worker-36: Building] INFO  o.e.m.c.i.embedder.EclipseLogger - Copying 0 resource
2026-04-03 09:38:52,714 [Worker-41: Building] WARN  o.e.m.c.i.embedder.EclipseLogger - Using platform encoding (MS949 actually) to copy filtered resources, i.e. build is platform dependent!
2026-04-03 09:38:52,714 [Worker-41: Building] INFO  o.e.m.c.i.embedder.EclipseLogger - Copying 1 resource
2026-04-03 09:38:52,714 [Worker-41: Building] WARN  o.e.m.c.i.embedder.EclipseLogger - Using platform encoding (MS949 actually) to copy filtered resources, i.e. build is platform dependent!
2026-04-03 09:38:52,716 [Worker-41: Building] INFO  o.e.m.c.i.embedder.EclipseLogger - Copying 0 resource
2026-04-03 09:38:57,327 [Worker-36: Building] WARN  o.e.m.c.i.embedder.EclipseLogger - Using platform encoding (MS949 actually) to copy filtered resources, i.e. build is platform dependent!
2026-04-03 09:38:57,327 [Worker-36: Building] INFO  o.e.m.c.i.embedder.EclipseLogger - Copying 1 resource
2026-04-03 09:38:57,327 [Worker-36: Building] WARN  o.e.m.c.i.embedder.EclipseLogger - Using platform encoding (MS949 actually) to copy filtered resources, i.e. build is platform dependent!
2026-04-03 09:38:57,327 [Worker-36: Building] INFO  o.e.m.c.i.embedder.EclipseLogger - Copying 0 resource
2026-04-03 09:39:08,314 [Worker-30: Building] WARN  o.e.m.c.i.embedder.EclipseLogger - Using platform encoding (MS949 actually) to copy filtered resources, i.e. build is platform dependent!
2026-04-03 09:39:08,316 [Worker-30: Building] INFO  o.e.m.c.i.embedder.EclipseLogger - Copying 1 resource
2026-04-03 09:39:08,316 [Worker-30: Building] WARN  o.e.m.c.i.embedder.EclipseLogger - Using platform encoding (MS949 actually) to copy filtered resources, i.e. build is platform dependent!
2026-04-03 09:39:08,318 [Worker-30: Building] INFO  o.e.m.c.i.embedder.EclipseLogger - Copying 0 resource
2026-04-03 09:39:11,984 [Worker-42: Building] WARN  o.e.m.c.i.embedder.EclipseLogger - Using platform encoding (MS949 actually) to copy filtered resources, i.e. build is platform dependent!
2026-04-03 09:39:11,988 [Worker-42: Building] INFO  o.e.m.c.i.embedder.EclipseLogger - Copying 1 resource
2026-04-03 09:39:11,988 [Worker-42: Building] WARN  o.e.m.c.i.embedder.EclipseLogger - Using platform encoding (MS949 actually) to copy filtered resources, i.e. build is platform dependent!
2026-04-03 09:39:11,988 [Worker-42: Building] INFO  o.e.m.c.i.embedder.EclipseLogger - Copying 0 resource
2026-04-03 09:39:53,408 [Worker-36: Building] WARN  o.e.m.c.i.embedder.EclipseLogger - Using platform encoding (MS949 actually) to copy filtered resources, i.e. build is platform dependent!
2026-04-03 09:39:53,408 [Worker-36: Building] INFO  o.e.m.c.i.embedder.EclipseLogger - Copying 1 resource
2026-04-03 09:39:53,410 [Worker-36: Building] WARN  o.e.m.c.i.embedder.EclipseLogger - Using platform encoding (MS949 actually) to copy filtered resources, i.e. build is platform dependent!
2026-04-03 09:39:53,410 [Worker-36: Building] INFO  o.e.m.c.i.embedder.EclipseLogger - Copying 0 resource
2026-04-03 09:39:55,473 [Worker-41: Building] WARN  o.e.m.c.i.embedder.EclipseLogger - Using platform encoding (MS949 actually) to copy filtered resources, i.e. build is platform dependent!
2026-04-03 09:39:55,473 [Worker-41: Building] INFO  o.e.m.c.i.embedder.EclipseLogger - Copying 1 resource
2026-04-03 09:39:55,473 [Worker-41: Building] WARN  o.e.m.c.i.embedder.EclipseLogger - Using platform encoding (MS949 actually) to copy filtered resources, i.e. build is platform dependent!
2026-04-03 09:39:55,473 [Worker-41: Building] INFO  o.e.m.c.i.embedder.EclipseLogger - Copying 0 resource
2026-04-03 09:40:12,292 [Worker-40: Building] WARN  o.e.m.c.i.embedder.EclipseLogger - Using platform encoding (MS949 actually) to copy filtered resources, i.e. build is platform dependent!
2026-04-03 09:40:12,292 [Worker-40: Building] INFO  o.e.m.c.i.embedder.EclipseLogger - Copying 1 resource
2026-04-03 09:40:12,292 [Worker-40: Building] WARN  o.e.m.c.i.embedder.EclipseLogger - Using platform encoding (MS949 actually) to copy filtered resources, i.e. build is platform dependent!
2026-04-03 09:40:12,292 [Worker-40: Building] INFO  o.e.m.c.i.embedder.EclipseLogger - Copying 0 resource
2026-04-03 09:40:21,737 [Worker-43: Building] WARN  o.e.m.c.i.embedder.EclipseLogger - Using platform encoding (MS949 actually) to copy filtered resources, i.e. build is platform dependent!
2026-04-03 09:40:21,737 [Worker-43: Building] INFO  o.e.m.c.i.embedder.EclipseLogger - Copying 1 resource
2026-04-03 09:40:21,737 [Worker-43: Building] WARN  o.e.m.c.i.embedder.EclipseLogger - Using platform encoding (MS949 actually) to copy filtered resources, i.e. build is platform dependent!
2026-04-03 09:40:21,737 [Worker-43: Building] INFO  o.e.m.c.i.embedder.EclipseLogger - Copying 0 resource
2026-04-03 09:40:24,801 [Worker-43: Building] WARN  o.e.m.c.i.embedder.EclipseLogger - Using platform encoding (MS949 actually) to copy filtered resources, i.e. build is platform dependent!
2026-04-03 09:40:24,801 [Worker-43: Building] INFO  o.e.m.c.i.embedder.EclipseLogger - Copying 1 resource
2026-04-03 09:40:24,801 [Worker-43: Building] WARN  o.e.m.c.i.embedder.EclipseLogger - Using platform encoding (MS949 actually) to copy filtered resources, i.e. build is platform dependent!
2026-04-03 09:40:24,801 [Worker-43: Building] INFO  o.e.m.c.i.embedder.EclipseLogger - Copying 0 resource
2026-04-03 09:40:26,843 [Worker-42: Building] WARN  o.e.m.c.i.embedder.EclipseLogger - Using platform encoding (MS949 actually) to copy filtered resources, i.e. build is platform dependent!
2026-04-03 09:40:26,843 [Worker-42: Building] INFO  o.e.m.c.i.embedder.EclipseLogger - Copying 1 resource
2026-04-03 09:40:26,843 [Worker-42: Building] WARN  o.e.m.c.i.embedder.EclipseLogger - Using platform encoding (MS949 actually) to copy filtered resources, i.e. build is platform dependent!
2026-04-03 09:40:26,843 [Worker-42: Building] INFO  o.e.m.c.i.embedder.EclipseLogger - Copying 0 resource
2026-04-03 09:41:57,552 [Worker-45: Building] WARN  o.e.m.c.i.embedder.EclipseLogger - Using platform encoding (MS949 actually) to copy filtered resources, i.e. build is platform dependent!
2026-04-03 09:41:57,552 [Worker-45: Building] INFO  o.e.m.c.i.embedder.EclipseLogger - Copying 1 resource
2026-04-03 09:41:57,552 [Worker-45: Building] WARN  o.e.m.c.i.embedder.EclipseLogger - Using platform encoding (MS949 actually) to copy filtered resources, i.e. build is platform dependent!
2026-04-03 09:41:57,558 [Worker-45: Building] INFO  o.e.m.c.i.embedder.EclipseLogger - Copying 0 resource
2026-04-03 09:42:02,851 [Worker-36: Building] WARN  o.e.m.c.i.embedder.EclipseLogger - Using platform encoding (MS949 actually) to copy filtered resources, i.e. build is platform dependent!
2026-04-03 09:42:02,851 [Worker-36: Building] INFO  o.e.m.c.i.embedder.EclipseLogger - Copying 1 resource
2026-04-03 09:42:02,851 [Worker-36: Building] WARN  o.e.m.c.i.embedder.EclipseLogger - Using platform encoding (MS949 actually) to copy filtered resources, i.e. build is platform dependent!
2026-04-03 09:42:02,851 [Worker-36: Building] INFO  o.e.m.c.i.embedder.EclipseLogger - Copying 0 resource
2026-04-03 09:42:07,380 [Worker-45: Building] WARN  o.e.m.c.i.embedder.EclipseLogger - Using platform encoding (MS949 actually) to copy filtered resources, i.e. build is platform dependent!
2026-04-03 09:42:07,380 [Worker-45: Building] INFO  o.e.m.c.i.embedder.EclipseLogger - Copying 1 resource
2026-04-03 09:42:07,380 [Worker-45: Building] WARN  o.e.m.c.i.embedder.EclipseLogger - Using platform encoding (MS949 actually) to copy filtered resources, i.e. build is platform dependent!
2026-04-03 09:42:07,380 [Worker-45: Building] INFO  o.e.m.c.i.embedder.EclipseLogger - Copying 0 resource
2026-04-03 09:42:09,456 [Worker-41: Building] WARN  o.e.m.c.i.embedder.EclipseLogger - Using platform encoding (MS949 actually) to copy filtered resources, i.e. build is platform dependent!
2026-04-03 09:42:09,456 [Worker-41: Building] INFO  o.e.m.c.i.embedder.EclipseLogger - Copying 1 resource
2026-04-03 09:42:09,456 [Worker-41: Building] WARN  o.e.m.c.i.embedder.EclipseLogger - Using platform encoding (MS949 actually) to copy filtered resources, i.e. build is platform dependent!
2026-04-03 09:42:09,456 [Worker-41: Building] INFO  o.e.m.c.i.embedder.EclipseLogger - Copying 0 resource
2026-04-03 09:42:50,114 [Worker-41: Building] WARN  o.e.m.c.i.embedder.EclipseLogger - Using platform encoding (MS949 actually) to copy filtered resources, i.e. build is platform dependent!
2026-04-03 09:42:50,114 [Worker-41: Building] INFO  o.e.m.c.i.embedder.EclipseLogger - Copying 1 resource
2026-04-03 09:42:50,114 [Worker-41: Building] WARN  o.e.m.c.i.embedder.EclipseLogger - Using platform encoding (MS949 actually) to copy filtered resources, i.e. build is platform dependent!
2026-04-03 09:42:50,116 [Worker-41: Building] INFO  o.e.m.c.i.embedder.EclipseLogger - Copying 0 resource
2026-04-03 09:42:55,331 [Worker-46: Building] WARN  o.e.m.c.i.embedder.EclipseLogger - Using platform encoding (MS949 actually) to copy filtered resources, i.e. build is platform dependent!
2026-04-03 09:42:55,331 [Worker-46: Building] INFO  o.e.m.c.i.embedder.EclipseLogger - Copying 1 resource
2026-04-03 09:42:55,331 [Worker-46: Building] WARN  o.e.m.c.i.embedder.EclipseLogger - Using platform encoding (MS949 actually) to copy filtered resources, i.e. build is platform dependent!
2026-04-03 09:42:55,331 [Worker-46: Building] INFO  o.e.m.c.i.embedder.EclipseLogger - Copying 0 resource
2026-04-03 09:49:00,176 [Worker-50: Building workspace] INFO  o.e.m.c.i.l.LifecycleMappingFactory - Using org.maven.ide.eclipse.wtp.WarLifecycleMapping lifecycle mapping for MavenProject: com.test:java:1.0.0-BUILD-SNAPSHOT @ C:\code\forGithub\spring\WebTest\pom.xml.
2026-04-03 09:49:00,745 [Worker-50: Building workspace] WARN  o.e.m.c.i.embedder.EclipseLogger - Using platform encoding (MS949 actually) to copy filtered resources, i.e. build is platform dependent!
2026-04-03 09:49:00,745 [Worker-50: Building workspace] INFO  o.e.m.c.i.embedder.EclipseLogger - Copying 1 resource
2026-04-03 09:49:00,750 [Worker-50: Building workspace] WARN  o.e.m.c.i.embedder.EclipseLogger - Using platform encoding (MS949 actually) to copy filtered resources, i.e. build is platform dependent!
2026-04-03 09:49:00,750 [Worker-50: Building workspace] INFO  o.e.m.c.i.embedder.EclipseLogger - Copying 1 resource
2026-04-03 09:49:01,434 [Worker-53: Building] WARN  o.e.m.c.i.embedder.EclipseLogger - Using platform encoding (MS949 actually) to copy filtered resources, i.e. build is platform dependent!
2026-04-03 09:49:01,434 [Worker-53: Building] INFO  o.e.m.c.i.embedder.EclipseLogger - Copying 1 resource
2026-04-03 09:49:01,437 [Worker-53: Building] WARN  o.e.m.c.i.embedder.EclipseLogger - Using platform encoding (MS949 actually) to copy filtered resources, i.e. build is platform dependent!
2026-04-03 09:49:01,439 [Worker-53: Building] INFO  o.e.m.c.i.embedder.EclipseLogger - Copying 1 resource
2026-04-03 10:05:57,221 [Worker-57: Building] INFO  o.e.m.c.i.l.LifecycleMappingFactory - Using org.maven.ide.eclipse.wtp.WarLifecycleMapping lifecycle mapping for MavenProject: com.test:java:1.0.0-BUILD-SNAPSHOT @ C:\code\forGithub\spring\WebTest\pom.xml.
2026-04-03 10:05:57,332 [Worker-57: Building] WARN  o.e.m.c.i.embedder.EclipseLogger - Using platform encoding (MS949 actually) to copy filtered resources, i.e. build is platform dependent!
2026-04-03 10:05:57,332 [Worker-57: Building] INFO  o.e.m.c.i.embedder.EclipseLogger - Copying 0 resource
2026-04-03 10:05:57,332 [Worker-57: Building] WARN  o.e.m.c.i.embedder.EclipseLogger - Using platform encoding (MS949 actually) to copy filtered resources, i.e. build is platform dependent!
2026-04-03 10:05:57,332 [Worker-57: Building] INFO  o.e.m.c.i.embedder.EclipseLogger - Copying 0 resource
2026-04-03 10:05:57,341 [Worker-57: Building] INFO  o.e.m.w.i.f.ResourceFilteringBuildParticipant - Changed resources require a complete clean of filtered resources of WebTest
2026-04-03 10:05:57,341 [Worker-57: Building] INFO  o.e.m.w.i.f.ResourceFilteringBuildParticipant - Executing resource filtering for WebTest
2026-04-03 10:05:57,347 [Worker-57: Building] WARN  o.e.m.c.i.embedder.EclipseLogger - Using platform encoding (MS949 actually) to copy filtered resources, i.e. build is platform dependent!
2026-04-03 10:05:58,706 [Worker-64: Building] WARN  o.e.m.c.i.embedder.EclipseLogger - Using platform encoding (MS949 actually) to copy filtered resources, i.e. build is platform dependent!
2026-04-03 10:05:58,706 [Worker-64: Building] INFO  o.e.m.c.i.embedder.EclipseLogger - Copying 1 resource
2026-04-03 10:05:58,712 [Worker-64: Building] WARN  o.e.m.c.i.embedder.EclipseLogger - Using platform encoding (MS949 actually) to copy filtered resources, i.e. build is platform dependent!
2026-04-03 10:05:58,712 [Worker-64: Building] INFO  o.e.m.c.i.embedder.EclipseLogger - Copying 1 resource
2026-04-03 10:08:05,621 [Worker-60: Building] INFO  o.e.m.c.i.l.LifecycleMappingFactory - Using org.maven.ide.eclipse.wtp.WarLifecycleMapping lifecycle mapping for MavenProject: com.test:java:1.0.0-BUILD-SNAPSHOT @ C:\code\forGithub\spring\WebTest\pom.xml.
2026-04-03 10:08:05,714 [Worker-60: Building] WARN  o.e.m.c.i.embedder.EclipseLogger - Using platform encoding (MS949 actually) to copy filtered resources, i.e. build is platform dependent!
2026-04-03 10:08:05,714 [Worker-60: Building] INFO  o.e.m.c.i.embedder.EclipseLogger - Copying 0 resource
2026-04-03 10:08:05,714 [Worker-60: Building] WARN  o.e.m.c.i.embedder.EclipseLogger - Using platform encoding (MS949 actually) to copy filtered resources, i.e. build is platform dependent!
2026-04-03 10:08:05,721 [Worker-60: Building] INFO  o.e.m.c.i.embedder.EclipseLogger - Copying 0 resource
2026-04-03 10:08:05,721 [Worker-60: Building] INFO  o.e.m.w.i.f.ResourceFilteringBuildParticipant - Changed resources require a complete clean of filtered resources of WebTest
2026-04-03 10:08:05,721 [Worker-60: Building] INFO  o.e.m.w.i.f.ResourceFilteringBuildParticipant - Executing resource filtering for WebTest
2026-04-03 10:08:05,721 [Worker-60: Building] WARN  o.e.m.c.i.embedder.EclipseLogger - Using platform encoding (MS949 actually) to copy filtered resources, i.e. build is platform dependent!
2026-04-03 10:08:44,507 [Worker-63: Building] INFO  o.e.m.c.i.l.LifecycleMappingFactory - Using org.maven.ide.eclipse.wtp.WarLifecycleMapping lifecycle mapping for MavenProject: com.test:java:1.0.0-BUILD-SNAPSHOT @ C:\code\forGithub\spring\WebTest\pom.xml.
2026-04-03 10:08:44,621 [Worker-63: Building] WARN  o.e.m.c.i.embedder.EclipseLogger - Using platform encoding (MS949 actually) to copy filtered resources, i.e. build is platform dependent!
2026-04-03 10:08:44,621 [Worker-63: Building] INFO  o.e.m.c.i.embedder.EclipseLogger - Copying 0 resource
2026-04-03 10:08:44,623 [Worker-63: Building] WARN  o.e.m.c.i.embedder.EclipseLogger - Using platform encoding (MS949 actually) to copy filtered resources, i.e. build is platform dependent!
2026-04-03 10:08:44,623 [Worker-63: Building] INFO  o.e.m.c.i.embedder.EclipseLogger - Copying 0 resource
2026-04-03 10:08:44,623 [Worker-63: Building] INFO  o.e.m.w.i.f.ResourceFilteringBuildParticipant - Changed resources require a complete clean of filtered resources of WebTest
2026-04-03 10:08:44,623 [Worker-63: Building] INFO  o.e.m.w.i.f.ResourceFilteringBuildParticipant - Executing resource filtering for WebTest
2026-04-03 10:08:44,623 [Worker-63: Building] WARN  o.e.m.c.i.embedder.EclipseLogger - Using platform encoding (MS949 actually) to copy filtered resources, i.e. build is platform dependent!
2026-04-03 10:08:45,832 [Worker-64: Building] WARN  o.e.m.c.i.embedder.EclipseLogger - Using platform encoding (MS949 actually) to copy filtered resources, i.e. build is platform dependent!
2026-04-03 10:08:45,832 [Worker-64: Building] INFO  o.e.m.c.i.embedder.EclipseLogger - Copying 1 resource
2026-04-03 10:08:45,841 [Worker-64: Building] WARN  o.e.m.c.i.embedder.EclipseLogger - Using platform encoding (MS949 actually) to copy filtered resources, i.e. build is platform dependent!
2026-04-03 10:08:45,841 [Worker-64: Building] INFO  o.e.m.c.i.embedder.EclipseLogger - Copying 1 resource
2026-04-03 10:09:39,768 [Worker-62: Building Project WebTest] WARN  o.e.m.c.i.embedder.EclipseLogger - Using platform encoding (MS949 actually) to copy filtered resources, i.e. build is platform dependent!
2026-04-03 10:09:39,768 [Worker-62: Building Project WebTest] INFO  o.e.m.c.i.embedder.EclipseLogger - Copying 1 resource
2026-04-03 10:09:39,774 [Worker-62: Building Project WebTest] WARN  o.e.m.c.i.embedder.EclipseLogger - Using platform encoding (MS949 actually) to copy filtered resources, i.e. build is platform dependent!
2026-04-03 10:09:39,774 [Worker-62: Building Project WebTest] INFO  o.e.m.c.i.embedder.EclipseLogger - Copying 1 resource
2026-04-03 10:11:49,541 [Worker-65: Building] WARN  o.e.m.c.i.embedder.EclipseLogger - Using platform encoding (MS949 actually) to copy filtered resources, i.e. build is platform dependent!
2026-04-03 10:11:49,541 [Worker-65: Building] INFO  o.e.m.c.i.embedder.EclipseLogger - Copying 0 resource
2026-04-03 10:11:49,545 [Worker-65: Building] WARN  o.e.m.c.i.embedder.EclipseLogger - Using platform encoding (MS949 actually) to copy filtered resources, i.e. build is platform dependent!
2026-04-03 10:11:49,545 [Worker-65: Building] INFO  o.e.m.c.i.embedder.EclipseLogger - Copying 0 resource
2026-04-03 10:12:23,289 [Worker-57: Building] WARN  o.e.m.c.i.embedder.EclipseLogger - Using platform encoding (MS949 actually) to copy filtered resources, i.e. build is platform dependent!
2026-04-03 10:12:23,289 [Worker-57: Building] INFO  o.e.m.c.i.embedder.EclipseLogger - Copying 1 resource
2026-04-03 10:12:23,289 [Worker-57: Building] WARN  o.e.m.c.i.embedder.EclipseLogger - Using platform encoding (MS949 actually) to copy filtered resources, i.e. build is platform dependent!
2026-04-03 10:12:23,299 [Worker-57: Building] INFO  o.e.m.c.i.embedder.EclipseLogger - Copying 0 resource
2026-04-03 10:12:31,486 [Worker-49: Building] WARN  o.e.m.c.i.embedder.EclipseLogger - Using platform encoding (MS949 actually) to copy filtered resources, i.e. build is platform dependent!
2026-04-03 10:12:31,486 [Worker-49: Building] INFO  o.e.m.c.i.embedder.EclipseLogger - Copying 1 resource
2026-04-03 10:12:31,492 [Worker-49: Building] WARN  o.e.m.c.i.embedder.EclipseLogger - Using platform encoding (MS949 actually) to copy filtered resources, i.e. build is platform dependent!
2026-04-03 10:12:31,492 [Worker-49: Building] INFO  o.e.m.c.i.embedder.EclipseLogger - Copying 0 resource
2026-04-03 10:13:04,102 [Worker-60: Building] WARN  o.e.m.c.i.embedder.EclipseLogger - Using platform encoding (MS949 actually) to copy filtered resources, i.e. build is platform dependent!
2026-04-03 10:13:04,102 [Worker-60: Building] INFO  o.e.m.c.i.embedder.EclipseLogger - Copying 0 resource
2026-04-03 10:13:04,102 [Worker-60: Building] WARN  o.e.m.c.i.embedder.EclipseLogger - Using platform encoding (MS949 actually) to copy filtered resources, i.e. build is platform dependent!
2026-04-03 10:13:04,102 [Worker-60: Building] INFO  o.e.m.c.i.embedder.EclipseLogger - Copying 0 resource
2026-04-03 10:16:43,942 [Worker-49: Building] WARN  o.e.m.c.i.embedder.EclipseLogger - Using platform encoding (MS949 actually) to copy filtered resources, i.e. build is platform dependent!
2026-04-03 10:16:43,942 [Worker-49: Building] INFO  o.e.m.c.i.embedder.EclipseLogger - Copying 1 resource
2026-04-03 10:16:43,942 [Worker-49: Building] WARN  o.e.m.c.i.embedder.EclipseLogger - Using platform encoding (MS949 actually) to copy filtered resources, i.e. build is platform dependent!
2026-04-03 10:16:43,944 [Worker-49: Building] INFO  o.e.m.c.i.embedder.EclipseLogger - Copying 0 resource
2026-04-03 10:17:06,919 [Worker-60: Building] WARN  o.e.m.c.i.embedder.EclipseLogger - Using platform encoding (MS949 actually) to copy filtered resources, i.e. build is platform dependent!
2026-04-03 10:17:06,919 [Worker-60: Building] INFO  o.e.m.c.i.embedder.EclipseLogger - Copying 1 resource
2026-04-03 10:17:06,919 [Worker-60: Building] WARN  o.e.m.c.i.embedder.EclipseLogger - Using platform encoding (MS949 actually) to copy filtered resources, i.e. build is platform dependent!
2026-04-03 10:17:06,919 [Worker-60: Building] INFO  o.e.m.c.i.embedder.EclipseLogger - Copying 0 resource
2026-04-03 10:17:23,147 [Worker-57: Building] WARN  o.e.m.c.i.embedder.EclipseLogger - Using platform encoding (MS949 actually) to copy filtered resources, i.e. build is platform dependent!
2026-04-03 10:17:23,147 [Worker-57: Building] INFO  o.e.m.c.i.embedder.EclipseLogger - Copying 1 resource
2026-04-03 10:17:23,147 [Worker-57: Building] WARN  o.e.m.c.i.embedder.EclipseLogger - Using platform encoding (MS949 actually) to copy filtered resources, i.e. build is platform dependent!
2026-04-03 10:17:23,147 [Worker-57: Building] INFO  o.e.m.c.i.embedder.EclipseLogger - Copying 0 resource
2026-04-03 10:17:26,066 [Worker-60: Building] WARN  o.e.m.c.i.embedder.EclipseLogger - Using platform encoding (MS949 actually) to copy filtered resources, i.e. build is platform dependent!
2026-04-03 10:17:26,066 [Worker-60: Building] INFO  o.e.m.c.i.embedder.EclipseLogger - Copying 1 resource
2026-04-03 10:17:26,068 [Worker-60: Building] WARN  o.e.m.c.i.embedder.EclipseLogger - Using platform encoding (MS949 actually) to copy filtered resources, i.e. build is platform dependent!
2026-04-03 10:17:26,068 [Worker-60: Building] INFO  o.e.m.c.i.embedder.EclipseLogger - Copying 0 resource
2026-04-03 10:17:28,117 [Worker-62: Building] WARN  o.e.m.c.i.embedder.EclipseLogger - Using platform encoding (MS949 actually) to copy filtered resources, i.e. build is platform dependent!
2026-04-03 10:17:28,117 [Worker-62: Building] INFO  o.e.m.c.i.embedder.EclipseLogger - Copying 1 resource
2026-04-03 10:17:28,117 [Worker-62: Building] WARN  o.e.m.c.i.embedder.EclipseLogger - Using platform encoding (MS949 actually) to copy filtered resources, i.e. build is platform dependent!
2026-04-03 10:17:28,117 [Worker-62: Building] INFO  o.e.m.c.i.embedder.EclipseLogger - Copying 0 resource
2026-04-03 10:17:59,833 [Worker-64: Building] WARN  o.e.m.c.i.embedder.EclipseLogger - Using platform encoding (MS949 actually) to copy filtered resources, i.e. build is platform dependent!
2026-04-03 10:17:59,833 [Worker-64: Building] INFO  o.e.m.c.i.embedder.EclipseLogger - Copying 1 resource
2026-04-03 10:17:59,838 [Worker-64: Building] WARN  o.e.m.c.i.embedder.EclipseLogger - Using platform encoding (MS949 actually) to copy filtered resources, i.e. build is platform dependent!
2026-04-03 10:17:59,838 [Worker-64: Building] INFO  o.e.m.c.i.embedder.EclipseLogger - Copying 0 resource
2026-04-03 10:18:08,462 [Worker-60: Building] WARN  o.e.m.c.i.embedder.EclipseLogger - Using platform encoding (MS949 actually) to copy filtered resources, i.e. build is platform dependent!
2026-04-03 10:18:08,462 [Worker-60: Building] INFO  o.e.m.c.i.embedder.EclipseLogger - Copying 1 resource
2026-04-03 10:18:08,467 [Worker-60: Building] WARN  o.e.m.c.i.embedder.EclipseLogger - Using platform encoding (MS949 actually) to copy filtered resources, i.e. build is platform dependent!
2026-04-03 10:18:08,467 [Worker-60: Building] INFO  o.e.m.c.i.embedder.EclipseLogger - Copying 0 resource
2026-04-03 10:18:55,658 [Worker-64: Building] WARN  o.e.m.c.i.embedder.EclipseLogger - Using platform encoding (MS949 actually) to copy filtered resources, i.e. build is platform dependent!
2026-04-03 10:18:55,658 [Worker-64: Building] INFO  o.e.m.c.i.embedder.EclipseLogger - Copying 1 resource
2026-04-03 10:18:55,658 [Worker-64: Building] WARN  o.e.m.c.i.embedder.EclipseLogger - Using platform encoding (MS949 actually) to copy filtered resources, i.e. build is platform dependent!
2026-04-03 10:18:55,658 [Worker-64: Building] INFO  o.e.m.c.i.embedder.EclipseLogger - Copying 0 resource
2026-04-03 10:19:05,172 [Worker-60: Building] WARN  o.e.m.c.i.embedder.EclipseLogger - Using platform encoding (MS949 actually) to copy filtered resources, i.e. build is platform dependent!
2026-04-03 10:19:05,179 [Worker-60: Building] INFO  o.e.m.c.i.embedder.EclipseLogger - Copying 1 resource
2026-04-03 10:19:05,179 [Worker-60: Building] WARN  o.e.m.c.i.embedder.EclipseLogger - Using platform encoding (MS949 actually) to copy filtered resources, i.e. build is platform dependent!
2026-04-03 10:19:05,179 [Worker-60: Building] INFO  o.e.m.c.i.embedder.EclipseLogger - Copying 0 resource
2026-04-03 10:19:24,502 [Worker-64: Building] WARN  o.e.m.c.i.embedder.EclipseLogger - Using platform encoding (MS949 actually) to copy filtered resources, i.e. build is platform dependent!
2026-04-03 10:19:24,502 [Worker-64: Building] INFO  o.e.m.c.i.embedder.EclipseLogger - Copying 1 resource
2026-04-03 10:19:24,504 [Worker-64: Building] WARN  o.e.m.c.i.embedder.EclipseLogger - Using platform encoding (MS949 actually) to copy filtered resources, i.e. build is platform dependent!
2026-04-03 10:19:24,504 [Worker-64: Building] INFO  o.e.m.c.i.embedder.EclipseLogger - Copying 0 resource
2026-04-03 10:19:37,471 [Worker-49: Building] WARN  o.e.m.c.i.embedder.EclipseLogger - Using platform encoding (MS949 actually) to copy filtered resources, i.e. build is platform dependent!
2026-04-03 10:19:37,471 [Worker-49: Building] INFO  o.e.m.c.i.embedder.EclipseLogger - Copying 1 resource
2026-04-03 10:19:37,472 [Worker-49: Building] WARN  o.e.m.c.i.embedder.EclipseLogger - Using platform encoding (MS949 actually) to copy filtered resources, i.e. build is platform dependent!
2026-04-03 10:19:37,472 [Worker-49: Building] INFO  o.e.m.c.i.embedder.EclipseLogger - Copying 0 resource
2026-04-03 10:19:49,743 [Worker-65: Building] WARN  o.e.m.c.i.embedder.EclipseLogger - Using platform encoding (MS949 actually) to copy filtered resources, i.e. build is platform dependent!
2026-04-03 10:19:49,743 [Worker-65: Building] INFO  o.e.m.c.i.embedder.EclipseLogger - Copying 1 resource
2026-04-03 10:19:49,751 [Worker-65: Building] WARN  o.e.m.c.i.embedder.EclipseLogger - Using platform encoding (MS949 actually) to copy filtered resources, i.e. build is platform dependent!
2026-04-03 10:19:49,751 [Worker-65: Building] INFO  o.e.m.c.i.embedder.EclipseLogger - Copying 0 resource
2026-04-03 10:20:34,382 [Worker-57: Building] WARN  o.e.m.c.i.embedder.EclipseLogger - Using platform encoding (MS949 actually) to copy filtered resources, i.e. build is platform dependent!
2026-04-03 10:20:34,386 [Worker-57: Building] INFO  o.e.m.c.i.embedder.EclipseLogger - Copying 1 resource
2026-04-03 10:20:34,386 [Worker-57: Building] WARN  o.e.m.c.i.embedder.EclipseLogger - Using platform encoding (MS949 actually) to copy filtered resources, i.e. build is platform dependent!
2026-04-03 10:20:34,386 [Worker-57: Building] INFO  o.e.m.c.i.embedder.EclipseLogger - Copying 0 resource
2026-04-03 10:20:47,194 [Worker-60: Building] WARN  o.e.m.c.i.embedder.EclipseLogger - Using platform encoding (MS949 actually) to copy filtered resources, i.e. build is platform dependent!
2026-04-03 10:20:47,196 [Worker-60: Building] INFO  o.e.m.c.i.embedder.EclipseLogger - Copying 1 resource
2026-04-03 10:20:47,196 [Worker-60: Building] WARN  o.e.m.c.i.embedder.EclipseLogger - Using platform encoding (MS949 actually) to copy filtered resources, i.e. build is platform dependent!
2026-04-03 10:20:47,196 [Worker-60: Building] INFO  o.e.m.c.i.embedder.EclipseLogger - Copying 0 resource
2026-04-03 10:21:04,068 [Worker-57: Building] WARN  o.e.m.c.i.embedder.EclipseLogger - Using platform encoding (MS949 actually) to copy filtered resources, i.e. build is platform dependent!
2026-04-03 10:21:04,068 [Worker-57: Building] INFO  o.e.m.c.i.embedder.EclipseLogger - Copying 1 resource
2026-04-03 10:21:04,070 [Worker-57: Building] WARN  o.e.m.c.i.embedder.EclipseLogger - Using platform encoding (MS949 actually) to copy filtered resources, i.e. build is platform dependent!
2026-04-03 10:21:04,070 [Worker-57: Building] INFO  o.e.m.c.i.embedder.EclipseLogger - Copying 0 resource
2026-04-03 10:21:09,353 [Worker-57: Building] WARN  o.e.m.c.i.embedder.EclipseLogger - Using platform encoding (MS949 actually) to copy filtered resources, i.e. build is platform dependent!
2026-04-03 10:21:09,353 [Worker-57: Building] INFO  o.e.m.c.i.embedder.EclipseLogger - Copying 1 resource
2026-04-03 10:21:09,353 [Worker-57: Building] WARN  o.e.m.c.i.embedder.EclipseLogger - Using platform encoding (MS949 actually) to copy filtered resources, i.e. build is platform dependent!
2026-04-03 10:21:09,353 [Worker-57: Building] INFO  o.e.m.c.i.embedder.EclipseLogger - Copying 0 resource
2026-04-03 10:21:29,685 [Worker-57: Building] WARN  o.e.m.c.i.embedder.EclipseLogger - Using platform encoding (MS949 actually) to copy filtered resources, i.e. build is platform dependent!
2026-04-03 10:21:29,685 [Worker-57: Building] INFO  o.e.m.c.i.embedder.EclipseLogger - Copying 1 resource
2026-04-03 10:21:29,685 [Worker-57: Building] WARN  o.e.m.c.i.embedder.EclipseLogger - Using platform encoding (MS949 actually) to copy filtered resources, i.e. build is platform dependent!
2026-04-03 10:21:29,685 [Worker-57: Building] INFO  o.e.m.c.i.embedder.EclipseLogger - Copying 0 resource
2026-04-03 10:21:31,711 [Worker-65: Building] WARN  o.e.m.c.i.embedder.EclipseLogger - Using platform encoding (MS949 actually) to copy filtered resources, i.e. build is platform dependent!
2026-04-03 10:21:31,718 [Worker-65: Building] INFO  o.e.m.c.i.embedder.EclipseLogger - Copying 1 resource
2026-04-03 10:21:31,719 [Worker-65: Building] WARN  o.e.m.c.i.embedder.EclipseLogger - Using platform encoding (MS949 actually) to copy filtered resources, i.e. build is platform dependent!
2026-04-03 10:21:31,719 [Worker-65: Building] INFO  o.e.m.c.i.embedder.EclipseLogger - Copying 0 resource
2026-04-03 10:22:02,927 [Worker-62: Building] WARN  o.e.m.c.i.embedder.EclipseLogger - Using platform encoding (MS949 actually) to copy filtered resources, i.e. build is platform dependent!
2026-04-03 10:22:02,927 [Worker-62: Building] INFO  o.e.m.c.i.embedder.EclipseLogger - Copying 1 resource
2026-04-03 10:22:02,927 [Worker-62: Building] WARN  o.e.m.c.i.embedder.EclipseLogger - Using platform encoding (MS949 actually) to copy filtered resources, i.e. build is platform dependent!
2026-04-03 10:22:02,929 [Worker-62: Building] INFO  o.e.m.c.i.embedder.EclipseLogger - Copying 0 resource
2026-04-03 10:22:10,839 [Worker-60: Building] WARN  o.e.m.c.i.embedder.EclipseLogger - Using platform encoding (MS949 actually) to copy filtered resources, i.e. build is platform dependent!
2026-04-03 10:22:10,839 [Worker-60: Building] INFO  o.e.m.c.i.embedder.EclipseLogger - Copying 1 resource
2026-04-03 10:22:10,839 [Worker-60: Building] WARN  o.e.m.c.i.embedder.EclipseLogger - Using platform encoding (MS949 actually) to copy filtered resources, i.e. build is platform dependent!
2026-04-03 10:22:10,839 [Worker-60: Building] INFO  o.e.m.c.i.embedder.EclipseLogger - Copying 0 resource
2026-04-03 10:22:20,544 [Worker-60: Building] WARN  o.e.m.c.i.embedder.EclipseLogger - Using platform encoding (MS949 actually) to copy filtered resources, i.e. build is platform dependent!
2026-04-03 10:22:20,544 [Worker-60: Building] INFO  o.e.m.c.i.embedder.EclipseLogger - Copying 1 resource
2026-04-03 10:22:20,544 [Worker-60: Building] WARN  o.e.m.c.i.embedder.EclipseLogger - Using platform encoding (MS949 actually) to copy filtered resources, i.e. build is platform dependent!
2026-04-03 10:22:20,548 [Worker-60: Building] INFO  o.e.m.c.i.embedder.EclipseLogger - Copying 0 resource
2026-04-03 10:22:35,574 [Worker-60: Building] WARN  o.e.m.c.i.embedder.EclipseLogger - Using platform encoding (MS949 actually) to copy filtered resources, i.e. build is platform dependent!
2026-04-03 10:22:35,574 [Worker-60: Building] INFO  o.e.m.c.i.embedder.EclipseLogger - Copying 1 resource
2026-04-03 10:22:35,574 [Worker-60: Building] WARN  o.e.m.c.i.embedder.EclipseLogger - Using platform encoding (MS949 actually) to copy filtered resources, i.e. build is platform dependent!
2026-04-03 10:22:35,585 [Worker-60: Building] INFO  o.e.m.c.i.embedder.EclipseLogger - Copying 0 resource
2026-04-03 10:22:41,240 [Worker-60: Building] WARN  o.e.m.c.i.embedder.EclipseLogger - Using platform encoding (MS949 actually) to copy filtered resources, i.e. build is platform dependent!
2026-04-03 10:22:41,240 [Worker-60: Building] INFO  o.e.m.c.i.embedder.EclipseLogger - Copying 1 resource
2026-04-03 10:22:41,244 [Worker-60: Building] WARN  o.e.m.c.i.embedder.EclipseLogger - Using platform encoding (MS949 actually) to copy filtered resources, i.e. build is platform dependent!
2026-04-03 10:22:41,244 [Worker-60: Building] INFO  o.e.m.c.i.embedder.EclipseLogger - Copying 0 resource
2026-04-03 10:22:43,486 [Worker-65: Building] WARN  o.e.m.c.i.embedder.EclipseLogger - Using platform encoding (MS949 actually) to copy filtered resources, i.e. build is platform dependent!
2026-04-03 10:22:43,486 [Worker-65: Building] INFO  o.e.m.c.i.embedder.EclipseLogger - Copying 1 resource
2026-04-03 10:22:43,486 [Worker-65: Building] WARN  o.e.m.c.i.embedder.EclipseLogger - Using platform encoding (MS949 actually) to copy filtered resources, i.e. build is platform dependent!
2026-04-03 10:22:43,486 [Worker-65: Building] INFO  o.e.m.c.i.embedder.EclipseLogger - Copying 0 resource
2026-04-03 10:23:05,050 [Worker-60: Building] WARN  o.e.m.c.i.embedder.EclipseLogger - Using platform encoding (MS949 actually) to copy filtered resources, i.e. build is platform dependent!
2026-04-03 10:23:05,051 [Worker-60: Building] INFO  o.e.m.c.i.embedder.EclipseLogger - Copying 1 resource
2026-04-03 10:23:05,051 [Worker-60: Building] WARN  o.e.m.c.i.embedder.EclipseLogger - Using platform encoding (MS949 actually) to copy filtered resources, i.e. build is platform dependent!
2026-04-03 10:23:05,051 [Worker-60: Building] INFO  o.e.m.c.i.embedder.EclipseLogger - Copying 0 resource
2026-04-03 10:23:22,970 [Worker-62: Building] WARN  o.e.m.c.i.embedder.EclipseLogger - Using platform encoding (MS949 actually) to copy filtered resources, i.e. build is platform dependent!
2026-04-03 10:23:22,984 [Worker-62: Building] INFO  o.e.m.c.i.embedder.EclipseLogger - Copying 1 resource
2026-04-03 10:23:22,984 [Worker-62: Building] WARN  o.e.m.c.i.embedder.EclipseLogger - Using platform encoding (MS949 actually) to copy filtered resources, i.e. build is platform dependent!
2026-04-03 10:23:22,984 [Worker-62: Building] INFO  o.e.m.c.i.embedder.EclipseLogger - Copying 0 resource
2026-04-03 10:23:38,347 [Worker-63: Building] WARN  o.e.m.c.i.embedder.EclipseLogger - Using platform encoding (MS949 actually) to copy filtered resources, i.e. build is platform dependent!
2026-04-03 10:23:38,347 [Worker-63: Building] INFO  o.e.m.c.i.embedder.EclipseLogger - Copying 1 resource
2026-04-03 10:23:38,347 [Worker-63: Building] WARN  o.e.m.c.i.embedder.EclipseLogger - Using platform encoding (MS949 actually) to copy filtered resources, i.e. build is platform dependent!
2026-04-03 10:23:38,347 [Worker-63: Building] INFO  o.e.m.c.i.embedder.EclipseLogger - Copying 0 resource
2026-04-03 10:23:39,485 [Worker-66: Building] WARN  o.e.m.c.i.embedder.EclipseLogger - Using platform encoding (MS949 actually) to copy filtered resources, i.e. build is platform dependent!
2026-04-03 10:23:39,485 [Worker-66: Building] INFO  o.e.m.c.i.embedder.EclipseLogger - Copying 1 resource
2026-04-03 10:23:39,487 [Worker-66: Building] WARN  o.e.m.c.i.embedder.EclipseLogger - Using platform encoding (MS949 actually) to copy filtered resources, i.e. build is platform dependent!
2026-04-03 10:23:39,487 [Worker-66: Building] INFO  o.e.m.c.i.embedder.EclipseLogger - Copying 0 resource
2026-04-03 10:23:50,343 [Worker-57: Building] WARN  o.e.m.c.i.embedder.EclipseLogger - Using platform encoding (MS949 actually) to copy filtered resources, i.e. build is platform dependent!
2026-04-03 10:23:50,343 [Worker-57: Building] INFO  o.e.m.c.i.embedder.EclipseLogger - Copying 1 resource
2026-04-03 10:23:50,343 [Worker-57: Building] WARN  o.e.m.c.i.embedder.EclipseLogger - Using platform encoding (MS949 actually) to copy filtered resources, i.e. build is platform dependent!
2026-04-03 10:23:50,343 [Worker-57: Building] INFO  o.e.m.c.i.embedder.EclipseLogger - Copying 0 resource
2026-04-03 10:24:53,100 [Worker-64: Building] WARN  o.e.m.c.i.embedder.EclipseLogger - Using platform encoding (MS949 actually) to copy filtered resources, i.e. build is platform dependent!
2026-04-03 10:24:53,102 [Worker-64: Building] INFO  o.e.m.c.i.embedder.EclipseLogger - Copying 0 resource
2026-04-03 10:24:53,102 [Worker-64: Building] WARN  o.e.m.c.i.embedder.EclipseLogger - Using platform encoding (MS949 actually) to copy filtered resources, i.e. build is platform dependent!
2026-04-03 10:24:53,102 [Worker-64: Building] INFO  o.e.m.c.i.embedder.EclipseLogger - Copying 0 resource
2026-04-03 10:24:59,395 [Worker-64: Building] WARN  o.e.m.c.i.embedder.EclipseLogger - Using platform encoding (MS949 actually) to copy filtered resources, i.e. build is platform dependent!
2026-04-03 10:24:59,395 [Worker-64: Building] INFO  o.e.m.c.i.embedder.EclipseLogger - Copying 0 resource
2026-04-03 10:24:59,399 [Worker-64: Building] WARN  o.e.m.c.i.embedder.EclipseLogger - Using platform encoding (MS949 actually) to copy filtered resources, i.e. build is platform dependent!
2026-04-03 10:24:59,399 [Worker-64: Building] INFO  o.e.m.c.i.embedder.EclipseLogger - Copying 0 resource
2026-04-03 10:25:42,648 [Worker-65: Building] WARN  o.e.m.c.i.embedder.EclipseLogger - Using platform encoding (MS949 actually) to copy filtered resources, i.e. build is platform dependent!
2026-04-03 10:25:42,648 [Worker-65: Building] INFO  o.e.m.c.i.embedder.EclipseLogger - Copying 1 resource
2026-04-03 10:25:42,648 [Worker-65: Building] WARN  o.e.m.c.i.embedder.EclipseLogger - Using platform encoding (MS949 actually) to copy filtered resources, i.e. build is platform dependent!
2026-04-03 10:25:42,648 [Worker-65: Building] INFO  o.e.m.c.i.embedder.EclipseLogger - Copying 0 resource
2026-04-03 10:25:48,051 [Worker-49: Building] WARN  o.e.m.c.i.embedder.EclipseLogger - Using platform encoding (MS949 actually) to copy filtered resources, i.e. build is platform dependent!
2026-04-03 10:25:48,051 [Worker-49: Building] INFO  o.e.m.c.i.embedder.EclipseLogger - Copying 1 resource
2026-04-03 10:25:48,051 [Worker-49: Building] WARN  o.e.m.c.i.embedder.EclipseLogger - Using platform encoding (MS949 actually) to copy filtered resources, i.e. build is platform dependent!
2026-04-03 10:25:48,051 [Worker-49: Building] INFO  o.e.m.c.i.embedder.EclipseLogger - Copying 0 resource
2026-04-03 10:26:26,501 [Worker-57: Building] WARN  o.e.m.c.i.embedder.EclipseLogger - Using platform encoding (MS949 actually) to copy filtered resources, i.e. build is platform dependent!
2026-04-03 10:26:26,501 [Worker-57: Building] INFO  o.e.m.c.i.embedder.EclipseLogger - Copying 1 resource
2026-04-03 10:26:26,501 [Worker-57: Building] WARN  o.e.m.c.i.embedder.EclipseLogger - Using platform encoding (MS949 actually) to copy filtered resources, i.e. build is platform dependent!
2026-04-03 10:26:26,501 [Worker-57: Building] INFO  o.e.m.c.i.embedder.EclipseLogger - Copying 0 resource
2026-04-03 10:38:23,206 [Worker-49: Building] WARN  o.e.m.c.i.embedder.EclipseLogger - Using platform encoding (MS949 actually) to copy filtered resources, i.e. build is platform dependent!
2026-04-03 10:38:23,206 [Worker-49: Building] INFO  o.e.m.c.i.embedder.EclipseLogger - Copying 0 resource
2026-04-03 10:38:23,206 [Worker-49: Building] WARN  o.e.m.c.i.embedder.EclipseLogger - Using platform encoding (MS949 actually) to copy filtered resources, i.e. build is platform dependent!
2026-04-03 10:38:23,206 [Worker-49: Building] INFO  o.e.m.c.i.embedder.EclipseLogger - Copying 0 resource
2026-04-03 10:38:28,215 [Worker-57: Building] WARN  o.e.m.c.i.embedder.EclipseLogger - Using platform encoding (MS949 actually) to copy filtered resources, i.e. build is platform dependent!
2026-04-03 10:38:28,215 [Worker-57: Building] INFO  o.e.m.c.i.embedder.EclipseLogger - Copying 0 resource
2026-04-03 10:38:28,215 [Worker-57: Building] WARN  o.e.m.c.i.embedder.EclipseLogger - Using platform encoding (MS949 actually) to copy filtered resources, i.e. build is platform dependent!
2026-04-03 10:38:28,215 [Worker-57: Building] INFO  o.e.m.c.i.embedder.EclipseLogger - Copying 0 resource
2026-04-03 10:38:34,622 [Worker-60: Building] WARN  o.e.m.c.i.embedder.EclipseLogger - Using platform encoding (MS949 actually) to copy filtered resources, i.e. build is platform dependent!
2026-04-03 10:38:34,622 [Worker-60: Building] INFO  o.e.m.c.i.embedder.EclipseLogger - Copying 0 resource
2026-04-03 10:38:34,622 [Worker-60: Building] WARN  o.e.m.c.i.embedder.EclipseLogger - Using platform encoding (MS949 actually) to copy filtered resources, i.e. build is platform dependent!
2026-04-03 10:38:34,622 [Worker-60: Building] INFO  o.e.m.c.i.embedder.EclipseLogger - Copying 0 resource
2026-04-03 10:43:20,803 [Worker-64: Building] WARN  o.e.m.c.i.embedder.EclipseLogger - Using platform encoding (MS949 actually) to copy filtered resources, i.e. build is platform dependent!
2026-04-03 10:43:20,803 [Worker-64: Building] INFO  o.e.m.c.i.embedder.EclipseLogger - Copying 0 resource
2026-04-03 10:43:20,808 [Worker-64: Building] WARN  o.e.m.c.i.embedder.EclipseLogger - Using platform encoding (MS949 actually) to copy filtered resources, i.e. build is platform dependent!
2026-04-03 10:43:20,808 [Worker-64: Building] INFO  o.e.m.c.i.embedder.EclipseLogger - Copying 0 resource
2026-04-03 10:43:35,060 [Worker-60: Building] WARN  o.e.m.c.i.embedder.EclipseLogger - Using platform encoding (MS949 actually) to copy filtered resources, i.e. build is platform dependent!
2026-04-03 10:43:35,060 [Worker-60: Building] INFO  o.e.m.c.i.embedder.EclipseLogger - Copying 0 resource
2026-04-03 10:43:35,062 [Worker-60: Building] WARN  o.e.m.c.i.embedder.EclipseLogger - Using platform encoding (MS949 actually) to copy filtered resources, i.e. build is platform dependent!
2026-04-03 10:43:35,062 [Worker-60: Building] INFO  o.e.m.c.i.embedder.EclipseLogger - Copying 0 resource
2026-04-03 10:43:54,004 [Worker-65: Building] WARN  o.e.m.c.i.embedder.EclipseLogger - Using platform encoding (MS949 actually) to copy filtered resources, i.e. build is platform dependent!
2026-04-03 10:43:54,004 [Worker-65: Building] INFO  o.e.m.c.i.embedder.EclipseLogger - Copying 0 resource
2026-04-03 10:43:54,004 [Worker-65: Building] WARN  o.e.m.c.i.embedder.EclipseLogger - Using platform encoding (MS949 actually) to copy filtered resources, i.e. build is platform dependent!
2026-04-03 10:43:54,004 [Worker-65: Building] INFO  o.e.m.c.i.embedder.EclipseLogger - Copying 0 resource
2026-04-03 10:45:04,429 [Worker-60: Building] WARN  o.e.m.c.i.embedder.EclipseLogger - Using platform encoding (MS949 actually) to copy filtered resources, i.e. build is platform dependent!
2026-04-03 10:45:04,429 [Worker-60: Building] INFO  o.e.m.c.i.embedder.EclipseLogger - Copying 0 resource
2026-04-03 10:45:04,431 [Worker-60: Building] WARN  o.e.m.c.i.embedder.EclipseLogger - Using platform encoding (MS949 actually) to copy filtered resources, i.e. build is platform dependent!
2026-04-03 10:45:04,431 [Worker-60: Building] INFO  o.e.m.c.i.embedder.EclipseLogger - Copying 0 resource
2026-04-03 11:23:36,264 [Worker-75: Building] WARN  o.e.m.c.i.embedder.EclipseLogger - Using platform encoding (MS949 actually) to copy filtered resources, i.e. build is platform dependent!
2026-04-03 11:23:36,264 [Worker-75: Building] INFO  o.e.m.c.i.embedder.EclipseLogger - Copying 1 resource
2026-04-03 11:23:36,266 [Worker-75: Building] WARN  o.e.m.c.i.embedder.EclipseLogger - Using platform encoding (MS949 actually) to copy filtered resources, i.e. build is platform dependent!
2026-04-03 11:23:36,266 [Worker-75: Building] INFO  o.e.m.c.i.embedder.EclipseLogger - Copying 0 resource
2026-04-03 11:29:06,083 [Worker-80: Building] WARN  o.e.m.c.i.embedder.EclipseLogger - Using platform encoding (MS949 actually) to copy filtered resources, i.e. build is platform dependent!
2026-04-03 11:29:06,083 [Worker-80: Building] INFO  o.e.m.c.i.embedder.EclipseLogger - Copying 1 resource
2026-04-03 11:29:06,083 [Worker-80: Building] WARN  o.e.m.c.i.embedder.EclipseLogger - Using platform encoding (MS949 actually) to copy filtered resources, i.e. build is platform dependent!
2026-04-03 11:29:06,083 [Worker-80: Building] INFO  o.e.m.c.i.embedder.EclipseLogger - Copying 0 resource
2026-04-03 11:29:13,392 [Worker-82: Building] WARN  o.e.m.c.i.embedder.EclipseLogger - Using platform encoding (MS949 actually) to copy filtered resources, i.e. build is platform dependent!
2026-04-03 11:29:13,392 [Worker-82: Building] INFO  o.e.m.c.i.embedder.EclipseLogger - Copying 1 resource
2026-04-03 11:29:13,406 [Worker-82: Building] WARN  o.e.m.c.i.embedder.EclipseLogger - Using platform encoding (MS949 actually) to copy filtered resources, i.e. build is platform dependent!
2026-04-03 11:29:13,406 [Worker-82: Building] INFO  o.e.m.c.i.embedder.EclipseLogger - Copying 0 resource
2026-04-03 11:29:31,313 [Worker-78: Building] WARN  o.e.m.c.i.embedder.EclipseLogger - Using platform encoding (MS949 actually) to copy filtered resources, i.e. build is platform dependent!
2026-04-03 11:29:31,313 [Worker-78: Building] INFO  o.e.m.c.i.embedder.EclipseLogger - Copying 0 resource
2026-04-03 11:29:31,313 [Worker-78: Building] WARN  o.e.m.c.i.embedder.EclipseLogger - Using platform encoding (MS949 actually) to copy filtered resources, i.e. build is platform dependent!
2026-04-03 11:29:31,313 [Worker-78: Building] INFO  o.e.m.c.i.embedder.EclipseLogger - Copying 0 resource
2026-04-03 11:29:41,045 [Worker-82: Building] WARN  o.e.m.c.i.embedder.EclipseLogger - Using platform encoding (MS949 actually) to copy filtered resources, i.e. build is platform dependent!
2026-04-03 11:29:41,045 [Worker-82: Building] INFO  o.e.m.c.i.embedder.EclipseLogger - Copying 0 resource
2026-04-03 11:29:41,045 [Worker-82: Building] WARN  o.e.m.c.i.embedder.EclipseLogger - Using platform encoding (MS949 actually) to copy filtered resources, i.e. build is platform dependent!
2026-04-03 11:29:41,048 [Worker-82: Building] INFO  o.e.m.c.i.embedder.EclipseLogger - Copying 0 resource
2026-04-03 11:31:26,984 [Worker-83: Building] WARN  o.e.m.c.i.embedder.EclipseLogger - Using platform encoding (MS949 actually) to copy filtered resources, i.e. build is platform dependent!
2026-04-03 11:31:26,984 [Worker-83: Building] INFO  o.e.m.c.i.embedder.EclipseLogger - Copying 1 resource
2026-04-03 11:31:26,984 [Worker-83: Building] WARN  o.e.m.c.i.embedder.EclipseLogger - Using platform encoding (MS949 actually) to copy filtered resources, i.e. build is platform dependent!
2026-04-03 11:31:26,984 [Worker-83: Building] INFO  o.e.m.c.i.embedder.EclipseLogger - Copying 0 resource
2026-04-03 11:31:52,060 [Worker-83: Building] WARN  o.e.m.c.i.embedder.EclipseLogger - Using platform encoding (MS949 actually) to copy filtered resources, i.e. build is platform dependent!
2026-04-03 11:31:52,060 [Worker-83: Building] INFO  o.e.m.c.i.embedder.EclipseLogger - Copying 1 resource
2026-04-03 11:31:52,060 [Worker-83: Building] WARN  o.e.m.c.i.embedder.EclipseLogger - Using platform encoding (MS949 actually) to copy filtered resources, i.e. build is platform dependent!
2026-04-03 11:31:52,060 [Worker-83: Building] INFO  o.e.m.c.i.embedder.EclipseLogger - Copying 0 resource
2026-04-03 11:32:53,671 [Worker-82: Building] WARN  o.e.m.c.i.embedder.EclipseLogger - Using platform encoding (MS949 actually) to copy filtered resources, i.e. build is platform dependent!
2026-04-03 11:32:53,673 [Worker-82: Building] INFO  o.e.m.c.i.embedder.EclipseLogger - Copying 0 resource
2026-04-03 11:32:53,675 [Worker-82: Building] WARN  o.e.m.c.i.embedder.EclipseLogger - Using platform encoding (MS949 actually) to copy filtered resources, i.e. build is platform dependent!
2026-04-03 11:32:53,675 [Worker-82: Building] INFO  o.e.m.c.i.embedder.EclipseLogger - Copying 0 resource
2026-04-03 11:33:04,315 [Worker-82: Building] WARN  o.e.m.c.i.embedder.EclipseLogger - Using platform encoding (MS949 actually) to copy filtered resources, i.e. build is platform dependent!
2026-04-03 11:33:04,315 [Worker-82: Building] INFO  o.e.m.c.i.embedder.EclipseLogger - Copying 0 resource
2026-04-03 11:33:04,317 [Worker-82: Building] WARN  o.e.m.c.i.embedder.EclipseLogger - Using platform encoding (MS949 actually) to copy filtered resources, i.e. build is platform dependent!
2026-04-03 11:33:04,317 [Worker-82: Building] INFO  o.e.m.c.i.embedder.EclipseLogger - Copying 0 resource
2026-04-03 11:33:13,829 [Worker-84: Building] WARN  o.e.m.c.i.embedder.EclipseLogger - Using platform encoding (MS949 actually) to copy filtered resources, i.e. build is platform dependent!
2026-04-03 11:33:13,829 [Worker-84: Building] INFO  o.e.m.c.i.embedder.EclipseLogger - Copying 0 resource
2026-04-03 11:33:13,842 [Worker-84: Building] WARN  o.e.m.c.i.embedder.EclipseLogger - Using platform encoding (MS949 actually) to copy filtered resources, i.e. build is platform dependent!
2026-04-03 11:33:13,842 [Worker-84: Building] INFO  o.e.m.c.i.embedder.EclipseLogger - Copying 0 resource
2026-04-03 11:33:28,205 [Worker-84: Building] WARN  o.e.m.c.i.embedder.EclipseLogger - Using platform encoding (MS949 actually) to copy filtered resources, i.e. build is platform dependent!
2026-04-03 11:33:28,205 [Worker-84: Building] INFO  o.e.m.c.i.embedder.EclipseLogger - Copying 0 resource
2026-04-03 11:33:28,207 [Worker-84: Building] WARN  o.e.m.c.i.embedder.EclipseLogger - Using platform encoding (MS949 actually) to copy filtered resources, i.e. build is platform dependent!
2026-04-03 11:33:28,207 [Worker-84: Building] INFO  o.e.m.c.i.embedder.EclipseLogger - Copying 0 resource
2026-04-03 11:33:36,992 [Worker-65: Building] WARN  o.e.m.c.i.embedder.EclipseLogger - Using platform encoding (MS949 actually) to copy filtered resources, i.e. build is platform dependent!
2026-04-03 11:33:36,992 [Worker-65: Building] INFO  o.e.m.c.i.embedder.EclipseLogger - Copying 0 resource
2026-04-03 11:33:36,992 [Worker-65: Building] WARN  o.e.m.c.i.embedder.EclipseLogger - Using platform encoding (MS949 actually) to copy filtered resources, i.e. build is platform dependent!
2026-04-03 11:33:36,992 [Worker-65: Building] INFO  o.e.m.c.i.embedder.EclipseLogger - Copying 0 resource
2026-04-03 11:33:39,585 [Worker-82: Building] WARN  o.e.m.c.i.embedder.EclipseLogger - Using platform encoding (MS949 actually) to copy filtered resources, i.e. build is platform dependent!
2026-04-03 11:33:39,585 [Worker-82: Building] INFO  o.e.m.c.i.embedder.EclipseLogger - Copying 0 resource
2026-04-03 11:33:39,585 [Worker-82: Building] WARN  o.e.m.c.i.embedder.EclipseLogger - Using platform encoding (MS949 actually) to copy filtered resources, i.e. build is platform dependent!
2026-04-03 11:33:39,585 [Worker-82: Building] INFO  o.e.m.c.i.embedder.EclipseLogger - Copying 0 resource
2026-04-03 11:36:23,468 [Worker-81: Building] WARN  o.e.m.c.i.embedder.EclipseLogger - Using platform encoding (MS949 actually) to copy filtered resources, i.e. build is platform dependent!
2026-04-03 11:36:23,468 [Worker-81: Building] INFO  o.e.m.c.i.embedder.EclipseLogger - Copying 1 resource
2026-04-03 11:36:23,468 [Worker-81: Building] WARN  o.e.m.c.i.embedder.EclipseLogger - Using platform encoding (MS949 actually) to copy filtered resources, i.e. build is platform dependent!
2026-04-03 11:36:23,468 [Worker-81: Building] INFO  o.e.m.c.i.embedder.EclipseLogger - Copying 0 resource
2026-04-03 11:36:32,428 [Worker-84: Building] WARN  o.e.m.c.i.embedder.EclipseLogger - Using platform encoding (MS949 actually) to copy filtered resources, i.e. build is platform dependent!
2026-04-03 11:36:32,433 [Worker-84: Building] INFO  o.e.m.c.i.embedder.EclipseLogger - Copying 1 resource
2026-04-03 11:36:32,433 [Worker-84: Building] WARN  o.e.m.c.i.embedder.EclipseLogger - Using platform encoding (MS949 actually) to copy filtered resources, i.e. build is platform dependent!
2026-04-03 11:36:32,433 [Worker-84: Building] INFO  o.e.m.c.i.embedder.EclipseLogger - Copying 0 resource
2026-04-03 11:39:27,370 [Worker-88: Building] WARN  o.e.m.c.i.embedder.EclipseLogger - Using platform encoding (MS949 actually) to copy filtered resources, i.e. build is platform dependent!
2026-04-03 11:39:27,370 [Worker-88: Building] INFO  o.e.m.c.i.embedder.EclipseLogger - Copying 1 resource
2026-04-03 11:39:27,379 [Worker-88: Building] WARN  o.e.m.c.i.embedder.EclipseLogger - Using platform encoding (MS949 actually) to copy filtered resources, i.e. build is platform dependent!
2026-04-03 11:39:27,379 [Worker-88: Building] INFO  o.e.m.c.i.embedder.EclipseLogger - Copying 0 resource
2026-04-03 11:39:48,132 [Worker-88: Building] WARN  o.e.m.c.i.embedder.EclipseLogger - Using platform encoding (MS949 actually) to copy filtered resources, i.e. build is platform dependent!
2026-04-03 11:39:48,134 [Worker-88: Building] INFO  o.e.m.c.i.embedder.EclipseLogger - Copying 0 resource
2026-04-03 11:39:48,134 [Worker-88: Building] WARN  o.e.m.c.i.embedder.EclipseLogger - Using platform encoding (MS949 actually) to copy filtered resources, i.e. build is platform dependent!
2026-04-03 11:39:48,134 [Worker-88: Building] INFO  o.e.m.c.i.embedder.EclipseLogger - Copying 0 resource
2026-04-03 11:40:02,918 [Worker-89: Building] WARN  o.e.m.c.i.embedder.EclipseLogger - Using platform encoding (MS949 actually) to copy filtered resources, i.e. build is platform dependent!
2026-04-03 11:40:02,918 [Worker-89: Building] INFO  o.e.m.c.i.embedder.EclipseLogger - Copying 1 resource
2026-04-03 11:40:02,918 [Worker-89: Building] WARN  o.e.m.c.i.embedder.EclipseLogger - Using platform encoding (MS949 actually) to copy filtered resources, i.e. build is platform dependent!
2026-04-03 11:40:02,918 [Worker-89: Building] INFO  o.e.m.c.i.embedder.EclipseLogger - Copying 0 resource
2026-04-03 11:40:08,441 [Worker-87: Building] WARN  o.e.m.c.i.embedder.EclipseLogger - Using platform encoding (MS949 actually) to copy filtered resources, i.e. build is platform dependent!
2026-04-03 11:40:08,441 [Worker-87: Building] INFO  o.e.m.c.i.embedder.EclipseLogger - Copying 1 resource
2026-04-03 11:40:08,441 [Worker-87: Building] WARN  o.e.m.c.i.embedder.EclipseLogger - Using platform encoding (MS949 actually) to copy filtered resources, i.e. build is platform dependent!
2026-04-03 11:40:08,441 [Worker-87: Building] INFO  o.e.m.c.i.embedder.EclipseLogger - Copying 0 resource
2026-04-03 11:40:43,015 [Worker-88: Building] WARN  o.e.m.c.i.embedder.EclipseLogger - Using platform encoding (MS949 actually) to copy filtered resources, i.e. build is platform dependent!
2026-04-03 11:40:43,015 [Worker-88: Building] INFO  o.e.m.c.i.embedder.EclipseLogger - Copying 1 resource
2026-04-03 11:40:43,015 [Worker-88: Building] WARN  o.e.m.c.i.embedder.EclipseLogger - Using platform encoding (MS949 actually) to copy filtered resources, i.e. build is platform dependent!
2026-04-03 11:40:43,015 [Worker-88: Building] INFO  o.e.m.c.i.embedder.EclipseLogger - Copying 0 resource
2026-04-03 11:40:45,173 [Worker-91: Building] WARN  o.e.m.c.i.embedder.EclipseLogger - Using platform encoding (MS949 actually) to copy filtered resources, i.e. build is platform dependent!
2026-04-03 11:40:45,173 [Worker-91: Building] INFO  o.e.m.c.i.embedder.EclipseLogger - Copying 1 resource
2026-04-03 11:40:45,173 [Worker-91: Building] WARN  o.e.m.c.i.embedder.EclipseLogger - Using platform encoding (MS949 actually) to copy filtered resources, i.e. build is platform dependent!
2026-04-03 11:40:45,173 [Worker-91: Building] INFO  o.e.m.c.i.embedder.EclipseLogger - Copying 0 resource
2026-04-03 11:40:47,923 [Worker-89: Building] WARN  o.e.m.c.i.embedder.EclipseLogger - Using platform encoding (MS949 actually) to copy filtered resources, i.e. build is platform dependent!
2026-04-03 11:40:47,923 [Worker-89: Building] INFO  o.e.m.c.i.embedder.EclipseLogger - Copying 1 resource
2026-04-03 11:40:47,923 [Worker-89: Building] WARN  o.e.m.c.i.embedder.EclipseLogger - Using platform encoding (MS949 actually) to copy filtered resources, i.e. build is platform dependent!
2026-04-03 11:40:47,925 [Worker-89: Building] INFO  o.e.m.c.i.embedder.EclipseLogger - Copying 0 resource
2026-04-03 11:45:29,580 [Worker-94: Building] WARN  o.e.m.c.i.embedder.EclipseLogger - Using platform encoding (MS949 actually) to copy filtered resources, i.e. build is platform dependent!
2026-04-03 11:45:29,583 [Worker-94: Building] INFO  o.e.m.c.i.embedder.EclipseLogger - Copying 1 resource
2026-04-03 11:45:29,583 [Worker-94: Building] WARN  o.e.m.c.i.embedder.EclipseLogger - Using platform encoding (MS949 actually) to copy filtered resources, i.e. build is platform dependent!
2026-04-03 11:45:29,583 [Worker-94: Building] INFO  o.e.m.c.i.embedder.EclipseLogger - Copying 0 resource
2026-04-03 11:45:45,204 [Worker-87: Building] WARN  o.e.m.c.i.embedder.EclipseLogger - Using platform encoding (MS949 actually) to copy filtered resources, i.e. build is platform dependent!
2026-04-03 11:45:45,204 [Worker-87: Building] INFO  o.e.m.c.i.embedder.EclipseLogger - Copying 0 resource
2026-04-03 11:45:45,204 [Worker-87: Building] WARN  o.e.m.c.i.embedder.EclipseLogger - Using platform encoding (MS949 actually) to copy filtered resources, i.e. build is platform dependent!
2026-04-03 11:45:45,212 [Worker-87: Building] INFO  o.e.m.c.i.embedder.EclipseLogger - Copying 0 resource
2026-04-03 11:45:58,067 [Worker-94: Building] WARN  o.e.m.c.i.embedder.EclipseLogger - Using platform encoding (MS949 actually) to copy filtered resources, i.e. build is platform dependent!
2026-04-03 11:45:58,067 [Worker-94: Building] INFO  o.e.m.c.i.embedder.EclipseLogger - Copying 0 resource
2026-04-03 11:45:58,067 [Worker-94: Building] WARN  o.e.m.c.i.embedder.EclipseLogger - Using platform encoding (MS949 actually) to copy filtered resources, i.e. build is platform dependent!
2026-04-03 11:45:58,067 [Worker-94: Building] INFO  o.e.m.c.i.embedder.EclipseLogger - Copying 0 resource
2026-04-03 11:47:10,782 [Worker-87: Building] WARN  o.e.m.c.i.embedder.EclipseLogger - Using platform encoding (MS949 actually) to copy filtered resources, i.e. build is platform dependent!
2026-04-03 11:47:10,782 [Worker-87: Building] INFO  o.e.m.c.i.embedder.EclipseLogger - Copying 1 resource
2026-04-03 11:47:10,782 [Worker-87: Building] WARN  o.e.m.c.i.embedder.EclipseLogger - Using platform encoding (MS949 actually) to copy filtered resources, i.e. build is platform dependent!
2026-04-03 11:47:10,782 [Worker-87: Building] INFO  o.e.m.c.i.embedder.EclipseLogger - Copying 0 resource
2026-04-03 11:47:23,026 [Worker-89: Building] WARN  o.e.m.c.i.embedder.EclipseLogger - Using platform encoding (MS949 actually) to copy filtered resources, i.e. build is platform dependent!
2026-04-03 11:47:23,026 [Worker-89: Building] INFO  o.e.m.c.i.embedder.EclipseLogger - Copying 1 resource
2026-04-03 11:47:23,026 [Worker-89: Building] WARN  o.e.m.c.i.embedder.EclipseLogger - Using platform encoding (MS949 actually) to copy filtered resources, i.e. build is platform dependent!
2026-04-03 11:47:23,026 [Worker-89: Building] INFO  o.e.m.c.i.embedder.EclipseLogger - Copying 0 resource
2026-04-03 11:47:42,973 [Worker-91: Building] WARN  o.e.m.c.i.embedder.EclipseLogger - Using platform encoding (MS949 actually) to copy filtered resources, i.e. build is platform dependent!
2026-04-03 11:47:42,973 [Worker-91: Building] INFO  o.e.m.c.i.embedder.EclipseLogger - Copying 1 resource
2026-04-03 11:47:42,973 [Worker-91: Building] WARN  o.e.m.c.i.embedder.EclipseLogger - Using platform encoding (MS949 actually) to copy filtered resources, i.e. build is platform dependent!
2026-04-03 11:47:42,973 [Worker-91: Building] INFO  o.e.m.c.i.embedder.EclipseLogger - Copying 0 resource
2026-04-03 11:47:51,227 [Worker-97: Building] WARN  o.e.m.c.i.embedder.EclipseLogger - Using platform encoding (MS949 actually) to copy filtered resources, i.e. build is platform dependent!
2026-04-03 11:47:51,227 [Worker-97: Building] INFO  o.e.m.c.i.embedder.EclipseLogger - Copying 1 resource
2026-04-03 11:47:51,227 [Worker-97: Building] WARN  o.e.m.c.i.embedder.EclipseLogger - Using platform encoding (MS949 actually) to copy filtered resources, i.e. build is platform dependent!
2026-04-03 11:47:51,227 [Worker-97: Building] INFO  o.e.m.c.i.embedder.EclipseLogger - Copying 0 resource
2026-04-03 11:47:55,317 [Worker-92: Building] WARN  o.e.m.c.i.embedder.EclipseLogger - Using platform encoding (MS949 actually) to copy filtered resources, i.e. build is platform dependent!
2026-04-03 11:47:55,317 [Worker-92: Building] INFO  o.e.m.c.i.embedder.EclipseLogger - Copying 1 resource
2026-04-03 11:47:55,318 [Worker-92: Building] WARN  o.e.m.c.i.embedder.EclipseLogger - Using platform encoding (MS949 actually) to copy filtered resources, i.e. build is platform dependent!
2026-04-03 11:47:55,319 [Worker-92: Building] INFO  o.e.m.c.i.embedder.EclipseLogger - Copying 0 resource
2026-04-03 11:48:13,254 [Worker-80: Building] WARN  o.e.m.c.i.embedder.EclipseLogger - Using platform encoding (MS949 actually) to copy filtered resources, i.e. build is platform dependent!
2026-04-03 11:48:13,254 [Worker-80: Building] INFO  o.e.m.c.i.embedder.EclipseLogger - Copying 0 resource
2026-04-03 11:48:13,257 [Worker-80: Building] WARN  o.e.m.c.i.embedder.EclipseLogger - Using platform encoding (MS949 actually) to copy filtered resources, i.e. build is platform dependent!
2026-04-03 11:48:13,257 [Worker-80: Building] INFO  o.e.m.c.i.embedder.EclipseLogger - Copying 0 resource
2026-04-03 11:48:30,787 [Worker-95: Building] WARN  o.e.m.c.i.embedder.EclipseLogger - Using platform encoding (MS949 actually) to copy filtered resources, i.e. build is platform dependent!
2026-04-03 11:48:30,787 [Worker-95: Building] INFO  o.e.m.c.i.embedder.EclipseLogger - Copying 1 resource
2026-04-03 11:48:30,789 [Worker-95: Building] WARN  o.e.m.c.i.embedder.EclipseLogger - Using platform encoding (MS949 actually) to copy filtered resources, i.e. build is platform dependent!
2026-04-03 11:48:30,789 [Worker-95: Building] INFO  o.e.m.c.i.embedder.EclipseLogger - Copying 0 resource
2026-04-03 11:48:33,824 [Worker-89: Building] WARN  o.e.m.c.i.embedder.EclipseLogger - Using platform encoding (MS949 actually) to copy filtered resources, i.e. build is platform dependent!
2026-04-03 11:48:33,824 [Worker-89: Building] INFO  o.e.m.c.i.embedder.EclipseLogger - Copying 1 resource
2026-04-03 11:48:33,824 [Worker-89: Building] WARN  o.e.m.c.i.embedder.EclipseLogger - Using platform encoding (MS949 actually) to copy filtered resources, i.e. build is platform dependent!
2026-04-03 11:48:33,824 [Worker-89: Building] INFO  o.e.m.c.i.embedder.EclipseLogger - Copying 0 resource
2026-04-03 11:48:36,660 [Worker-95: Building] WARN  o.e.m.c.i.embedder.EclipseLogger - Using platform encoding (MS949 actually) to copy filtered resources, i.e. build is platform dependent!
2026-04-03 11:48:36,660 [Worker-95: Building] INFO  o.e.m.c.i.embedder.EclipseLogger - Copying 1 resource
2026-04-03 11:48:36,660 [Worker-95: Building] WARN  o.e.m.c.i.embedder.EclipseLogger - Using platform encoding (MS949 actually) to copy filtered resources, i.e. build is platform dependent!
2026-04-03 11:48:36,660 [Worker-95: Building] INFO  o.e.m.c.i.embedder.EclipseLogger - Copying 0 resource
2026-04-03 11:49:37,184 [Worker-94: Building] WARN  o.e.m.c.i.embedder.EclipseLogger - Using platform encoding (MS949 actually) to copy filtered resources, i.e. build is platform dependent!
2026-04-03 11:49:37,184 [Worker-94: Building] INFO  o.e.m.c.i.embedder.EclipseLogger - Copying 1 resource
2026-04-03 11:49:37,184 [Worker-94: Building] WARN  o.e.m.c.i.embedder.EclipseLogger - Using platform encoding (MS949 actually) to copy filtered resources, i.e. build is platform dependent!
2026-04-03 11:49:37,184 [Worker-94: Building] INFO  o.e.m.c.i.embedder.EclipseLogger - Copying 0 resource
2026-04-03 11:49:42,170 [Worker-94: Building] WARN  o.e.m.c.i.embedder.EclipseLogger - Using platform encoding (MS949 actually) to copy filtered resources, i.e. build is platform dependent!
2026-04-03 11:49:42,175 [Worker-94: Building] INFO  o.e.m.c.i.embedder.EclipseLogger - Copying 1 resource
2026-04-03 11:49:42,175 [Worker-94: Building] WARN  o.e.m.c.i.embedder.EclipseLogger - Using platform encoding (MS949 actually) to copy filtered resources, i.e. build is platform dependent!
2026-04-03 11:49:42,175 [Worker-94: Building] INFO  o.e.m.c.i.embedder.EclipseLogger - Copying 0 resource
2026-04-03 11:49:43,501 [Worker-94: Building] WARN  o.e.m.c.i.embedder.EclipseLogger - Using platform encoding (MS949 actually) to copy filtered resources, i.e. build is platform dependent!
2026-04-03 11:49:43,501 [Worker-94: Building] INFO  o.e.m.c.i.embedder.EclipseLogger - Copying 1 resource
2026-04-03 11:49:43,503 [Worker-94: Building] WARN  o.e.m.c.i.embedder.EclipseLogger - Using platform encoding (MS949 actually) to copy filtered resources, i.e. build is platform dependent!
2026-04-03 11:49:43,503 [Worker-94: Building] INFO  o.e.m.c.i.embedder.EclipseLogger - Copying 0 resource
2026-04-03 12:05:07,824 [Worker-103: Building] WARN  o.e.m.c.i.embedder.EclipseLogger - Using platform encoding (MS949 actually) to copy filtered resources, i.e. build is platform dependent!
2026-04-03 12:05:07,831 [Worker-103: Building] INFO  o.e.m.c.i.embedder.EclipseLogger - Copying 1 resource
2026-04-03 12:05:07,831 [Worker-103: Building] WARN  o.e.m.c.i.embedder.EclipseLogger - Using platform encoding (MS949 actually) to copy filtered resources, i.e. build is platform dependent!
2026-04-03 12:05:07,831 [Worker-103: Building] INFO  o.e.m.c.i.embedder.EclipseLogger - Copying 0 resource
2026-04-03 12:05:27,583 [Worker-102: Building] WARN  o.e.m.c.i.embedder.EclipseLogger - Using platform encoding (MS949 actually) to copy filtered resources, i.e. build is platform dependent!
2026-04-03 12:05:27,593 [Worker-102: Building] INFO  o.e.m.c.i.embedder.EclipseLogger - Copying 1 resource
2026-04-03 12:05:27,593 [Worker-102: Building] WARN  o.e.m.c.i.embedder.EclipseLogger - Using platform encoding (MS949 actually) to copy filtered resources, i.e. build is platform dependent!
2026-04-03 12:05:27,593 [Worker-102: Building] INFO  o.e.m.c.i.embedder.EclipseLogger - Copying 0 resource
2026-04-03 12:05:29,664 [Worker-107: Building] WARN  o.e.m.c.i.embedder.EclipseLogger - Using platform encoding (MS949 actually) to copy filtered resources, i.e. build is platform dependent!
2026-04-03 12:05:29,664 [Worker-107: Building] INFO  o.e.m.c.i.embedder.EclipseLogger - Copying 1 resource
2026-04-03 12:05:29,664 [Worker-107: Building] WARN  o.e.m.c.i.embedder.EclipseLogger - Using platform encoding (MS949 actually) to copy filtered resources, i.e. build is platform dependent!
2026-04-03 12:05:29,664 [Worker-107: Building] INFO  o.e.m.c.i.embedder.EclipseLogger - Copying 0 resource
2026-04-03 12:05:43,874 [Worker-107: Building] WARN  o.e.m.c.i.embedder.EclipseLogger - Using platform encoding (MS949 actually) to copy filtered resources, i.e. build is platform dependent!
2026-04-03 12:05:43,874 [Worker-107: Building] INFO  o.e.m.c.i.embedder.EclipseLogger - Copying 1 resource
2026-04-03 12:05:43,874 [Worker-107: Building] WARN  o.e.m.c.i.embedder.EclipseLogger - Using platform encoding (MS949 actually) to copy filtered resources, i.e. build is platform dependent!
2026-04-03 12:05:43,877 [Worker-107: Building] INFO  o.e.m.c.i.embedder.EclipseLogger - Copying 0 resource
2026-04-03 12:05:45,903 [Worker-105: Building] WARN  o.e.m.c.i.embedder.EclipseLogger - Using platform encoding (MS949 actually) to copy filtered resources, i.e. build is platform dependent!
2026-04-03 12:05:45,903 [Worker-105: Building] INFO  o.e.m.c.i.embedder.EclipseLogger - Copying 1 resource
2026-04-03 12:05:45,903 [Worker-105: Building] WARN  o.e.m.c.i.embedder.EclipseLogger - Using platform encoding (MS949 actually) to copy filtered resources, i.e. build is platform dependent!
2026-04-03 12:05:45,903 [Worker-105: Building] INFO  o.e.m.c.i.embedder.EclipseLogger - Copying 0 resource
2026-04-03 12:06:28,935 [Worker-108: Building] WARN  o.e.m.c.i.embedder.EclipseLogger - Using platform encoding (MS949 actually) to copy filtered resources, i.e. build is platform dependent!
2026-04-03 12:06:28,935 [Worker-108: Building] INFO  o.e.m.c.i.embedder.EclipseLogger - Copying 0 resource
2026-04-03 12:06:28,935 [Worker-108: Building] WARN  o.e.m.c.i.embedder.EclipseLogger - Using platform encoding (MS949 actually) to copy filtered resources, i.e. build is platform dependent!
2026-04-03 12:06:28,938 [Worker-108: Building] INFO  o.e.m.c.i.embedder.EclipseLogger - Copying 0 resource
2026-04-03 12:07:09,481 [Worker-104: Building] WARN  o.e.m.c.i.embedder.EclipseLogger - Using platform encoding (MS949 actually) to copy filtered resources, i.e. build is platform dependent!
2026-04-03 12:07:09,481 [Worker-104: Building] INFO  o.e.m.c.i.embedder.EclipseLogger - Copying 0 resource
2026-04-03 12:07:09,482 [Worker-104: Building] WARN  o.e.m.c.i.embedder.EclipseLogger - Using platform encoding (MS949 actually) to copy filtered resources, i.e. build is platform dependent!
2026-04-03 12:07:09,483 [Worker-104: Building] INFO  o.e.m.c.i.embedder.EclipseLogger - Copying 0 resource
2026-04-03 12:07:17,080 [Worker-105: Building] WARN  o.e.m.c.i.embedder.EclipseLogger - Using platform encoding (MS949 actually) to copy filtered resources, i.e. build is platform dependent!
2026-04-03 12:07:17,080 [Worker-105: Building] INFO  o.e.m.c.i.embedder.EclipseLogger - Copying 0 resource
2026-04-03 12:07:17,080 [Worker-105: Building] WARN  o.e.m.c.i.embedder.EclipseLogger - Using platform encoding (MS949 actually) to copy filtered resources, i.e. build is platform dependent!
2026-04-03 12:07:17,080 [Worker-105: Building] INFO  o.e.m.c.i.embedder.EclipseLogger - Copying 0 resource
2026-04-03 12:08:27,126 [Worker-109: Building] WARN  o.e.m.c.i.embedder.EclipseLogger - Using platform encoding (MS949 actually) to copy filtered resources, i.e. build is platform dependent!
2026-04-03 12:08:27,126 [Worker-109: Building] INFO  o.e.m.c.i.embedder.EclipseLogger - Copying 1 resource
2026-04-03 12:08:27,130 [Worker-109: Building] WARN  o.e.m.c.i.embedder.EclipseLogger - Using platform encoding (MS949 actually) to copy filtered resources, i.e. build is platform dependent!
2026-04-03 12:08:27,130 [Worker-109: Building] INFO  o.e.m.c.i.embedder.EclipseLogger - Copying 0 resource
2026-04-03 12:08:42,890 [Worker-107: Building] WARN  o.e.m.c.i.embedder.EclipseLogger - Using platform encoding (MS949 actually) to copy filtered resources, i.e. build is platform dependent!
2026-04-03 12:08:42,890 [Worker-107: Building] INFO  o.e.m.c.i.embedder.EclipseLogger - Copying 1 resource
2026-04-03 12:08:42,890 [Worker-107: Building] WARN  o.e.m.c.i.embedder.EclipseLogger - Using platform encoding (MS949 actually) to copy filtered resources, i.e. build is platform dependent!
2026-04-03 12:08:42,897 [Worker-107: Building] INFO  o.e.m.c.i.embedder.EclipseLogger - Copying 0 resource
2026-04-03 12:08:46,135 [Worker-104: Building] WARN  o.e.m.c.i.embedder.EclipseLogger - Using platform encoding (MS949 actually) to copy filtered resources, i.e. build is platform dependent!
2026-04-03 12:08:46,135 [Worker-104: Building] INFO  o.e.m.c.i.embedder.EclipseLogger - Copying 1 resource
2026-04-03 12:08:46,135 [Worker-104: Building] WARN  o.e.m.c.i.embedder.EclipseLogger - Using platform encoding (MS949 actually) to copy filtered resources, i.e. build is platform dependent!
2026-04-03 12:08:46,135 [Worker-104: Building] INFO  o.e.m.c.i.embedder.EclipseLogger - Copying 0 resource
2026-04-03 12:09:09,963 [Worker-105: Building] WARN  o.e.m.c.i.embedder.EclipseLogger - Using platform encoding (MS949 actually) to copy filtered resources, i.e. build is platform dependent!
2026-04-03 12:09:09,963 [Worker-105: Building] INFO  o.e.m.c.i.embedder.EclipseLogger - Copying 1 resource
2026-04-03 12:09:09,965 [Worker-105: Building] WARN  o.e.m.c.i.embedder.EclipseLogger - Using platform encoding (MS949 actually) to copy filtered resources, i.e. build is platform dependent!
2026-04-03 12:09:09,965 [Worker-105: Building] INFO  o.e.m.c.i.embedder.EclipseLogger - Copying 0 resource
2026-04-03 12:09:11,115 [Worker-100: Building] WARN  o.e.m.c.i.embedder.EclipseLogger - Using platform encoding (MS949 actually) to copy filtered resources, i.e. build is platform dependent!
2026-04-03 12:09:11,115 [Worker-100: Building] INFO  o.e.m.c.i.embedder.EclipseLogger - Copying 1 resource
2026-04-03 12:09:11,115 [Worker-100: Building] WARN  o.e.m.c.i.embedder.EclipseLogger - Using platform encoding (MS949 actually) to copy filtered resources, i.e. build is platform dependent!
2026-04-03 12:09:11,115 [Worker-100: Building] INFO  o.e.m.c.i.embedder.EclipseLogger - Copying 0 resource
2026-04-03 12:09:16,669 [Worker-102: Building] WARN  o.e.m.c.i.embedder.EclipseLogger - Using platform encoding (MS949 actually) to copy filtered resources, i.e. build is platform dependent!
2026-04-03 12:09:16,669 [Worker-102: Building] INFO  o.e.m.c.i.embedder.EclipseLogger - Copying 1 resource
2026-04-03 12:09:16,669 [Worker-102: Building] WARN  o.e.m.c.i.embedder.EclipseLogger - Using platform encoding (MS949 actually) to copy filtered resources, i.e. build is platform dependent!
2026-04-03 12:09:16,669 [Worker-102: Building] INFO  o.e.m.c.i.embedder.EclipseLogger - Copying 0 resource
2026-04-03 12:09:17,806 [Worker-110: Building] WARN  o.e.m.c.i.embedder.EclipseLogger - Using platform encoding (MS949 actually) to copy filtered resources, i.e. build is platform dependent!
2026-04-03 12:09:17,806 [Worker-110: Building] INFO  o.e.m.c.i.embedder.EclipseLogger - Copying 1 resource
2026-04-03 12:09:17,806 [Worker-110: Building] WARN  o.e.m.c.i.embedder.EclipseLogger - Using platform encoding (MS949 actually) to copy filtered resources, i.e. build is platform dependent!
2026-04-03 12:09:17,806 [Worker-110: Building] INFO  o.e.m.c.i.embedder.EclipseLogger - Copying 0 resource
2026-04-03 12:09:57,874 [Worker-107: Building] WARN  o.e.m.c.i.embedder.EclipseLogger - Using platform encoding (MS949 actually) to copy filtered resources, i.e. build is platform dependent!
2026-04-03 12:09:57,874 [Worker-107: Building] INFO  o.e.m.c.i.embedder.EclipseLogger - Copying 0 resource
2026-04-03 12:09:57,874 [Worker-107: Building] WARN  o.e.m.c.i.embedder.EclipseLogger - Using platform encoding (MS949 actually) to copy filtered resources, i.e. build is platform dependent!
2026-04-03 12:09:57,874 [Worker-107: Building] INFO  o.e.m.c.i.embedder.EclipseLogger - Copying 0 resource
2026-04-03 12:10:09,390 [Worker-105: Building] WARN  o.e.m.c.i.embedder.EclipseLogger - Using platform encoding (MS949 actually) to copy filtered resources, i.e. build is platform dependent!
2026-04-03 12:10:09,390 [Worker-105: Building] INFO  o.e.m.c.i.embedder.EclipseLogger - Copying 1 resource
2026-04-03 12:10:09,390 [Worker-105: Building] WARN  o.e.m.c.i.embedder.EclipseLogger - Using platform encoding (MS949 actually) to copy filtered resources, i.e. build is platform dependent!
2026-04-03 12:10:09,390 [Worker-105: Building] INFO  o.e.m.c.i.embedder.EclipseLogger - Copying 0 resource
2026-04-03 12:11:54,217 [Worker-110: Building] WARN  o.e.m.c.i.embedder.EclipseLogger - Using platform encoding (MS949 actually) to copy filtered resources, i.e. build is platform dependent!
2026-04-03 12:11:54,217 [Worker-110: Building] INFO  o.e.m.c.i.embedder.EclipseLogger - Copying 1 resource
2026-04-03 12:11:54,217 [Worker-110: Building] WARN  o.e.m.c.i.embedder.EclipseLogger - Using platform encoding (MS949 actually) to copy filtered resources, i.e. build is platform dependent!
2026-04-03 12:11:54,217 [Worker-110: Building] INFO  o.e.m.c.i.embedder.EclipseLogger - Copying 0 resource
2026-04-03 12:11:55,538 [Worker-107: Building] WARN  o.e.m.c.i.embedder.EclipseLogger - Using platform encoding (MS949 actually) to copy filtered resources, i.e. build is platform dependent!
2026-04-03 12:11:55,538 [Worker-107: Building] INFO  o.e.m.c.i.embedder.EclipseLogger - Copying 0 resource
2026-04-03 12:11:55,538 [Worker-107: Building] WARN  o.e.m.c.i.embedder.EclipseLogger - Using platform encoding (MS949 actually) to copy filtered resources, i.e. build is platform dependent!
2026-04-03 12:11:55,538 [Worker-107: Building] INFO  o.e.m.c.i.embedder.EclipseLogger - Copying 0 resource
2026-04-03 12:12:41,109 [Worker-110: Building] WARN  o.e.m.c.i.embedder.EclipseLogger - Using platform encoding (MS949 actually) to copy filtered resources, i.e. build is platform dependent!
2026-04-03 12:12:41,109 [Worker-110: Building] INFO  o.e.m.c.i.embedder.EclipseLogger - Copying 0 resource
2026-04-03 12:12:41,109 [Worker-110: Building] WARN  o.e.m.c.i.embedder.EclipseLogger - Using platform encoding (MS949 actually) to copy filtered resources, i.e. build is platform dependent!
2026-04-03 12:12:41,111 [Worker-110: Building] INFO  o.e.m.c.i.embedder.EclipseLogger - Copying 0 resource
2026-04-03 12:15:05,944 [Worker-107: Building] WARN  o.e.m.c.i.embedder.EclipseLogger - Using platform encoding (MS949 actually) to copy filtered resources, i.e. build is platform dependent!
2026-04-03 12:15:05,944 [Worker-107: Building] INFO  o.e.m.c.i.embedder.EclipseLogger - Copying 1 resource
2026-04-03 12:15:05,944 [Worker-107: Building] WARN  o.e.m.c.i.embedder.EclipseLogger - Using platform encoding (MS949 actually) to copy filtered resources, i.e. build is platform dependent!
2026-04-03 12:15:05,944 [Worker-107: Building] INFO  o.e.m.c.i.embedder.EclipseLogger - Copying 0 resource
2026-04-03 12:15:25,141 [Worker-107: Building] WARN  o.e.m.c.i.embedder.EclipseLogger - Using platform encoding (MS949 actually) to copy filtered resources, i.e. build is platform dependent!
2026-04-03 12:15:25,141 [Worker-107: Building] INFO  o.e.m.c.i.embedder.EclipseLogger - Copying 1 resource
2026-04-03 12:15:25,145 [Worker-107: Building] WARN  o.e.m.c.i.embedder.EclipseLogger - Using platform encoding (MS949 actually) to copy filtered resources, i.e. build is platform dependent!
2026-04-03 12:15:25,145 [Worker-107: Building] INFO  o.e.m.c.i.embedder.EclipseLogger - Copying 0 resource
2026-04-03 12:15:32,879 [Worker-107: Building] WARN  o.e.m.c.i.embedder.EclipseLogger - Using platform encoding (MS949 actually) to copy filtered resources, i.e. build is platform dependent!
2026-04-03 12:15:32,881 [Worker-107: Building] INFO  o.e.m.c.i.embedder.EclipseLogger - Copying 1 resource
2026-04-03 12:15:32,881 [Worker-107: Building] WARN  o.e.m.c.i.embedder.EclipseLogger - Using platform encoding (MS949 actually) to copy filtered resources, i.e. build is platform dependent!
2026-04-03 12:15:32,881 [Worker-107: Building] INFO  o.e.m.c.i.embedder.EclipseLogger - Copying 0 resource
2026-04-03 12:16:42,804 [Worker-112: Building] WARN  o.e.m.c.i.embedder.EclipseLogger - Using platform encoding (MS949 actually) to copy filtered resources, i.e. build is platform dependent!
2026-04-03 12:16:42,804 [Worker-112: Building] INFO  o.e.m.c.i.embedder.EclipseLogger - Copying 1 resource
2026-04-03 12:16:42,806 [Worker-112: Building] WARN  o.e.m.c.i.embedder.EclipseLogger - Using platform encoding (MS949 actually) to copy filtered resources, i.e. build is platform dependent!
2026-04-03 12:16:42,806 [Worker-112: Building] INFO  o.e.m.c.i.embedder.EclipseLogger - Copying 0 resource
2026-04-03 12:16:43,882 [Worker-119: Building] WARN  o.e.m.c.i.embedder.EclipseLogger - Using platform encoding (MS949 actually) to copy filtered resources, i.e. build is platform dependent!
2026-04-03 12:16:43,882 [Worker-119: Building] INFO  o.e.m.c.i.embedder.EclipseLogger - Copying 1 resource
2026-04-03 12:16:43,882 [Worker-119: Building] WARN  o.e.m.c.i.embedder.EclipseLogger - Using platform encoding (MS949 actually) to copy filtered resources, i.e. build is platform dependent!
2026-04-03 12:16:43,882 [Worker-119: Building] INFO  o.e.m.c.i.embedder.EclipseLogger - Copying 0 resource
2026-04-03 12:16:50,039 [Worker-107: Building] WARN  o.e.m.c.i.embedder.EclipseLogger - Using platform encoding (MS949 actually) to copy filtered resources, i.e. build is platform dependent!
2026-04-03 12:16:50,039 [Worker-107: Building] INFO  o.e.m.c.i.embedder.EclipseLogger - Copying 1 resource
2026-04-03 12:16:50,039 [Worker-107: Building] WARN  o.e.m.c.i.embedder.EclipseLogger - Using platform encoding (MS949 actually) to copy filtered resources, i.e. build is platform dependent!
2026-04-03 12:16:50,049 [Worker-107: Building] INFO  o.e.m.c.i.embedder.EclipseLogger - Copying 0 resource
2026-04-03 12:16:55,291 [Worker-112: Building] WARN  o.e.m.c.i.embedder.EclipseLogger - Using platform encoding (MS949 actually) to copy filtered resources, i.e. build is platform dependent!
2026-04-03 12:16:55,291 [Worker-112: Building] INFO  o.e.m.c.i.embedder.EclipseLogger - Copying 1 resource
2026-04-03 12:16:55,291 [Worker-112: Building] WARN  o.e.m.c.i.embedder.EclipseLogger - Using platform encoding (MS949 actually) to copy filtered resources, i.e. build is platform dependent!
2026-04-03 12:16:55,291 [Worker-112: Building] INFO  o.e.m.c.i.embedder.EclipseLogger - Copying 0 resource
2026-04-03 12:17:04,608 [Worker-121: Building] WARN  o.e.m.c.i.embedder.EclipseLogger - Using platform encoding (MS949 actually) to copy filtered resources, i.e. build is platform dependent!
2026-04-03 12:17:04,608 [Worker-121: Building] INFO  o.e.m.c.i.embedder.EclipseLogger - Copying 1 resource
2026-04-03 12:17:04,608 [Worker-121: Building] WARN  o.e.m.c.i.embedder.EclipseLogger - Using platform encoding (MS949 actually) to copy filtered resources, i.e. build is platform dependent!
2026-04-03 12:17:04,608 [Worker-121: Building] INFO  o.e.m.c.i.embedder.EclipseLogger - Copying 0 resource
2026-04-03 12:18:53,587 [Worker-107: Building] WARN  o.e.m.c.i.embedder.EclipseLogger - Using platform encoding (MS949 actually) to copy filtered resources, i.e. build is platform dependent!
2026-04-03 12:18:53,587 [Worker-107: Building] INFO  o.e.m.c.i.embedder.EclipseLogger - Copying 1 resource
2026-04-03 12:18:53,587 [Worker-107: Building] WARN  o.e.m.c.i.embedder.EclipseLogger - Using platform encoding (MS949 actually) to copy filtered resources, i.e. build is platform dependent!
2026-04-03 12:18:53,587 [Worker-107: Building] INFO  o.e.m.c.i.embedder.EclipseLogger - Copying 0 resource
2026-04-03 12:20:31,548 [Worker-119: Building] WARN  o.e.m.c.i.embedder.EclipseLogger - Using platform encoding (MS949 actually) to copy filtered resources, i.e. build is platform dependent!
2026-04-03 12:20:31,548 [Worker-119: Building] INFO  o.e.m.c.i.embedder.EclipseLogger - Copying 1 resource
2026-04-03 12:20:31,548 [Worker-119: Building] WARN  o.e.m.c.i.embedder.EclipseLogger - Using platform encoding (MS949 actually) to copy filtered resources, i.e. build is platform dependent!
2026-04-03 12:20:31,548 [Worker-119: Building] INFO  o.e.m.c.i.embedder.EclipseLogger - Copying 0 resource
2026-04-03 12:20:35,095 [Worker-107: Building] WARN  o.e.m.c.i.embedder.EclipseLogger - Using platform encoding (MS949 actually) to copy filtered resources, i.e. build is platform dependent!
2026-04-03 12:20:35,095 [Worker-107: Building] INFO  o.e.m.c.i.embedder.EclipseLogger - Copying 1 resource
2026-04-03 12:20:35,103 [Worker-107: Building] WARN  o.e.m.c.i.embedder.EclipseLogger - Using platform encoding (MS949 actually) to copy filtered resources, i.e. build is platform dependent!
2026-04-03 12:20:35,103 [Worker-107: Building] INFO  o.e.m.c.i.embedder.EclipseLogger - Copying 0 resource
2026-04-03 12:20:47,516 [Worker-129: Building] WARN  o.e.m.c.i.embedder.EclipseLogger - Using platform encoding (MS949 actually) to copy filtered resources, i.e. build is platform dependent!
2026-04-03 12:20:47,516 [Worker-129: Building] INFO  o.e.m.c.i.embedder.EclipseLogger - Copying 1 resource
2026-04-03 12:20:47,516 [Worker-129: Building] WARN  o.e.m.c.i.embedder.EclipseLogger - Using platform encoding (MS949 actually) to copy filtered resources, i.e. build is platform dependent!
2026-04-03 12:20:47,516 [Worker-129: Building] INFO  o.e.m.c.i.embedder.EclipseLogger - Copying 0 resource
2026-04-03 12:20:57,958 [Worker-129: Building] WARN  o.e.m.c.i.embedder.EclipseLogger - Using platform encoding (MS949 actually) to copy filtered resources, i.e. build is platform dependent!
2026-04-03 12:20:57,958 [Worker-129: Building] INFO  o.e.m.c.i.embedder.EclipseLogger - Copying 1 resource
2026-04-03 12:20:57,958 [Worker-129: Building] WARN  o.e.m.c.i.embedder.EclipseLogger - Using platform encoding (MS949 actually) to copy filtered resources, i.e. build is platform dependent!
2026-04-03 12:20:57,958 [Worker-129: Building] INFO  o.e.m.c.i.embedder.EclipseLogger - Copying 0 resource
2026-04-03 12:21:03,164 [Worker-122: Building] WARN  o.e.m.c.i.embedder.EclipseLogger - Using platform encoding (MS949 actually) to copy filtered resources, i.e. build is platform dependent!
2026-04-03 12:21:03,164 [Worker-122: Building] INFO  o.e.m.c.i.embedder.EclipseLogger - Copying 1 resource
2026-04-03 12:21:03,165 [Worker-122: Building] WARN  o.e.m.c.i.embedder.EclipseLogger - Using platform encoding (MS949 actually) to copy filtered resources, i.e. build is platform dependent!
2026-04-03 12:21:03,165 [Worker-122: Building] INFO  o.e.m.c.i.embedder.EclipseLogger - Copying 0 resource
2026-04-03 12:21:11,881 [Worker-128: Building] WARN  o.e.m.c.i.embedder.EclipseLogger - Using platform encoding (MS949 actually) to copy filtered resources, i.e. build is platform dependent!
2026-04-03 12:21:11,881 [Worker-128: Building] INFO  o.e.m.c.i.embedder.EclipseLogger - Copying 1 resource
2026-04-03 12:21:11,881 [Worker-128: Building] WARN  o.e.m.c.i.embedder.EclipseLogger - Using platform encoding (MS949 actually) to copy filtered resources, i.e. build is platform dependent!
2026-04-03 12:21:11,883 [Worker-128: Building] INFO  o.e.m.c.i.embedder.EclipseLogger - Copying 0 resource
2026-04-03 12:23:22,350 [Worker-107: Building] WARN  o.e.m.c.i.embedder.EclipseLogger - Using platform encoding (MS949 actually) to copy filtered resources, i.e. build is platform dependent!
2026-04-03 12:23:22,351 [Worker-107: Building] INFO  o.e.m.c.i.embedder.EclipseLogger - Copying 1 resource
2026-04-03 12:23:22,351 [Worker-107: Building] WARN  o.e.m.c.i.embedder.EclipseLogger - Using platform encoding (MS949 actually) to copy filtered resources, i.e. build is platform dependent!
2026-04-03 12:23:22,351 [Worker-107: Building] INFO  o.e.m.c.i.embedder.EclipseLogger - Copying 0 resource
2026-04-03 12:24:04,080 [Worker-129: Building] WARN  o.e.m.c.i.embedder.EclipseLogger - Using platform encoding (MS949 actually) to copy filtered resources, i.e. build is platform dependent!
2026-04-03 12:24:04,080 [Worker-129: Building] INFO  o.e.m.c.i.embedder.EclipseLogger - Copying 1 resource
2026-04-03 12:24:04,080 [Worker-129: Building] WARN  o.e.m.c.i.embedder.EclipseLogger - Using platform encoding (MS949 actually) to copy filtered resources, i.e. build is platform dependent!
2026-04-03 12:24:04,080 [Worker-129: Building] INFO  o.e.m.c.i.embedder.EclipseLogger - Copying 0 resource
2026-04-03 12:25:27,375 [Worker-107: Building] WARN  o.e.m.c.i.embedder.EclipseLogger - Using platform encoding (MS949 actually) to copy filtered resources, i.e. build is platform dependent!
2026-04-03 12:25:27,375 [Worker-107: Building] INFO  o.e.m.c.i.embedder.EclipseLogger - Copying 1 resource
2026-04-03 12:25:27,375 [Worker-107: Building] WARN  o.e.m.c.i.embedder.EclipseLogger - Using platform encoding (MS949 actually) to copy filtered resources, i.e. build is platform dependent!
2026-04-03 12:25:27,377 [Worker-107: Building] INFO  o.e.m.c.i.embedder.EclipseLogger - Copying 0 resource
2026-04-03 12:26:59,517 [Worker-107: Building] WARN  o.e.m.c.i.embedder.EclipseLogger - Using platform encoding (MS949 actually) to copy filtered resources, i.e. build is platform dependent!
2026-04-03 12:26:59,517 [Worker-107: Building] INFO  o.e.m.c.i.embedder.EclipseLogger - Copying 0 resource
2026-04-03 12:26:59,517 [Worker-107: Building] WARN  o.e.m.c.i.embedder.EclipseLogger - Using platform encoding (MS949 actually) to copy filtered resources, i.e. build is platform dependent!
2026-04-03 12:26:59,517 [Worker-107: Building] INFO  o.e.m.c.i.embedder.EclipseLogger - Copying 0 resource
2026-04-03 12:27:01,547 [Worker-107: Building] WARN  o.e.m.c.i.embedder.EclipseLogger - Using platform encoding (MS949 actually) to copy filtered resources, i.e. build is platform dependent!
2026-04-03 12:27:01,547 [Worker-107: Building] INFO  o.e.m.c.i.embedder.EclipseLogger - Copying 0 resource
2026-04-03 12:27:01,547 [Worker-107: Building] WARN  o.e.m.c.i.embedder.EclipseLogger - Using platform encoding (MS949 actually) to copy filtered resources, i.e. build is platform dependent!
2026-04-03 12:27:01,547 [Worker-107: Building] INFO  o.e.m.c.i.embedder.EclipseLogger - Copying 0 resource
2026-04-03 12:27:10,769 [Worker-107: Building] WARN  o.e.m.c.i.embedder.EclipseLogger - Using platform encoding (MS949 actually) to copy filtered resources, i.e. build is platform dependent!
2026-04-03 12:27:10,774 [Worker-107: Building] INFO  o.e.m.c.i.embedder.EclipseLogger - Copying 0 resource
2026-04-03 12:27:10,774 [Worker-107: Building] WARN  o.e.m.c.i.embedder.EclipseLogger - Using platform encoding (MS949 actually) to copy filtered resources, i.e. build is platform dependent!
2026-04-03 12:27:10,774 [Worker-107: Building] INFO  o.e.m.c.i.embedder.EclipseLogger - Copying 0 resource
2026-04-03 12:27:13,113 [Worker-107: Building] WARN  o.e.m.c.i.embedder.EclipseLogger - Using platform encoding (MS949 actually) to copy filtered resources, i.e. build is platform dependent!
2026-04-03 12:27:13,113 [Worker-107: Building] INFO  o.e.m.c.i.embedder.EclipseLogger - Copying 0 resource
2026-04-03 12:27:13,113 [Worker-107: Building] WARN  o.e.m.c.i.embedder.EclipseLogger - Using platform encoding (MS949 actually) to copy filtered resources, i.e. build is platform dependent!
2026-04-03 12:27:13,113 [Worker-107: Building] INFO  o.e.m.c.i.embedder.EclipseLogger - Copying 0 resource
2026-04-03 12:27:19,707 [Worker-107: Building] WARN  o.e.m.c.i.embedder.EclipseLogger - Using platform encoding (MS949 actually) to copy filtered resources, i.e. build is platform dependent!
2026-04-03 12:27:19,707 [Worker-107: Building] INFO  o.e.m.c.i.embedder.EclipseLogger - Copying 0 resource
2026-04-03 12:27:19,707 [Worker-107: Building] WARN  o.e.m.c.i.embedder.EclipseLogger - Using platform encoding (MS949 actually) to copy filtered resources, i.e. build is platform dependent!
2026-04-03 12:27:19,707 [Worker-107: Building] INFO  o.e.m.c.i.embedder.EclipseLogger - Copying 0 resource
2026-04-03 12:27:28,035 [Worker-137: Building] WARN  o.e.m.c.i.embedder.EclipseLogger - Using platform encoding (MS949 actually) to copy filtered resources, i.e. build is platform dependent!
2026-04-03 12:27:28,038 [Worker-137: Building] INFO  o.e.m.c.i.embedder.EclipseLogger - Copying 0 resource
2026-04-03 12:27:28,038 [Worker-137: Building] WARN  o.e.m.c.i.embedder.EclipseLogger - Using platform encoding (MS949 actually) to copy filtered resources, i.e. build is platform dependent!
2026-04-03 12:27:28,038 [Worker-137: Building] INFO  o.e.m.c.i.embedder.EclipseLogger - Copying 0 resource
2026-04-03 12:27:30,065 [Worker-136: Building] WARN  o.e.m.c.i.embedder.EclipseLogger - Using platform encoding (MS949 actually) to copy filtered resources, i.e. build is platform dependent!
2026-04-03 12:27:30,065 [Worker-136: Building] INFO  o.e.m.c.i.embedder.EclipseLogger - Copying 0 resource
2026-04-03 12:27:30,067 [Worker-136: Building] WARN  o.e.m.c.i.embedder.EclipseLogger - Using platform encoding (MS949 actually) to copy filtered resources, i.e. build is platform dependent!
2026-04-03 12:27:30,067 [Worker-136: Building] INFO  o.e.m.c.i.embedder.EclipseLogger - Copying 0 resource
2026-04-03 12:29:07,524 [Worker-137: Building] WARN  o.e.m.c.i.embedder.EclipseLogger - Using platform encoding (MS949 actually) to copy filtered resources, i.e. build is platform dependent!
2026-04-03 12:29:07,524 [Worker-137: Building] INFO  o.e.m.c.i.embedder.EclipseLogger - Copying 1 resource
2026-04-03 12:29:07,524 [Worker-137: Building] WARN  o.e.m.c.i.embedder.EclipseLogger - Using platform encoding (MS949 actually) to copy filtered resources, i.e. build is platform dependent!
2026-04-03 12:29:07,524 [Worker-137: Building] INFO  o.e.m.c.i.embedder.EclipseLogger - Copying 0 resource
2026-04-03 12:29:29,692 [Worker-141: Building] WARN  o.e.m.c.i.embedder.EclipseLogger - Using platform encoding (MS949 actually) to copy filtered resources, i.e. build is platform dependent!
2026-04-03 12:29:29,692 [Worker-141: Building] INFO  o.e.m.c.i.embedder.EclipseLogger - Copying 1 resource
2026-04-03 12:29:29,708 [Worker-141: Building] WARN  o.e.m.c.i.embedder.EclipseLogger - Using platform encoding (MS949 actually) to copy filtered resources, i.e. build is platform dependent!
2026-04-03 12:29:29,708 [Worker-141: Building] INFO  o.e.m.c.i.embedder.EclipseLogger - Copying 0 resource
2026-04-03 12:31:21,475 [Worker-137: Building] WARN  o.e.m.c.i.embedder.EclipseLogger - Using platform encoding (MS949 actually) to copy filtered resources, i.e. build is platform dependent!
2026-04-03 12:31:21,475 [Worker-137: Building] INFO  o.e.m.c.i.embedder.EclipseLogger - Copying 1 resource
2026-04-03 12:31:21,475 [Worker-137: Building] WARN  o.e.m.c.i.embedder.EclipseLogger - Using platform encoding (MS949 actually) to copy filtered resources, i.e. build is platform dependent!
2026-04-03 12:31:21,475 [Worker-137: Building] INFO  o.e.m.c.i.embedder.EclipseLogger - Copying 0 resource
2026-04-03 12:31:33,382 [Worker-137: Building] WARN  o.e.m.c.i.embedder.EclipseLogger - Using platform encoding (MS949 actually) to copy filtered resources, i.e. build is platform dependent!
2026-04-03 12:31:33,382 [Worker-137: Building] INFO  o.e.m.c.i.embedder.EclipseLogger - Copying 1 resource
2026-04-03 12:31:33,384 [Worker-137: Building] WARN  o.e.m.c.i.embedder.EclipseLogger - Using platform encoding (MS949 actually) to copy filtered resources, i.e. build is platform dependent!
2026-04-03 12:31:33,384 [Worker-137: Building] INFO  o.e.m.c.i.embedder.EclipseLogger - Copying 0 resource
2026-04-03 12:31:43,882 [Worker-135: Building] WARN  o.e.m.c.i.embedder.EclipseLogger - Using platform encoding (MS949 actually) to copy filtered resources, i.e. build is platform dependent!
2026-04-03 12:31:43,884 [Worker-135: Building] INFO  o.e.m.c.i.embedder.EclipseLogger - Copying 1 resource
2026-04-03 12:31:43,884 [Worker-135: Building] WARN  o.e.m.c.i.embedder.EclipseLogger - Using platform encoding (MS949 actually) to copy filtered resources, i.e. build is platform dependent!
2026-04-03 12:31:43,885 [Worker-135: Building] INFO  o.e.m.c.i.embedder.EclipseLogger - Copying 0 resource
2026-04-03 12:31:54,929 [Worker-139: Building] WARN  o.e.m.c.i.embedder.EclipseLogger - Using platform encoding (MS949 actually) to copy filtered resources, i.e. build is platform dependent!
2026-04-03 12:31:54,929 [Worker-139: Building] INFO  o.e.m.c.i.embedder.EclipseLogger - Copying 0 resource
2026-04-03 12:31:54,929 [Worker-139: Building] WARN  o.e.m.c.i.embedder.EclipseLogger - Using platform encoding (MS949 actually) to copy filtered resources, i.e. build is platform dependent!
2026-04-03 12:31:54,941 [Worker-139: Building] INFO  o.e.m.c.i.embedder.EclipseLogger - Copying 0 resource
2026-04-03 12:32:03,169 [Worker-142: Building] WARN  o.e.m.c.i.embedder.EclipseLogger - Using platform encoding (MS949 actually) to copy filtered resources, i.e. build is platform dependent!
2026-04-03 12:32:03,169 [Worker-142: Building] INFO  o.e.m.c.i.embedder.EclipseLogger - Copying 0 resource
2026-04-03 12:32:03,169 [Worker-142: Building] WARN  o.e.m.c.i.embedder.EclipseLogger - Using platform encoding (MS949 actually) to copy filtered resources, i.e. build is platform dependent!
2026-04-03 12:32:03,169 [Worker-142: Building] INFO  o.e.m.c.i.embedder.EclipseLogger - Copying 0 resource
2026-04-03 12:32:10,317 [Worker-137: Building] WARN  o.e.m.c.i.embedder.EclipseLogger - Using platform encoding (MS949 actually) to copy filtered resources, i.e. build is platform dependent!
2026-04-03 12:32:10,317 [Worker-137: Building] INFO  o.e.m.c.i.embedder.EclipseLogger - Copying 0 resource
2026-04-03 12:32:10,317 [Worker-137: Building] WARN  o.e.m.c.i.embedder.EclipseLogger - Using platform encoding (MS949 actually) to copy filtered resources, i.e. build is platform dependent!
2026-04-03 12:32:10,317 [Worker-137: Building] INFO  o.e.m.c.i.embedder.EclipseLogger - Copying 0 resource
2026-04-03 12:34:01,872 [Worker-145: Building] WARN  o.e.m.c.i.embedder.EclipseLogger - Using platform encoding (MS949 actually) to copy filtered resources, i.e. build is platform dependent!
2026-04-03 12:34:01,872 [Worker-145: Building] INFO  o.e.m.c.i.embedder.EclipseLogger - Copying 1 resource
2026-04-03 12:34:01,872 [Worker-145: Building] WARN  o.e.m.c.i.embedder.EclipseLogger - Using platform encoding (MS949 actually) to copy filtered resources, i.e. build is platform dependent!
2026-04-03 12:34:01,872 [Worker-145: Building] INFO  o.e.m.c.i.embedder.EclipseLogger - Copying 0 resource
2026-04-03 12:34:03,091 [Worker-145: Building] WARN  o.e.m.c.i.embedder.EclipseLogger - Using platform encoding (MS949 actually) to copy filtered resources, i.e. build is platform dependent!
2026-04-03 12:34:03,091 [Worker-145: Building] INFO  o.e.m.c.i.embedder.EclipseLogger - Copying 0 resource
2026-04-03 12:34:03,091 [Worker-145: Building] WARN  o.e.m.c.i.embedder.EclipseLogger - Using platform encoding (MS949 actually) to copy filtered resources, i.e. build is platform dependent!
2026-04-03 12:34:03,091 [Worker-145: Building] INFO  o.e.m.c.i.embedder.EclipseLogger - Copying 0 resource
2026-04-03 12:35:45,558 [Worker-146: Building] WARN  o.e.m.c.i.embedder.EclipseLogger - Using platform encoding (MS949 actually) to copy filtered resources, i.e. build is platform dependent!
2026-04-03 12:35:45,558 [Worker-146: Building] INFO  o.e.m.c.i.embedder.EclipseLogger - Copying 1 resource
2026-04-03 12:35:45,558 [Worker-146: Building] WARN  o.e.m.c.i.embedder.EclipseLogger - Using platform encoding (MS949 actually) to copy filtered resources, i.e. build is platform dependent!
2026-04-03 12:35:45,558 [Worker-146: Building] INFO  o.e.m.c.i.embedder.EclipseLogger - Copying 0 resource
2026-04-03 12:36:04,325 [Worker-146: Building] WARN  o.e.m.c.i.embedder.EclipseLogger - Using platform encoding (MS949 actually) to copy filtered resources, i.e. build is platform dependent!
2026-04-03 12:36:04,325 [Worker-146: Building] INFO  o.e.m.c.i.embedder.EclipseLogger - Copying 1 resource
2026-04-03 12:36:04,328 [Worker-146: Building] WARN  o.e.m.c.i.embedder.EclipseLogger - Using platform encoding (MS949 actually) to copy filtered resources, i.e. build is platform dependent!
2026-04-03 12:36:04,328 [Worker-146: Building] INFO  o.e.m.c.i.embedder.EclipseLogger - Copying 0 resource
2026-04-03 12:36:11,930 [Worker-147: Building] WARN  o.e.m.c.i.embedder.EclipseLogger - Using platform encoding (MS949 actually) to copy filtered resources, i.e. build is platform dependent!
2026-04-03 12:36:11,930 [Worker-147: Building] INFO  o.e.m.c.i.embedder.EclipseLogger - Copying 1 resource
2026-04-03 12:36:11,930 [Worker-147: Building] WARN  o.e.m.c.i.embedder.EclipseLogger - Using platform encoding (MS949 actually) to copy filtered resources, i.e. build is platform dependent!
2026-04-03 12:36:11,930 [Worker-147: Building] INFO  o.e.m.c.i.embedder.EclipseLogger - Copying 0 resource
2026-04-03 12:36:23,473 [Worker-144: Building] WARN  o.e.m.c.i.embedder.EclipseLogger - Using platform encoding (MS949 actually) to copy filtered resources, i.e. build is platform dependent!
2026-04-03 12:36:23,473 [Worker-144: Building] INFO  o.e.m.c.i.embedder.EclipseLogger - Copying 1 resource
2026-04-03 12:36:23,476 [Worker-144: Building] WARN  o.e.m.c.i.embedder.EclipseLogger - Using platform encoding (MS949 actually) to copy filtered resources, i.e. build is platform dependent!
2026-04-03 12:36:23,476 [Worker-144: Building] INFO  o.e.m.c.i.embedder.EclipseLogger - Copying 0 resource
2026-04-03 12:36:30,922 [Worker-137: Building] WARN  o.e.m.c.i.embedder.EclipseLogger - Using platform encoding (MS949 actually) to copy filtered resources, i.e. build is platform dependent!
2026-04-03 12:36:30,922 [Worker-137: Building] INFO  o.e.m.c.i.embedder.EclipseLogger - Copying 1 resource
2026-04-03 12:36:30,922 [Worker-137: Building] WARN  o.e.m.c.i.embedder.EclipseLogger - Using platform encoding (MS949 actually) to copy filtered resources, i.e. build is platform dependent!
2026-04-03 12:36:30,922 [Worker-137: Building] INFO  o.e.m.c.i.embedder.EclipseLogger - Copying 0 resource
2026-04-03 12:36:37,851 [Worker-144: Building] WARN  o.e.m.c.i.embedder.EclipseLogger - Using platform encoding (MS949 actually) to copy filtered resources, i.e. build is platform dependent!
2026-04-03 12:36:37,853 [Worker-144: Building] INFO  o.e.m.c.i.embedder.EclipseLogger - Copying 1 resource
2026-04-03 12:36:37,853 [Worker-144: Building] WARN  o.e.m.c.i.embedder.EclipseLogger - Using platform encoding (MS949 actually) to copy filtered resources, i.e. build is platform dependent!
2026-04-03 12:36:37,853 [Worker-144: Building] INFO  o.e.m.c.i.embedder.EclipseLogger - Copying 0 resource
2026-04-03 12:36:57,100 [Worker-144: Building] WARN  o.e.m.c.i.embedder.EclipseLogger - Using platform encoding (MS949 actually) to copy filtered resources, i.e. build is platform dependent!
2026-04-03 12:36:57,100 [Worker-144: Building] INFO  o.e.m.c.i.embedder.EclipseLogger - Copying 1 resource
2026-04-03 12:36:57,100 [Worker-144: Building] WARN  o.e.m.c.i.embedder.EclipseLogger - Using platform encoding (MS949 actually) to copy filtered resources, i.e. build is platform dependent!
2026-04-03 12:36:57,100 [Worker-144: Building] INFO  o.e.m.c.i.embedder.EclipseLogger - Copying 0 resource
2026-04-03 12:38:46,999 [Worker-149: Building] WARN  o.e.m.c.i.embedder.EclipseLogger - Using platform encoding (MS949 actually) to copy filtered resources, i.e. build is platform dependent!
2026-04-03 12:38:46,999 [Worker-149: Building] INFO  o.e.m.c.i.embedder.EclipseLogger - Copying 1 resource
2026-04-03 12:38:46,999 [Worker-149: Building] WARN  o.e.m.c.i.embedder.EclipseLogger - Using platform encoding (MS949 actually) to copy filtered resources, i.e. build is platform dependent!
2026-04-03 12:38:46,999 [Worker-149: Building] INFO  o.e.m.c.i.embedder.EclipseLogger - Copying 0 resource
2026-04-03 12:38:58,329 [Worker-150: Building] WARN  o.e.m.c.i.embedder.EclipseLogger - Using platform encoding (MS949 actually) to copy filtered resources, i.e. build is platform dependent!
2026-04-03 12:38:58,329 [Worker-150: Building] INFO  o.e.m.c.i.embedder.EclipseLogger - Copying 0 resource
2026-04-03 12:38:58,329 [Worker-150: Building] WARN  o.e.m.c.i.embedder.EclipseLogger - Using platform encoding (MS949 actually) to copy filtered resources, i.e. build is platform dependent!
2026-04-03 12:38:58,329 [Worker-150: Building] INFO  o.e.m.c.i.embedder.EclipseLogger - Copying 0 resource
2026-04-03 12:39:27,994 [Worker-137: Building] WARN  o.e.m.c.i.embedder.EclipseLogger - Using platform encoding (MS949 actually) to copy filtered resources, i.e. build is platform dependent!
2026-04-03 12:39:27,996 [Worker-137: Building] INFO  o.e.m.c.i.embedder.EclipseLogger - Copying 0 resource
2026-04-03 12:39:27,996 [Worker-137: Building] WARN  o.e.m.c.i.embedder.EclipseLogger - Using platform encoding (MS949 actually) to copy filtered resources, i.e. build is platform dependent!
2026-04-03 12:39:27,996 [Worker-137: Building] INFO  o.e.m.c.i.embedder.EclipseLogger - Copying 0 resource
2026-04-03 12:39:34,465 [Worker-144: Building] WARN  o.e.m.c.i.embedder.EclipseLogger - Using platform encoding (MS949 actually) to copy filtered resources, i.e. build is platform dependent!
2026-04-03 12:39:34,465 [Worker-144: Building] INFO  o.e.m.c.i.embedder.EclipseLogger - Copying 0 resource
2026-04-03 12:39:34,465 [Worker-144: Building] WARN  o.e.m.c.i.embedder.EclipseLogger - Using platform encoding (MS949 actually) to copy filtered resources, i.e. build is platform dependent!
2026-04-03 12:39:34,465 [Worker-144: Building] INFO  o.e.m.c.i.embedder.EclipseLogger - Copying 0 resource
2026-04-03 12:39:38,849 [Worker-137: Building] WARN  o.e.m.c.i.embedder.EclipseLogger - Using platform encoding (MS949 actually) to copy filtered resources, i.e. build is platform dependent!
2026-04-03 12:39:38,849 [Worker-137: Building] INFO  o.e.m.c.i.embedder.EclipseLogger - Copying 0 resource
2026-04-03 12:39:38,849 [Worker-137: Building] WARN  o.e.m.c.i.embedder.EclipseLogger - Using platform encoding (MS949 actually) to copy filtered resources, i.e. build is platform dependent!
2026-04-03 12:39:38,849 [Worker-137: Building] INFO  o.e.m.c.i.embedder.EclipseLogger - Copying 0 resource
2026-04-03 12:39:53,232 [Worker-150: Building] WARN  o.e.m.c.i.embedder.EclipseLogger - Using platform encoding (MS949 actually) to copy filtered resources, i.e. build is platform dependent!
2026-04-03 12:39:53,232 [Worker-150: Building] INFO  o.e.m.c.i.embedder.EclipseLogger - Copying 0 resource
2026-04-03 12:39:53,236 [Worker-150: Building] WARN  o.e.m.c.i.embedder.EclipseLogger - Using platform encoding (MS949 actually) to copy filtered resources, i.e. build is platform dependent!
2026-04-03 12:39:53,236 [Worker-150: Building] INFO  o.e.m.c.i.embedder.EclipseLogger - Copying 0 resource
2026-04-03 12:39:57,144 [Worker-144: Building] WARN  o.e.m.c.i.embedder.EclipseLogger - Using platform encoding (MS949 actually) to copy filtered resources, i.e. build is platform dependent!
2026-04-03 12:39:57,144 [Worker-144: Building] INFO  o.e.m.c.i.embedder.EclipseLogger - Copying 0 resource
2026-04-03 12:39:57,144 [Worker-144: Building] WARN  o.e.m.c.i.embedder.EclipseLogger - Using platform encoding (MS949 actually) to copy filtered resources, i.e. build is platform dependent!
2026-04-03 12:39:57,144 [Worker-144: Building] INFO  o.e.m.c.i.embedder.EclipseLogger - Copying 0 resource
2026-04-03 12:40:19,238 [Worker-151: Building] WARN  o.e.m.c.i.embedder.EclipseLogger - Using platform encoding (MS949 actually) to copy filtered resources, i.e. build is platform dependent!
2026-04-03 12:40:19,238 [Worker-151: Building] INFO  o.e.m.c.i.embedder.EclipseLogger - Copying 1 resource
2026-04-03 12:40:19,254 [Worker-151: Building] WARN  o.e.m.c.i.embedder.EclipseLogger - Using platform encoding (MS949 actually) to copy filtered resources, i.e. build is platform dependent!
2026-04-03 12:40:19,254 [Worker-151: Building] INFO  o.e.m.c.i.embedder.EclipseLogger - Copying 0 resource
2026-04-03 12:40:56,291 [Worker-153: Building] WARN  o.e.m.c.i.embedder.EclipseLogger - Using platform encoding (MS949 actually) to copy filtered resources, i.e. build is platform dependent!
2026-04-03 12:40:56,291 [Worker-153: Building] INFO  o.e.m.c.i.embedder.EclipseLogger - Copying 0 resource
2026-04-03 12:40:56,291 [Worker-153: Building] WARN  o.e.m.c.i.embedder.EclipseLogger - Using platform encoding (MS949 actually) to copy filtered resources, i.e. build is platform dependent!
2026-04-03 12:40:56,291 [Worker-153: Building] INFO  o.e.m.c.i.embedder.EclipseLogger - Copying 0 resource
2026-04-03 12:41:05,057 [Worker-137: Building] WARN  o.e.m.c.i.embedder.EclipseLogger - Using platform encoding (MS949 actually) to copy filtered resources, i.e. build is platform dependent!
2026-04-03 12:41:05,057 [Worker-137: Building] INFO  o.e.m.c.i.embedder.EclipseLogger - Copying 0 resource
2026-04-03 12:41:05,057 [Worker-137: Building] WARN  o.e.m.c.i.embedder.EclipseLogger - Using platform encoding (MS949 actually) to copy filtered resources, i.e. build is platform dependent!
2026-04-03 12:41:05,057 [Worker-137: Building] INFO  o.e.m.c.i.embedder.EclipseLogger - Copying 0 resource
2026-04-03 12:43:25,474 [Worker-156: Building] WARN  o.e.m.c.i.embedder.EclipseLogger - Using platform encoding (MS949 actually) to copy filtered resources, i.e. build is platform dependent!
2026-04-03 12:43:25,474 [Worker-156: Building] INFO  o.e.m.c.i.embedder.EclipseLogger - Copying 1 resource
2026-04-03 12:43:25,474 [Worker-156: Building] WARN  o.e.m.c.i.embedder.EclipseLogger - Using platform encoding (MS949 actually) to copy filtered resources, i.e. build is platform dependent!
2026-04-03 12:43:25,474 [Worker-156: Building] INFO  o.e.m.c.i.embedder.EclipseLogger - Copying 0 resource
2026-04-03 12:43:40,142 [Worker-157: Building] WARN  o.e.m.c.i.embedder.EclipseLogger - Using platform encoding (MS949 actually) to copy filtered resources, i.e. build is platform dependent!
2026-04-03 12:43:40,143 [Worker-157: Building] INFO  o.e.m.c.i.embedder.EclipseLogger - Copying 1 resource
2026-04-03 12:43:40,143 [Worker-157: Building] WARN  o.e.m.c.i.embedder.EclipseLogger - Using platform encoding (MS949 actually) to copy filtered resources, i.e. build is platform dependent!
2026-04-03 12:43:40,144 [Worker-157: Building] INFO  o.e.m.c.i.embedder.EclipseLogger - Copying 0 resource
2026-04-03 12:44:55,201 [Worker-137: Building] WARN  o.e.m.c.i.embedder.EclipseLogger - Using platform encoding (MS949 actually) to copy filtered resources, i.e. build is platform dependent!
2026-04-03 12:44:55,201 [Worker-137: Building] INFO  o.e.m.c.i.embedder.EclipseLogger - Copying 0 resource
2026-04-03 12:44:55,201 [Worker-137: Building] WARN  o.e.m.c.i.embedder.EclipseLogger - Using platform encoding (MS949 actually) to copy filtered resources, i.e. build is platform dependent!
2026-04-03 12:44:55,206 [Worker-137: Building] INFO  o.e.m.c.i.embedder.EclipseLogger - Copying 0 resource
2026-04-03 12:45:00,102 [Worker-137: Building] WARN  o.e.m.c.i.embedder.EclipseLogger - Using platform encoding (MS949 actually) to copy filtered resources, i.e. build is platform dependent!
2026-04-03 12:45:00,102 [Worker-137: Building] INFO  o.e.m.c.i.embedder.EclipseLogger - Copying 0 resource
2026-04-03 12:45:00,102 [Worker-137: Building] WARN  o.e.m.c.i.embedder.EclipseLogger - Using platform encoding (MS949 actually) to copy filtered resources, i.e. build is platform dependent!
2026-04-03 12:45:00,102 [Worker-137: Building] INFO  o.e.m.c.i.embedder.EclipseLogger - Copying 0 resource
2026-04-03 14:03:43,176 [Worker-181: Building] WARN  o.e.m.c.i.embedder.EclipseLogger - Using platform encoding (MS949 actually) to copy filtered resources, i.e. build is platform dependent!
2026-04-03 14:03:43,176 [Worker-181: Building] INFO  o.e.m.c.i.embedder.EclipseLogger - Copying 1 resource
2026-04-03 14:03:43,176 [Worker-181: Building] WARN  o.e.m.c.i.embedder.EclipseLogger - Using platform encoding (MS949 actually) to copy filtered resources, i.e. build is platform dependent!
2026-04-03 14:03:43,190 [Worker-181: Building] INFO  o.e.m.c.i.embedder.EclipseLogger - Copying 0 resource
2026-04-03 14:03:54,091 [Worker-182: Building] WARN  o.e.m.c.i.embedder.EclipseLogger - Using platform encoding (MS949 actually) to copy filtered resources, i.e. build is platform dependent!
2026-04-03 14:03:54,091 [Worker-182: Building] INFO  o.e.m.c.i.embedder.EclipseLogger - Copying 0 resource
2026-04-03 14:03:54,094 [Worker-182: Building] WARN  o.e.m.c.i.embedder.EclipseLogger - Using platform encoding (MS949 actually) to copy filtered resources, i.e. build is platform dependent!
2026-04-03 14:03:54,094 [Worker-182: Building] INFO  o.e.m.c.i.embedder.EclipseLogger - Copying 0 resource
2026-04-03 14:04:02,645 [Worker-183: Building] WARN  o.e.m.c.i.embedder.EclipseLogger - Using platform encoding (MS949 actually) to copy filtered resources, i.e. build is platform dependent!
2026-04-03 14:04:02,645 [Worker-183: Building] INFO  o.e.m.c.i.embedder.EclipseLogger - Copying 0 resource
2026-04-03 14:04:02,645 [Worker-183: Building] WARN  o.e.m.c.i.embedder.EclipseLogger - Using platform encoding (MS949 actually) to copy filtered resources, i.e. build is platform dependent!
2026-04-03 14:04:02,655 [Worker-183: Building] INFO  o.e.m.c.i.embedder.EclipseLogger - Copying 0 resource
2026-04-03 14:04:10,854 [Worker-174: Building] WARN  o.e.m.c.i.embedder.EclipseLogger - Using platform encoding (MS949 actually) to copy filtered resources, i.e. build is platform dependent!
2026-04-03 14:04:10,854 [Worker-174: Building] INFO  o.e.m.c.i.embedder.EclipseLogger - Copying 0 resource
2026-04-03 14:04:10,854 [Worker-174: Building] WARN  o.e.m.c.i.embedder.EclipseLogger - Using platform encoding (MS949 actually) to copy filtered resources, i.e. build is platform dependent!
2026-04-03 14:04:10,854 [Worker-174: Building] INFO  o.e.m.c.i.embedder.EclipseLogger - Copying 0 resource
2026-04-03 14:06:16,980 [Worker-174: Building] WARN  o.e.m.c.i.embedder.EclipseLogger - Using platform encoding (MS949 actually) to copy filtered resources, i.e. build is platform dependent!
2026-04-03 14:06:16,980 [Worker-174: Building] INFO  o.e.m.c.i.embedder.EclipseLogger - Copying 0 resource
2026-04-03 14:06:16,982 [Worker-174: Building] WARN  o.e.m.c.i.embedder.EclipseLogger - Using platform encoding (MS949 actually) to copy filtered resources, i.e. build is platform dependent!
2026-04-03 14:06:16,982 [Worker-174: Building] INFO  o.e.m.c.i.embedder.EclipseLogger - Copying 0 resource
2026-04-03 14:06:20,855 [Worker-174: Building] WARN  o.e.m.c.i.embedder.EclipseLogger - Using platform encoding (MS949 actually) to copy filtered resources, i.e. build is platform dependent!
2026-04-03 14:06:20,855 [Worker-174: Building] INFO  o.e.m.c.i.embedder.EclipseLogger - Copying 0 resource
2026-04-03 14:06:20,855 [Worker-174: Building] WARN  o.e.m.c.i.embedder.EclipseLogger - Using platform encoding (MS949 actually) to copy filtered resources, i.e. build is platform dependent!
2026-04-03 14:06:20,855 [Worker-174: Building] INFO  o.e.m.c.i.embedder.EclipseLogger - Copying 0 resource
2026-04-03 14:06:26,078 [Worker-174: Building] WARN  o.e.m.c.i.embedder.EclipseLogger - Using platform encoding (MS949 actually) to copy filtered resources, i.e. build is platform dependent!
2026-04-03 14:06:26,078 [Worker-174: Building] INFO  o.e.m.c.i.embedder.EclipseLogger - Copying 0 resource
2026-04-03 14:06:26,078 [Worker-174: Building] WARN  o.e.m.c.i.embedder.EclipseLogger - Using platform encoding (MS949 actually) to copy filtered resources, i.e. build is platform dependent!
2026-04-03 14:06:26,088 [Worker-174: Building] INFO  o.e.m.c.i.embedder.EclipseLogger - Copying 0 resource
2026-04-03 14:06:48,938 [Worker-174: Building] WARN  o.e.m.c.i.embedder.EclipseLogger - Using platform encoding (MS949 actually) to copy filtered resources, i.e. build is platform dependent!
2026-04-03 14:06:48,938 [Worker-174: Building] INFO  o.e.m.c.i.embedder.EclipseLogger - Copying 0 resource
2026-04-03 14:06:48,938 [Worker-174: Building] WARN  o.e.m.c.i.embedder.EclipseLogger - Using platform encoding (MS949 actually) to copy filtered resources, i.e. build is platform dependent!
2026-04-03 14:06:48,938 [Worker-174: Building] INFO  o.e.m.c.i.embedder.EclipseLogger - Copying 0 resource
2026-04-03 14:07:33,347 [Worker-186: Building] WARN  o.e.m.c.i.embedder.EclipseLogger - Using platform encoding (MS949 actually) to copy filtered resources, i.e. build is platform dependent!
2026-04-03 14:07:33,347 [Worker-186: Building] INFO  o.e.m.c.i.embedder.EclipseLogger - Copying 1 resource
2026-04-03 14:07:33,347 [Worker-186: Building] WARN  o.e.m.c.i.embedder.EclipseLogger - Using platform encoding (MS949 actually) to copy filtered resources, i.e. build is platform dependent!
2026-04-03 14:07:33,349 [Worker-186: Building] INFO  o.e.m.c.i.embedder.EclipseLogger - Copying 0 resource
2026-04-03 14:07:35,497 [Worker-174: Building] WARN  o.e.m.c.i.embedder.EclipseLogger - Using platform encoding (MS949 actually) to copy filtered resources, i.e. build is platform dependent!
2026-04-03 14:07:35,497 [Worker-174: Building] INFO  o.e.m.c.i.embedder.EclipseLogger - Copying 1 resource
2026-04-03 14:07:35,497 [Worker-174: Building] WARN  o.e.m.c.i.embedder.EclipseLogger - Using platform encoding (MS949 actually) to copy filtered resources, i.e. build is platform dependent!
2026-04-03 14:07:35,497 [Worker-174: Building] INFO  o.e.m.c.i.embedder.EclipseLogger - Copying 0 resource
2026-04-03 14:07:51,136 [Worker-174: Building] WARN  o.e.m.c.i.embedder.EclipseLogger - Using platform encoding (MS949 actually) to copy filtered resources, i.e. build is platform dependent!
2026-04-03 14:07:51,136 [Worker-174: Building] INFO  o.e.m.c.i.embedder.EclipseLogger - Copying 1 resource
2026-04-03 14:07:51,138 [Worker-174: Building] WARN  o.e.m.c.i.embedder.EclipseLogger - Using platform encoding (MS949 actually) to copy filtered resources, i.e. build is platform dependent!
2026-04-03 14:07:51,138 [Worker-174: Building] INFO  o.e.m.c.i.embedder.EclipseLogger - Copying 0 resource
2026-04-03 14:07:57,381 [Worker-187: Building] WARN  o.e.m.c.i.embedder.EclipseLogger - Using platform encoding (MS949 actually) to copy filtered resources, i.e. build is platform dependent!
2026-04-03 14:07:57,381 [Worker-187: Building] INFO  o.e.m.c.i.embedder.EclipseLogger - Copying 1 resource
2026-04-03 14:07:57,381 [Worker-187: Building] WARN  o.e.m.c.i.embedder.EclipseLogger - Using platform encoding (MS949 actually) to copy filtered resources, i.e. build is platform dependent!
2026-04-03 14:07:57,381 [Worker-187: Building] INFO  o.e.m.c.i.embedder.EclipseLogger - Copying 0 resource
2026-04-03 14:09:49,815 [Worker-188: Building] WARN  o.e.m.c.i.embedder.EclipseLogger - Using platform encoding (MS949 actually) to copy filtered resources, i.e. build is platform dependent!
2026-04-03 14:09:49,815 [Worker-188: Building] INFO  o.e.m.c.i.embedder.EclipseLogger - Copying 1 resource
2026-04-03 14:09:49,815 [Worker-188: Building] WARN  o.e.m.c.i.embedder.EclipseLogger - Using platform encoding (MS949 actually) to copy filtered resources, i.e. build is platform dependent!
2026-04-03 14:09:49,820 [Worker-188: Building] INFO  o.e.m.c.i.embedder.EclipseLogger - Copying 0 resource
2026-04-03 14:09:52,689 [Worker-188: Building] WARN  o.e.m.c.i.embedder.EclipseLogger - Using platform encoding (MS949 actually) to copy filtered resources, i.e. build is platform dependent!
2026-04-03 14:09:52,689 [Worker-188: Building] INFO  o.e.m.c.i.embedder.EclipseLogger - Copying 1 resource
2026-04-03 14:09:52,689 [Worker-188: Building] WARN  o.e.m.c.i.embedder.EclipseLogger - Using platform encoding (MS949 actually) to copy filtered resources, i.e. build is platform dependent!
2026-04-03 14:09:52,689 [Worker-188: Building] INFO  o.e.m.c.i.embedder.EclipseLogger - Copying 0 resource
2026-04-03 14:10:22,345 [Worker-96: Building] WARN  o.e.m.c.i.embedder.EclipseLogger - Using platform encoding (MS949 actually) to copy filtered resources, i.e. build is platform dependent!
2026-04-03 14:10:22,345 [Worker-96: Building] INFO  o.e.m.c.i.embedder.EclipseLogger - Copying 1 resource
2026-04-03 14:10:22,345 [Worker-96: Building] WARN  o.e.m.c.i.embedder.EclipseLogger - Using platform encoding (MS949 actually) to copy filtered resources, i.e. build is platform dependent!
2026-04-03 14:10:22,345 [Worker-96: Building] INFO  o.e.m.c.i.embedder.EclipseLogger - Copying 0 resource
2026-04-03 14:10:38,696 [Worker-191: Building] WARN  o.e.m.c.i.embedder.EclipseLogger - Using platform encoding (MS949 actually) to copy filtered resources, i.e. build is platform dependent!
2026-04-03 14:10:38,696 [Worker-191: Building] INFO  o.e.m.c.i.embedder.EclipseLogger - Copying 1 resource
2026-04-03 14:10:38,696 [Worker-191: Building] WARN  o.e.m.c.i.embedder.EclipseLogger - Using platform encoding (MS949 actually) to copy filtered resources, i.e. build is platform dependent!
2026-04-03 14:10:38,696 [Worker-191: Building] INFO  o.e.m.c.i.embedder.EclipseLogger - Copying 0 resource
2026-04-03 14:10:48,973 [Worker-96: Building] WARN  o.e.m.c.i.embedder.EclipseLogger - Using platform encoding (MS949 actually) to copy filtered resources, i.e. build is platform dependent!
2026-04-03 14:10:48,973 [Worker-96: Building] INFO  o.e.m.c.i.embedder.EclipseLogger - Copying 1 resource
2026-04-03 14:10:48,985 [Worker-96: Building] WARN  o.e.m.c.i.embedder.EclipseLogger - Using platform encoding (MS949 actually) to copy filtered resources, i.e. build is platform dependent!
2026-04-03 14:10:48,985 [Worker-96: Building] INFO  o.e.m.c.i.embedder.EclipseLogger - Copying 0 resource
2026-04-03 14:11:14,361 [Worker-191: Building] WARN  o.e.m.c.i.embedder.EclipseLogger - Using platform encoding (MS949 actually) to copy filtered resources, i.e. build is platform dependent!
2026-04-03 14:11:14,361 [Worker-191: Building] INFO  o.e.m.c.i.embedder.EclipseLogger - Copying 1 resource
2026-04-03 14:11:14,361 [Worker-191: Building] WARN  o.e.m.c.i.embedder.EclipseLogger - Using platform encoding (MS949 actually) to copy filtered resources, i.e. build is platform dependent!
2026-04-03 14:11:14,371 [Worker-191: Building] INFO  o.e.m.c.i.embedder.EclipseLogger - Copying 0 resource
2026-04-03 14:11:18,862 [Worker-186: Building] WARN  o.e.m.c.i.embedder.EclipseLogger - Using platform encoding (MS949 actually) to copy filtered resources, i.e. build is platform dependent!
2026-04-03 14:11:18,862 [Worker-186: Building] INFO  o.e.m.c.i.embedder.EclipseLogger - Copying 1 resource
2026-04-03 14:11:18,876 [Worker-186: Building] WARN  o.e.m.c.i.embedder.EclipseLogger - Using platform encoding (MS949 actually) to copy filtered resources, i.e. build is platform dependent!
2026-04-03 14:11:18,876 [Worker-186: Building] INFO  o.e.m.c.i.embedder.EclipseLogger - Copying 0 resource
2026-04-03 14:11:30,095 [Worker-189: Building] WARN  o.e.m.c.i.embedder.EclipseLogger - Using platform encoding (MS949 actually) to copy filtered resources, i.e. build is platform dependent!
2026-04-03 14:11:30,095 [Worker-189: Building] INFO  o.e.m.c.i.embedder.EclipseLogger - Copying 1 resource
2026-04-03 14:11:30,095 [Worker-189: Building] WARN  o.e.m.c.i.embedder.EclipseLogger - Using platform encoding (MS949 actually) to copy filtered resources, i.e. build is platform dependent!
2026-04-03 14:11:30,095 [Worker-189: Building] INFO  o.e.m.c.i.embedder.EclipseLogger - Copying 0 resource
2026-04-03 14:11:34,385 [Worker-190: Building] WARN  o.e.m.c.i.embedder.EclipseLogger - Using platform encoding (MS949 actually) to copy filtered resources, i.e. build is platform dependent!
2026-04-03 14:11:34,385 [Worker-190: Building] INFO  o.e.m.c.i.embedder.EclipseLogger - Copying 1 resource
2026-04-03 14:11:34,401 [Worker-190: Building] WARN  o.e.m.c.i.embedder.EclipseLogger - Using platform encoding (MS949 actually) to copy filtered resources, i.e. build is platform dependent!
2026-04-03 14:11:34,401 [Worker-190: Building] INFO  o.e.m.c.i.embedder.EclipseLogger - Copying 0 resource
2026-04-03 14:11:39,593 [Worker-191: Building] WARN  o.e.m.c.i.embedder.EclipseLogger - Using platform encoding (MS949 actually) to copy filtered resources, i.e. build is platform dependent!
2026-04-03 14:11:39,593 [Worker-191: Building] INFO  o.e.m.c.i.embedder.EclipseLogger - Copying 1 resource
2026-04-03 14:11:39,593 [Worker-191: Building] WARN  o.e.m.c.i.embedder.EclipseLogger - Using platform encoding (MS949 actually) to copy filtered resources, i.e. build is platform dependent!
2026-04-03 14:11:39,595 [Worker-191: Building] INFO  o.e.m.c.i.embedder.EclipseLogger - Copying 0 resource
2026-04-03 14:11:42,751 [Worker-191: Building] WARN  o.e.m.c.i.embedder.EclipseLogger - Using platform encoding (MS949 actually) to copy filtered resources, i.e. build is platform dependent!
2026-04-03 14:11:42,753 [Worker-191: Building] INFO  o.e.m.c.i.embedder.EclipseLogger - Copying 1 resource
2026-04-03 14:11:42,753 [Worker-191: Building] WARN  o.e.m.c.i.embedder.EclipseLogger - Using platform encoding (MS949 actually) to copy filtered resources, i.e. build is platform dependent!
2026-04-03 14:11:42,753 [Worker-191: Building] INFO  o.e.m.c.i.embedder.EclipseLogger - Copying 0 resource
2026-04-03 14:15:11,101 [Worker-192: Building] WARN  o.e.m.c.i.embedder.EclipseLogger - Using platform encoding (MS949 actually) to copy filtered resources, i.e. build is platform dependent!
2026-04-03 14:15:11,101 [Worker-192: Building] INFO  o.e.m.c.i.embedder.EclipseLogger - Copying 1 resource
2026-04-03 14:15:11,101 [Worker-192: Building] WARN  o.e.m.c.i.embedder.EclipseLogger - Using platform encoding (MS949 actually) to copy filtered resources, i.e. build is platform dependent!
2026-04-03 14:15:11,101 [Worker-192: Building] INFO  o.e.m.c.i.embedder.EclipseLogger - Copying 0 resource
2026-04-03 14:15:28,591 [Worker-186: Building] WARN  o.e.m.c.i.embedder.EclipseLogger - Using platform encoding (MS949 actually) to copy filtered resources, i.e. build is platform dependent!
2026-04-03 14:15:28,591 [Worker-186: Building] INFO  o.e.m.c.i.embedder.EclipseLogger - Copying 1 resource
2026-04-03 14:15:28,591 [Worker-186: Building] WARN  o.e.m.c.i.embedder.EclipseLogger - Using platform encoding (MS949 actually) to copy filtered resources, i.e. build is platform dependent!
2026-04-03 14:15:28,591 [Worker-186: Building] INFO  o.e.m.c.i.embedder.EclipseLogger - Copying 0 resource
2026-04-03 14:15:46,872 [Worker-193: Building] WARN  o.e.m.c.i.embedder.EclipseLogger - Using platform encoding (MS949 actually) to copy filtered resources, i.e. build is platform dependent!
2026-04-03 14:15:46,872 [Worker-193: Building] INFO  o.e.m.c.i.embedder.EclipseLogger - Copying 1 resource
2026-04-03 14:15:46,872 [Worker-193: Building] WARN  o.e.m.c.i.embedder.EclipseLogger - Using platform encoding (MS949 actually) to copy filtered resources, i.e. build is platform dependent!
2026-04-03 14:15:46,874 [Worker-193: Building] INFO  o.e.m.c.i.embedder.EclipseLogger - Copying 0 resource
2026-04-03 14:16:21,421 [Worker-186: Building] WARN  o.e.m.c.i.embedder.EclipseLogger - Using platform encoding (MS949 actually) to copy filtered resources, i.e. build is platform dependent!
2026-04-03 14:16:21,421 [Worker-186: Building] INFO  o.e.m.c.i.embedder.EclipseLogger - Copying 1 resource
2026-04-03 14:16:21,421 [Worker-186: Building] WARN  o.e.m.c.i.embedder.EclipseLogger - Using platform encoding (MS949 actually) to copy filtered resources, i.e. build is platform dependent!
2026-04-03 14:16:21,421 [Worker-186: Building] INFO  o.e.m.c.i.embedder.EclipseLogger - Copying 0 resource
2026-04-03 14:16:29,659 [Worker-193: Building] WARN  o.e.m.c.i.embedder.EclipseLogger - Using platform encoding (MS949 actually) to copy filtered resources, i.e. build is platform dependent!
2026-04-03 14:16:29,659 [Worker-193: Building] INFO  o.e.m.c.i.embedder.EclipseLogger - Copying 1 resource
2026-04-03 14:16:29,659 [Worker-193: Building] WARN  o.e.m.c.i.embedder.EclipseLogger - Using platform encoding (MS949 actually) to copy filtered resources, i.e. build is platform dependent!
2026-04-03 14:16:29,659 [Worker-193: Building] INFO  o.e.m.c.i.embedder.EclipseLogger - Copying 0 resource
2026-04-03 14:16:52,420 [Worker-194: Building] WARN  o.e.m.c.i.embedder.EclipseLogger - Using platform encoding (MS949 actually) to copy filtered resources, i.e. build is platform dependent!
2026-04-03 14:16:52,428 [Worker-194: Building] INFO  o.e.m.c.i.embedder.EclipseLogger - Copying 1 resource
2026-04-03 14:16:52,428 [Worker-194: Building] WARN  o.e.m.c.i.embedder.EclipseLogger - Using platform encoding (MS949 actually) to copy filtered resources, i.e. build is platform dependent!
2026-04-03 14:16:52,428 [Worker-194: Building] INFO  o.e.m.c.i.embedder.EclipseLogger - Copying 0 resource
2026-04-03 14:19:41,072 [Worker-192: Building] WARN  o.e.m.c.i.embedder.EclipseLogger - Using platform encoding (MS949 actually) to copy filtered resources, i.e. build is platform dependent!
2026-04-03 14:19:41,072 [Worker-192: Building] INFO  o.e.m.c.i.embedder.EclipseLogger - Copying 1 resource
2026-04-03 14:19:41,072 [Worker-192: Building] WARN  o.e.m.c.i.embedder.EclipseLogger - Using platform encoding (MS949 actually) to copy filtered resources, i.e. build is platform dependent!
2026-04-03 14:19:41,072 [Worker-192: Building] INFO  o.e.m.c.i.embedder.EclipseLogger - Copying 0 resource
2026-04-03 14:19:55,709 [Worker-198: Building] WARN  o.e.m.c.i.embedder.EclipseLogger - Using platform encoding (MS949 actually) to copy filtered resources, i.e. build is platform dependent!
2026-04-03 14:19:55,709 [Worker-198: Building] INFO  o.e.m.c.i.embedder.EclipseLogger - Copying 1 resource
2026-04-03 14:19:55,709 [Worker-198: Building] WARN  o.e.m.c.i.embedder.EclipseLogger - Using platform encoding (MS949 actually) to copy filtered resources, i.e. build is platform dependent!
2026-04-03 14:19:55,709 [Worker-198: Building] INFO  o.e.m.c.i.embedder.EclipseLogger - Copying 0 resource
2026-04-03 14:20:05,655 [Worker-199: Building] WARN  o.e.m.c.i.embedder.EclipseLogger - Using platform encoding (MS949 actually) to copy filtered resources, i.e. build is platform dependent!
2026-04-03 14:20:05,655 [Worker-199: Building] INFO  o.e.m.c.i.embedder.EclipseLogger - Copying 1 resource
2026-04-03 14:20:05,655 [Worker-199: Building] WARN  o.e.m.c.i.embedder.EclipseLogger - Using platform encoding (MS949 actually) to copy filtered resources, i.e. build is platform dependent!
2026-04-03 14:20:05,655 [Worker-199: Building] INFO  o.e.m.c.i.embedder.EclipseLogger - Copying 0 resource
2026-04-03 14:20:11,605 [Worker-199: Building] WARN  o.e.m.c.i.embedder.EclipseLogger - Using platform encoding (MS949 actually) to copy filtered resources, i.e. build is platform dependent!
2026-04-03 14:20:11,607 [Worker-199: Building] INFO  o.e.m.c.i.embedder.EclipseLogger - Copying 1 resource
2026-04-03 14:20:11,607 [Worker-199: Building] WARN  o.e.m.c.i.embedder.EclipseLogger - Using platform encoding (MS949 actually) to copy filtered resources, i.e. build is platform dependent!
2026-04-03 14:20:11,609 [Worker-199: Building] INFO  o.e.m.c.i.embedder.EclipseLogger - Copying 0 resource
2026-04-03 14:20:22,480 [Worker-198: Building] WARN  o.e.m.c.i.embedder.EclipseLogger - Using platform encoding (MS949 actually) to copy filtered resources, i.e. build is platform dependent!
2026-04-03 14:20:22,480 [Worker-198: Building] INFO  o.e.m.c.i.embedder.EclipseLogger - Copying 0 resource
2026-04-03 14:20:22,480 [Worker-198: Building] WARN  o.e.m.c.i.embedder.EclipseLogger - Using platform encoding (MS949 actually) to copy filtered resources, i.e. build is platform dependent!
2026-04-03 14:20:22,480 [Worker-198: Building] INFO  o.e.m.c.i.embedder.EclipseLogger - Copying 0 resource
2026-04-03 14:20:30,488 [Worker-196: Building] WARN  o.e.m.c.i.embedder.EclipseLogger - Using platform encoding (MS949 actually) to copy filtered resources, i.e. build is platform dependent!
2026-04-03 14:20:30,488 [Worker-196: Building] INFO  o.e.m.c.i.embedder.EclipseLogger - Copying 0 resource
2026-04-03 14:20:30,488 [Worker-196: Building] WARN  o.e.m.c.i.embedder.EclipseLogger - Using platform encoding (MS949 actually) to copy filtered resources, i.e. build is platform dependent!
2026-04-03 14:20:30,488 [Worker-196: Building] INFO  o.e.m.c.i.embedder.EclipseLogger - Copying 0 resource
2026-04-03 14:22:47,775 [Worker-202: Building] WARN  o.e.m.c.i.embedder.EclipseLogger - Using platform encoding (MS949 actually) to copy filtered resources, i.e. build is platform dependent!
2026-04-03 14:22:47,775 [Worker-202: Building] INFO  o.e.m.c.i.embedder.EclipseLogger - Copying 1 resource
2026-04-03 14:22:47,775 [Worker-202: Building] WARN  o.e.m.c.i.embedder.EclipseLogger - Using platform encoding (MS949 actually) to copy filtered resources, i.e. build is platform dependent!
2026-04-03 14:22:47,775 [Worker-202: Building] INFO  o.e.m.c.i.embedder.EclipseLogger - Copying 0 resource
2026-04-03 14:22:48,835 [Worker-197: Building] WARN  o.e.m.c.i.embedder.EclipseLogger - Using platform encoding (MS949 actually) to copy filtered resources, i.e. build is platform dependent!
2026-04-03 14:22:48,835 [Worker-197: Building] INFO  o.e.m.c.i.embedder.EclipseLogger - Copying 1 resource
2026-04-03 14:22:48,835 [Worker-197: Building] WARN  o.e.m.c.i.embedder.EclipseLogger - Using platform encoding (MS949 actually) to copy filtered resources, i.e. build is platform dependent!
2026-04-03 14:22:48,835 [Worker-197: Building] INFO  o.e.m.c.i.embedder.EclipseLogger - Copying 0 resource
2026-04-03 14:23:09,181 [Worker-197: Building] WARN  o.e.m.c.i.embedder.EclipseLogger - Using platform encoding (MS949 actually) to copy filtered resources, i.e. build is platform dependent!
2026-04-03 14:23:09,181 [Worker-197: Building] INFO  o.e.m.c.i.embedder.EclipseLogger - Copying 1 resource
2026-04-03 14:23:09,181 [Worker-197: Building] WARN  o.e.m.c.i.embedder.EclipseLogger - Using platform encoding (MS949 actually) to copy filtered resources, i.e. build is platform dependent!
2026-04-03 14:23:09,181 [Worker-197: Building] INFO  o.e.m.c.i.embedder.EclipseLogger - Copying 0 resource
2026-04-03 14:23:25,775 [Worker-205: Building] WARN  o.e.m.c.i.embedder.EclipseLogger - Using platform encoding (MS949 actually) to copy filtered resources, i.e. build is platform dependent!
2026-04-03 14:23:25,779 [Worker-205: Building] INFO  o.e.m.c.i.embedder.EclipseLogger - Copying 1 resource
2026-04-03 14:23:25,779 [Worker-205: Building] WARN  o.e.m.c.i.embedder.EclipseLogger - Using platform encoding (MS949 actually) to copy filtered resources, i.e. build is platform dependent!
2026-04-03 14:23:25,779 [Worker-205: Building] INFO  o.e.m.c.i.embedder.EclipseLogger - Copying 0 resource
2026-04-03 14:24:14,447 [Worker-204: Building] WARN  o.e.m.c.i.embedder.EclipseLogger - Using platform encoding (MS949 actually) to copy filtered resources, i.e. build is platform dependent!
2026-04-03 14:24:14,447 [Worker-204: Building] INFO  o.e.m.c.i.embedder.EclipseLogger - Copying 0 resource
2026-04-03 14:24:14,447 [Worker-204: Building] WARN  o.e.m.c.i.embedder.EclipseLogger - Using platform encoding (MS949 actually) to copy filtered resources, i.e. build is platform dependent!
2026-04-03 14:24:14,447 [Worker-204: Building] INFO  o.e.m.c.i.embedder.EclipseLogger - Copying 0 resource
2026-04-03 14:24:21,775 [Worker-203: Building] WARN  o.e.m.c.i.embedder.EclipseLogger - Using platform encoding (MS949 actually) to copy filtered resources, i.e. build is platform dependent!
2026-04-03 14:24:21,775 [Worker-203: Building] INFO  o.e.m.c.i.embedder.EclipseLogger - Copying 0 resource
2026-04-03 14:24:21,775 [Worker-203: Building] WARN  o.e.m.c.i.embedder.EclipseLogger - Using platform encoding (MS949 actually) to copy filtered resources, i.e. build is platform dependent!
2026-04-03 14:24:21,775 [Worker-203: Building] INFO  o.e.m.c.i.embedder.EclipseLogger - Copying 0 resource
2026-04-03 14:24:22,788 [Worker-206: Building] WARN  o.e.m.c.i.embedder.EclipseLogger - Using platform encoding (MS949 actually) to copy filtered resources, i.e. build is platform dependent!
2026-04-03 14:24:22,788 [Worker-206: Building] INFO  o.e.m.c.i.embedder.EclipseLogger - Copying 0 resource
2026-04-03 14:24:22,788 [Worker-206: Building] WARN  o.e.m.c.i.embedder.EclipseLogger - Using platform encoding (MS949 actually) to copy filtered resources, i.e. build is platform dependent!
2026-04-03 14:24:22,788 [Worker-206: Building] INFO  o.e.m.c.i.embedder.EclipseLogger - Copying 0 resource
2026-04-03 14:24:35,499 [Worker-197: Building] WARN  o.e.m.c.i.embedder.EclipseLogger - Using platform encoding (MS949 actually) to copy filtered resources, i.e. build is platform dependent!
2026-04-03 14:24:35,499 [Worker-197: Building] INFO  o.e.m.c.i.embedder.EclipseLogger - Copying 0 resource
2026-04-03 14:24:35,499 [Worker-197: Building] WARN  o.e.m.c.i.embedder.EclipseLogger - Using platform encoding (MS949 actually) to copy filtered resources, i.e. build is platform dependent!
2026-04-03 14:24:35,499 [Worker-197: Building] INFO  o.e.m.c.i.embedder.EclipseLogger - Copying 0 resource
2026-04-03 14:26:00,902 [Worker-207: Building] WARN  o.e.m.c.i.embedder.EclipseLogger - Using platform encoding (MS949 actually) to copy filtered resources, i.e. build is platform dependent!
2026-04-03 14:26:00,902 [Worker-207: Building] INFO  o.e.m.c.i.embedder.EclipseLogger - Copying 0 resource
2026-04-03 14:26:00,902 [Worker-207: Building] WARN  o.e.m.c.i.embedder.EclipseLogger - Using platform encoding (MS949 actually) to copy filtered resources, i.e. build is platform dependent!
2026-04-03 14:26:00,902 [Worker-207: Building] INFO  o.e.m.c.i.embedder.EclipseLogger - Copying 0 resource
2026-04-03 14:26:04,508 [Worker-207: Building] WARN  o.e.m.c.i.embedder.EclipseLogger - Using platform encoding (MS949 actually) to copy filtered resources, i.e. build is platform dependent!
2026-04-03 14:26:04,508 [Worker-207: Building] INFO  o.e.m.c.i.embedder.EclipseLogger - Copying 0 resource
2026-04-03 14:26:04,508 [Worker-207: Building] WARN  o.e.m.c.i.embedder.EclipseLogger - Using platform encoding (MS949 actually) to copy filtered resources, i.e. build is platform dependent!
2026-04-03 14:26:04,508 [Worker-207: Building] INFO  o.e.m.c.i.embedder.EclipseLogger - Copying 0 resource
2026-04-03 14:26:14,532 [Worker-207: Building] WARN  o.e.m.c.i.embedder.EclipseLogger - Using platform encoding (MS949 actually) to copy filtered resources, i.e. build is platform dependent!
2026-04-03 14:26:14,532 [Worker-207: Building] INFO  o.e.m.c.i.embedder.EclipseLogger - Copying 0 resource
2026-04-03 14:26:14,532 [Worker-207: Building] WARN  o.e.m.c.i.embedder.EclipseLogger - Using platform encoding (MS949 actually) to copy filtered resources, i.e. build is platform dependent!
2026-04-03 14:26:14,534 [Worker-207: Building] INFO  o.e.m.c.i.embedder.EclipseLogger - Copying 0 resource
2026-04-03 14:27:53,981 [Worker-208: Building] WARN  o.e.m.c.i.embedder.EclipseLogger - Using platform encoding (MS949 actually) to copy filtered resources, i.e. build is platform dependent!
2026-04-03 14:27:53,981 [Worker-208: Building] INFO  o.e.m.c.i.embedder.EclipseLogger - Copying 0 resource
2026-04-03 14:27:53,981 [Worker-208: Building] WARN  o.e.m.c.i.embedder.EclipseLogger - Using platform encoding (MS949 actually) to copy filtered resources, i.e. build is platform dependent!
2026-04-03 14:27:53,981 [Worker-208: Building] INFO  o.e.m.c.i.embedder.EclipseLogger - Copying 0 resource
2026-04-03 14:28:05,038 [Worker-207: Building] WARN  o.e.m.c.i.embedder.EclipseLogger - Using platform encoding (MS949 actually) to copy filtered resources, i.e. build is platform dependent!
2026-04-03 14:28:05,038 [Worker-207: Building] INFO  o.e.m.c.i.embedder.EclipseLogger - Copying 0 resource
2026-04-03 14:28:05,038 [Worker-207: Building] WARN  o.e.m.c.i.embedder.EclipseLogger - Using platform encoding (MS949 actually) to copy filtered resources, i.e. build is platform dependent!
2026-04-03 14:28:05,038 [Worker-207: Building] INFO  o.e.m.c.i.embedder.EclipseLogger - Copying 0 resource
2026-04-03 14:28:23,352 [Worker-207: Building] WARN  o.e.m.c.i.embedder.EclipseLogger - Using platform encoding (MS949 actually) to copy filtered resources, i.e. build is platform dependent!
2026-04-03 14:28:23,352 [Worker-207: Building] INFO  o.e.m.c.i.embedder.EclipseLogger - Copying 0 resource
2026-04-03 14:28:23,352 [Worker-207: Building] WARN  o.e.m.c.i.embedder.EclipseLogger - Using platform encoding (MS949 actually) to copy filtered resources, i.e. build is platform dependent!
2026-04-03 14:28:23,354 [Worker-207: Building] INFO  o.e.m.c.i.embedder.EclipseLogger - Copying 0 resource
2026-04-03 14:28:34,652 [Worker-197: Building] WARN  o.e.m.c.i.embedder.EclipseLogger - Using platform encoding (MS949 actually) to copy filtered resources, i.e. build is platform dependent!
2026-04-03 14:28:34,652 [Worker-197: Building] INFO  o.e.m.c.i.embedder.EclipseLogger - Copying 0 resource
2026-04-03 14:28:34,652 [Worker-197: Building] WARN  o.e.m.c.i.embedder.EclipseLogger - Using platform encoding (MS949 actually) to copy filtered resources, i.e. build is platform dependent!
2026-04-03 14:28:34,652 [Worker-197: Building] INFO  o.e.m.c.i.embedder.EclipseLogger - Copying 0 resource
2026-04-03 14:28:58,722 [Worker-207: Building] WARN  o.e.m.c.i.embedder.EclipseLogger - Using platform encoding (MS949 actually) to copy filtered resources, i.e. build is platform dependent!
2026-04-03 14:28:58,722 [Worker-207: Building] INFO  o.e.m.c.i.embedder.EclipseLogger - Copying 0 resource
2026-04-03 14:28:58,722 [Worker-207: Building] WARN  o.e.m.c.i.embedder.EclipseLogger - Using platform encoding (MS949 actually) to copy filtered resources, i.e. build is platform dependent!
2026-04-03 14:28:58,722 [Worker-207: Building] INFO  o.e.m.c.i.embedder.EclipseLogger - Copying 0 resource
2026-04-03 14:28:59,757 [Worker-201: Building] WARN  o.e.m.c.i.embedder.EclipseLogger - Using platform encoding (MS949 actually) to copy filtered resources, i.e. build is platform dependent!
2026-04-03 14:28:59,757 [Worker-201: Building] INFO  o.e.m.c.i.embedder.EclipseLogger - Copying 0 resource
2026-04-03 14:28:59,757 [Worker-201: Building] WARN  o.e.m.c.i.embedder.EclipseLogger - Using platform encoding (MS949 actually) to copy filtered resources, i.e. build is platform dependent!
2026-04-03 14:28:59,771 [Worker-201: Building] INFO  o.e.m.c.i.embedder.EclipseLogger - Copying 0 resource
2026-04-03 14:29:03,858 [Worker-197: Building] WARN  o.e.m.c.i.embedder.EclipseLogger - Using platform encoding (MS949 actually) to copy filtered resources, i.e. build is platform dependent!
2026-04-03 14:29:03,858 [Worker-197: Building] INFO  o.e.m.c.i.embedder.EclipseLogger - Copying 0 resource
2026-04-03 14:29:03,858 [Worker-197: Building] WARN  o.e.m.c.i.embedder.EclipseLogger - Using platform encoding (MS949 actually) to copy filtered resources, i.e. build is platform dependent!
2026-04-03 14:29:03,858 [Worker-197: Building] INFO  o.e.m.c.i.embedder.EclipseLogger - Copying 0 resource
2026-04-03 14:29:12,796 [Worker-207: Building] WARN  o.e.m.c.i.embedder.EclipseLogger - Using platform encoding (MS949 actually) to copy filtered resources, i.e. build is platform dependent!
2026-04-03 14:29:12,796 [Worker-207: Building] INFO  o.e.m.c.i.embedder.EclipseLogger - Copying 0 resource
2026-04-03 14:29:12,796 [Worker-207: Building] WARN  o.e.m.c.i.embedder.EclipseLogger - Using platform encoding (MS949 actually) to copy filtered resources, i.e. build is platform dependent!
2026-04-03 14:29:12,796 [Worker-207: Building] INFO  o.e.m.c.i.embedder.EclipseLogger - Copying 0 resource
2026-04-03 14:29:18,397 [Worker-210: Building] WARN  o.e.m.c.i.embedder.EclipseLogger - Using platform encoding (MS949 actually) to copy filtered resources, i.e. build is platform dependent!
2026-04-03 14:29:18,397 [Worker-210: Building] INFO  o.e.m.c.i.embedder.EclipseLogger - Copying 0 resource
2026-04-03 14:29:18,397 [Worker-210: Building] WARN  o.e.m.c.i.embedder.EclipseLogger - Using platform encoding (MS949 actually) to copy filtered resources, i.e. build is platform dependent!
2026-04-03 14:29:18,397 [Worker-210: Building] INFO  o.e.m.c.i.embedder.EclipseLogger - Copying 0 resource
2026-04-03 14:29:28,072 [Worker-197: Building] WARN  o.e.m.c.i.embedder.EclipseLogger - Using platform encoding (MS949 actually) to copy filtered resources, i.e. build is platform dependent!
2026-04-03 14:29:28,072 [Worker-197: Building] INFO  o.e.m.c.i.embedder.EclipseLogger - Copying 0 resource
2026-04-03 14:29:28,072 [Worker-197: Building] WARN  o.e.m.c.i.embedder.EclipseLogger - Using platform encoding (MS949 actually) to copy filtered resources, i.e. build is platform dependent!
2026-04-03 14:29:28,086 [Worker-197: Building] INFO  o.e.m.c.i.embedder.EclipseLogger - Copying 0 resource
2026-04-03 14:29:29,089 [Worker-210: Building] WARN  o.e.m.c.i.embedder.EclipseLogger - Using platform encoding (MS949 actually) to copy filtered resources, i.e. build is platform dependent!
2026-04-03 14:29:29,089 [Worker-210: Building] INFO  o.e.m.c.i.embedder.EclipseLogger - Copying 0 resource
2026-04-03 14:29:29,089 [Worker-210: Building] WARN  o.e.m.c.i.embedder.EclipseLogger - Using platform encoding (MS949 actually) to copy filtered resources, i.e. build is platform dependent!
2026-04-03 14:29:29,089 [Worker-210: Building] INFO  o.e.m.c.i.embedder.EclipseLogger - Copying 0 resource
2026-04-03 14:29:43,088 [Worker-208: Building] WARN  o.e.m.c.i.embedder.EclipseLogger - Using platform encoding (MS949 actually) to copy filtered resources, i.e. build is platform dependent!
2026-04-03 14:29:43,088 [Worker-208: Building] INFO  o.e.m.c.i.embedder.EclipseLogger - Copying 0 resource
2026-04-03 14:29:43,090 [Worker-208: Building] WARN  o.e.m.c.i.embedder.EclipseLogger - Using platform encoding (MS949 actually) to copy filtered resources, i.e. build is platform dependent!
2026-04-03 14:29:43,090 [Worker-208: Building] INFO  o.e.m.c.i.embedder.EclipseLogger - Copying 0 resource
2026-04-03 14:30:09,371 [Worker-208: Building] WARN  o.e.m.c.i.embedder.EclipseLogger - Using platform encoding (MS949 actually) to copy filtered resources, i.e. build is platform dependent!
2026-04-03 14:30:09,371 [Worker-208: Building] INFO  o.e.m.c.i.embedder.EclipseLogger - Copying 1 resource
2026-04-03 14:30:09,371 [Worker-208: Building] WARN  o.e.m.c.i.embedder.EclipseLogger - Using platform encoding (MS949 actually) to copy filtered resources, i.e. build is platform dependent!
2026-04-03 14:30:09,373 [Worker-208: Building] INFO  o.e.m.c.i.embedder.EclipseLogger - Copying 0 resource
2026-04-03 14:31:36,136 [Worker-201: Building] WARN  o.e.m.c.i.embedder.EclipseLogger - Using platform encoding (MS949 actually) to copy filtered resources, i.e. build is platform dependent!
2026-04-03 14:31:36,136 [Worker-201: Building] INFO  o.e.m.c.i.embedder.EclipseLogger - Copying 1 resource
2026-04-03 14:31:36,136 [Worker-201: Building] WARN  o.e.m.c.i.embedder.EclipseLogger - Using platform encoding (MS949 actually) to copy filtered resources, i.e. build is platform dependent!
2026-04-03 14:31:36,136 [Worker-201: Building] INFO  o.e.m.c.i.embedder.EclipseLogger - Copying 0 resource
2026-04-03 14:31:39,291 [Worker-187: Building] WARN  o.e.m.c.i.embedder.EclipseLogger - Using platform encoding (MS949 actually) to copy filtered resources, i.e. build is platform dependent!
2026-04-03 14:31:39,291 [Worker-187: Building] INFO  o.e.m.c.i.embedder.EclipseLogger - Copying 1 resource
2026-04-03 14:31:39,291 [Worker-187: Building] WARN  o.e.m.c.i.embedder.EclipseLogger - Using platform encoding (MS949 actually) to copy filtered resources, i.e. build is platform dependent!
2026-04-03 14:31:39,293 [Worker-187: Building] INFO  o.e.m.c.i.embedder.EclipseLogger - Copying 0 resource
2026-04-03 14:31:41,440 [Worker-187: Building] WARN  o.e.m.c.i.embedder.EclipseLogger - Using platform encoding (MS949 actually) to copy filtered resources, i.e. build is platform dependent!
2026-04-03 14:31:41,440 [Worker-187: Building] INFO  o.e.m.c.i.embedder.EclipseLogger - Copying 1 resource
2026-04-03 14:31:41,440 [Worker-187: Building] WARN  o.e.m.c.i.embedder.EclipseLogger - Using platform encoding (MS949 actually) to copy filtered resources, i.e. build is platform dependent!
2026-04-03 14:31:41,440 [Worker-187: Building] INFO  o.e.m.c.i.embedder.EclipseLogger - Copying 0 resource
2026-04-03 14:32:11,973 [Worker-210: Building] WARN  o.e.m.c.i.embedder.EclipseLogger - Using platform encoding (MS949 actually) to copy filtered resources, i.e. build is platform dependent!
2026-04-03 14:32:11,973 [Worker-210: Building] INFO  o.e.m.c.i.embedder.EclipseLogger - Copying 1 resource
2026-04-03 14:32:11,973 [Worker-210: Building] WARN  o.e.m.c.i.embedder.EclipseLogger - Using platform encoding (MS949 actually) to copy filtered resources, i.e. build is platform dependent!
2026-04-03 14:32:11,988 [Worker-210: Building] INFO  o.e.m.c.i.embedder.EclipseLogger - Copying 0 resource
2026-04-03 14:36:05,911 [Worker-207: Building] WARN  o.e.m.c.i.embedder.EclipseLogger - Using platform encoding (MS949 actually) to copy filtered resources, i.e. build is platform dependent!
2026-04-03 14:36:05,921 [Worker-207: Building] INFO  o.e.m.c.i.embedder.EclipseLogger - Copying 1 resource
2026-04-03 14:36:05,921 [Worker-207: Building] WARN  o.e.m.c.i.embedder.EclipseLogger - Using platform encoding (MS949 actually) to copy filtered resources, i.e. build is platform dependent!
2026-04-03 14:36:05,921 [Worker-207: Building] INFO  o.e.m.c.i.embedder.EclipseLogger - Copying 0 resource
2026-04-03 14:36:14,661 [Worker-208: Building] WARN  o.e.m.c.i.embedder.EclipseLogger - Using platform encoding (MS949 actually) to copy filtered resources, i.e. build is platform dependent!
2026-04-03 14:36:14,661 [Worker-208: Building] INFO  o.e.m.c.i.embedder.EclipseLogger - Copying 1 resource
2026-04-03 14:36:14,661 [Worker-208: Building] WARN  o.e.m.c.i.embedder.EclipseLogger - Using platform encoding (MS949 actually) to copy filtered resources, i.e. build is platform dependent!
2026-04-03 14:36:14,669 [Worker-208: Building] INFO  o.e.m.c.i.embedder.EclipseLogger - Copying 0 resource
2026-04-03 14:36:23,626 [Worker-208: Building] WARN  o.e.m.c.i.embedder.EclipseLogger - Using platform encoding (MS949 actually) to copy filtered resources, i.e. build is platform dependent!
2026-04-03 14:36:23,626 [Worker-208: Building] INFO  o.e.m.c.i.embedder.EclipseLogger - Copying 1 resource
2026-04-03 14:36:23,626 [Worker-208: Building] WARN  o.e.m.c.i.embedder.EclipseLogger - Using platform encoding (MS949 actually) to copy filtered resources, i.e. build is platform dependent!
2026-04-03 14:36:23,626 [Worker-208: Building] INFO  o.e.m.c.i.embedder.EclipseLogger - Copying 0 resource
2026-04-03 14:37:06,432 [Worker-207: Building] WARN  o.e.m.c.i.embedder.EclipseLogger - Using platform encoding (MS949 actually) to copy filtered resources, i.e. build is platform dependent!
2026-04-03 14:37:06,432 [Worker-207: Building] INFO  o.e.m.c.i.embedder.EclipseLogger - Copying 0 resource
2026-04-03 14:37:06,432 [Worker-207: Building] WARN  o.e.m.c.i.embedder.EclipseLogger - Using platform encoding (MS949 actually) to copy filtered resources, i.e. build is platform dependent!
2026-04-03 14:37:06,432 [Worker-207: Building] INFO  o.e.m.c.i.embedder.EclipseLogger - Copying 0 resource
2026-04-03 14:37:10,724 [Worker-207: Building] WARN  o.e.m.c.i.embedder.EclipseLogger - Using platform encoding (MS949 actually) to copy filtered resources, i.e. build is platform dependent!
2026-04-03 14:37:10,724 [Worker-207: Building] INFO  o.e.m.c.i.embedder.EclipseLogger - Copying 0 resource
2026-04-03 14:37:10,724 [Worker-207: Building] WARN  o.e.m.c.i.embedder.EclipseLogger - Using platform encoding (MS949 actually) to copy filtered resources, i.e. build is platform dependent!
2026-04-03 14:37:10,724 [Worker-207: Building] INFO  o.e.m.c.i.embedder.EclipseLogger - Copying 0 resource
2026-04-03 14:37:19,189 [Worker-207: Building] WARN  o.e.m.c.i.embedder.EclipseLogger - Using platform encoding (MS949 actually) to copy filtered resources, i.e. build is platform dependent!
2026-04-03 14:37:19,189 [Worker-207: Building] INFO  o.e.m.c.i.embedder.EclipseLogger - Copying 0 resource
2026-04-03 14:37:19,189 [Worker-207: Building] WARN  o.e.m.c.i.embedder.EclipseLogger - Using platform encoding (MS949 actually) to copy filtered resources, i.e. build is platform dependent!
2026-04-03 14:37:19,189 [Worker-207: Building] INFO  o.e.m.c.i.embedder.EclipseLogger - Copying 0 resource
2026-04-03 14:38:20,075 [Worker-208: Building] WARN  o.e.m.c.i.embedder.EclipseLogger - Using platform encoding (MS949 actually) to copy filtered resources, i.e. build is platform dependent!
2026-04-03 14:38:20,075 [Worker-208: Building] INFO  o.e.m.c.i.embedder.EclipseLogger - Copying 1 resource
2026-04-03 14:38:20,075 [Worker-208: Building] WARN  o.e.m.c.i.embedder.EclipseLogger - Using platform encoding (MS949 actually) to copy filtered resources, i.e. build is platform dependent!
2026-04-03 14:38:20,077 [Worker-208: Building] INFO  o.e.m.c.i.embedder.EclipseLogger - Copying 0 resource
2026-04-03 14:38:36,174 [Worker-211: Building] WARN  o.e.m.c.i.embedder.EclipseLogger - Using platform encoding (MS949 actually) to copy filtered resources, i.e. build is platform dependent!
2026-04-03 14:38:36,174 [Worker-211: Building] INFO  o.e.m.c.i.embedder.EclipseLogger - Copying 1 resource
2026-04-03 14:38:36,174 [Worker-211: Building] WARN  o.e.m.c.i.embedder.EclipseLogger - Using platform encoding (MS949 actually) to copy filtered resources, i.e. build is platform dependent!
2026-04-03 14:38:36,174 [Worker-211: Building] INFO  o.e.m.c.i.embedder.EclipseLogger - Copying 0 resource
2026-04-03 14:38:41,466 [Worker-211: Building] WARN  o.e.m.c.i.embedder.EclipseLogger - Using platform encoding (MS949 actually) to copy filtered resources, i.e. build is platform dependent!
2026-04-03 14:38:41,466 [Worker-211: Building] INFO  o.e.m.c.i.embedder.EclipseLogger - Copying 1 resource
2026-04-03 14:38:41,466 [Worker-211: Building] WARN  o.e.m.c.i.embedder.EclipseLogger - Using platform encoding (MS949 actually) to copy filtered resources, i.e. build is platform dependent!
2026-04-03 14:38:41,466 [Worker-211: Building] INFO  o.e.m.c.i.embedder.EclipseLogger - Copying 0 resource
2026-04-03 14:38:46,528 [Worker-207: Building] WARN  o.e.m.c.i.embedder.EclipseLogger - Using platform encoding (MS949 actually) to copy filtered resources, i.e. build is platform dependent!
2026-04-03 14:38:46,528 [Worker-207: Building] INFO  o.e.m.c.i.embedder.EclipseLogger - Copying 1 resource
2026-04-03 14:38:46,528 [Worker-207: Building] WARN  o.e.m.c.i.embedder.EclipseLogger - Using platform encoding (MS949 actually) to copy filtered resources, i.e. build is platform dependent!
2026-04-03 14:38:46,528 [Worker-207: Building] INFO  o.e.m.c.i.embedder.EclipseLogger - Copying 0 resource
2026-04-03 14:38:51,184 [Worker-214: Building] WARN  o.e.m.c.i.embedder.EclipseLogger - Using platform encoding (MS949 actually) to copy filtered resources, i.e. build is platform dependent!
2026-04-03 14:38:51,184 [Worker-214: Building] INFO  o.e.m.c.i.embedder.EclipseLogger - Copying 1 resource
2026-04-03 14:38:51,184 [Worker-214: Building] WARN  o.e.m.c.i.embedder.EclipseLogger - Using platform encoding (MS949 actually) to copy filtered resources, i.e. build is platform dependent!
2026-04-03 14:38:51,184 [Worker-214: Building] INFO  o.e.m.c.i.embedder.EclipseLogger - Copying 0 resource
2026-04-03 14:40:05,072 [Worker-208: Building] WARN  o.e.m.c.i.embedder.EclipseLogger - Using platform encoding (MS949 actually) to copy filtered resources, i.e. build is platform dependent!
2026-04-03 14:40:05,072 [Worker-208: Building] INFO  o.e.m.c.i.embedder.EclipseLogger - Copying 1 resource
2026-04-03 14:40:05,072 [Worker-208: Building] WARN  o.e.m.c.i.embedder.EclipseLogger - Using platform encoding (MS949 actually) to copy filtered resources, i.e. build is platform dependent!
2026-04-03 14:40:05,072 [Worker-208: Building] INFO  o.e.m.c.i.embedder.EclipseLogger - Copying 0 resource
2026-04-03 14:41:30,770 [Worker-216: Building] WARN  o.e.m.c.i.embedder.EclipseLogger - Using platform encoding (MS949 actually) to copy filtered resources, i.e. build is platform dependent!
2026-04-03 14:41:30,770 [Worker-216: Building] INFO  o.e.m.c.i.embedder.EclipseLogger - Copying 0 resource
2026-04-03 14:41:30,770 [Worker-216: Building] WARN  o.e.m.c.i.embedder.EclipseLogger - Using platform encoding (MS949 actually) to copy filtered resources, i.e. build is platform dependent!
2026-04-03 14:41:30,770 [Worker-216: Building] INFO  o.e.m.c.i.embedder.EclipseLogger - Copying 0 resource
2026-04-03 14:41:34,676 [Worker-217: Building] WARN  o.e.m.c.i.embedder.EclipseLogger - Using platform encoding (MS949 actually) to copy filtered resources, i.e. build is platform dependent!
2026-04-03 14:41:34,676 [Worker-217: Building] INFO  o.e.m.c.i.embedder.EclipseLogger - Copying 0 resource
2026-04-03 14:41:34,676 [Worker-217: Building] WARN  o.e.m.c.i.embedder.EclipseLogger - Using platform encoding (MS949 actually) to copy filtered resources, i.e. build is platform dependent!
2026-04-03 14:41:34,676 [Worker-217: Building] INFO  o.e.m.c.i.embedder.EclipseLogger - Copying 0 resource
2026-04-03 14:42:18,671 [Worker-219: Building] WARN  o.e.m.c.i.embedder.EclipseLogger - Using platform encoding (MS949 actually) to copy filtered resources, i.e. build is platform dependent!
2026-04-03 14:42:18,671 [Worker-219: Building] INFO  o.e.m.c.i.embedder.EclipseLogger - Copying 0 resource
2026-04-03 14:42:18,671 [Worker-219: Building] WARN  o.e.m.c.i.embedder.EclipseLogger - Using platform encoding (MS949 actually) to copy filtered resources, i.e. build is platform dependent!
2026-04-03 14:42:18,671 [Worker-219: Building] INFO  o.e.m.c.i.embedder.EclipseLogger - Copying 0 resource
2026-04-03 14:42:30,510 [Worker-211: Building] WARN  o.e.m.c.i.embedder.EclipseLogger - Using platform encoding (MS949 actually) to copy filtered resources, i.e. build is platform dependent!
2026-04-03 14:42:30,510 [Worker-211: Building] INFO  o.e.m.c.i.embedder.EclipseLogger - Copying 0 resource
2026-04-03 14:42:30,510 [Worker-211: Building] WARN  o.e.m.c.i.embedder.EclipseLogger - Using platform encoding (MS949 actually) to copy filtered resources, i.e. build is platform dependent!
2026-04-03 14:42:30,512 [Worker-211: Building] INFO  o.e.m.c.i.embedder.EclipseLogger - Copying 0 resource
2026-04-03 14:42:32,549 [Worker-217: Building] WARN  o.e.m.c.i.embedder.EclipseLogger - Using platform encoding (MS949 actually) to copy filtered resources, i.e. build is platform dependent!
2026-04-03 14:42:32,549 [Worker-217: Building] INFO  o.e.m.c.i.embedder.EclipseLogger - Copying 0 resource
2026-04-03 14:42:32,549 [Worker-217: Building] WARN  o.e.m.c.i.embedder.EclipseLogger - Using platform encoding (MS949 actually) to copy filtered resources, i.e. build is platform dependent!
2026-04-03 14:42:32,549 [Worker-217: Building] INFO  o.e.m.c.i.embedder.EclipseLogger - Copying 0 resource
2026-04-03 14:42:53,450 [Worker-218: Building] WARN  o.e.m.c.i.embedder.EclipseLogger - Using platform encoding (MS949 actually) to copy filtered resources, i.e. build is platform dependent!
2026-04-03 14:42:53,450 [Worker-218: Building] INFO  o.e.m.c.i.embedder.EclipseLogger - Copying 0 resource
2026-04-03 14:42:53,450 [Worker-218: Building] WARN  o.e.m.c.i.embedder.EclipseLogger - Using platform encoding (MS949 actually) to copy filtered resources, i.e. build is platform dependent!
2026-04-03 14:42:53,450 [Worker-218: Building] INFO  o.e.m.c.i.embedder.EclipseLogger - Copying 0 resource
2026-04-03 14:43:08,038 [Worker-219: Building] WARN  o.e.m.c.i.embedder.EclipseLogger - Using platform encoding (MS949 actually) to copy filtered resources, i.e. build is platform dependent!
2026-04-03 14:43:08,038 [Worker-219: Building] INFO  o.e.m.c.i.embedder.EclipseLogger - Copying 0 resource
2026-04-03 14:43:08,038 [Worker-219: Building] WARN  o.e.m.c.i.embedder.EclipseLogger - Using platform encoding (MS949 actually) to copy filtered resources, i.e. build is platform dependent!
2026-04-03 14:43:08,038 [Worker-219: Building] INFO  o.e.m.c.i.embedder.EclipseLogger - Copying 0 resource
2026-04-03 14:43:21,720 [Worker-211: Building] WARN  o.e.m.c.i.embedder.EclipseLogger - Using platform encoding (MS949 actually) to copy filtered resources, i.e. build is platform dependent!
2026-04-03 14:43:21,720 [Worker-211: Building] INFO  o.e.m.c.i.embedder.EclipseLogger - Copying 0 resource
2026-04-03 14:43:21,720 [Worker-211: Building] WARN  o.e.m.c.i.embedder.EclipseLogger - Using platform encoding (MS949 actually) to copy filtered resources, i.e. build is platform dependent!
2026-04-03 14:43:21,720 [Worker-211: Building] INFO  o.e.m.c.i.embedder.EclipseLogger - Copying 0 resource
2026-04-03 14:43:25,937 [Worker-211: Building] WARN  o.e.m.c.i.embedder.EclipseLogger - Using platform encoding (MS949 actually) to copy filtered resources, i.e. build is platform dependent!
2026-04-03 14:43:25,937 [Worker-211: Building] INFO  o.e.m.c.i.embedder.EclipseLogger - Copying 0 resource
2026-04-03 14:43:25,937 [Worker-211: Building] WARN  o.e.m.c.i.embedder.EclipseLogger - Using platform encoding (MS949 actually) to copy filtered resources, i.e. build is platform dependent!
2026-04-03 14:43:25,937 [Worker-211: Building] INFO  o.e.m.c.i.embedder.EclipseLogger - Copying 0 resource
2026-04-03 14:43:41,891 [Worker-218: Building] WARN  o.e.m.c.i.embedder.EclipseLogger - Using platform encoding (MS949 actually) to copy filtered resources, i.e. build is platform dependent!
2026-04-03 14:43:41,891 [Worker-218: Building] INFO  o.e.m.c.i.embedder.EclipseLogger - Copying 0 resource
2026-04-03 14:43:41,891 [Worker-218: Building] WARN  o.e.m.c.i.embedder.EclipseLogger - Using platform encoding (MS949 actually) to copy filtered resources, i.e. build is platform dependent!
2026-04-03 14:43:41,899 [Worker-218: Building] INFO  o.e.m.c.i.embedder.EclipseLogger - Copying 0 resource
2026-04-03 14:43:42,963 [Worker-214: Building] WARN  o.e.m.c.i.embedder.EclipseLogger - Using platform encoding (MS949 actually) to copy filtered resources, i.e. build is platform dependent!
2026-04-03 14:43:42,963 [Worker-214: Building] INFO  o.e.m.c.i.embedder.EclipseLogger - Copying 0 resource
2026-04-03 14:43:42,970 [Worker-214: Building] WARN  o.e.m.c.i.embedder.EclipseLogger - Using platform encoding (MS949 actually) to copy filtered resources, i.e. build is platform dependent!
2026-04-03 14:43:42,970 [Worker-214: Building] INFO  o.e.m.c.i.embedder.EclipseLogger - Copying 0 resource
2026-04-03 14:44:33,895 [Worker-219: Building] WARN  o.e.m.c.i.embedder.EclipseLogger - Using platform encoding (MS949 actually) to copy filtered resources, i.e. build is platform dependent!
2026-04-03 14:44:33,895 [Worker-219: Building] INFO  o.e.m.c.i.embedder.EclipseLogger - Copying 0 resource
2026-04-03 14:44:33,895 [Worker-219: Building] WARN  o.e.m.c.i.embedder.EclipseLogger - Using platform encoding (MS949 actually) to copy filtered resources, i.e. build is platform dependent!
2026-04-03 14:44:33,895 [Worker-219: Building] INFO  o.e.m.c.i.embedder.EclipseLogger - Copying 0 resource
2026-04-03 14:44:40,442 [Worker-214: Building] WARN  o.e.m.c.i.embedder.EclipseLogger - Using platform encoding (MS949 actually) to copy filtered resources, i.e. build is platform dependent!
2026-04-03 14:44:40,442 [Worker-214: Building] INFO  o.e.m.c.i.embedder.EclipseLogger - Copying 0 resource
2026-04-03 14:44:40,442 [Worker-214: Building] WARN  o.e.m.c.i.embedder.EclipseLogger - Using platform encoding (MS949 actually) to copy filtered resources, i.e. build is platform dependent!
2026-04-03 14:44:40,444 [Worker-214: Building] INFO  o.e.m.c.i.embedder.EclipseLogger - Copying 0 resource
2026-04-03 14:44:49,543 [Worker-214: Building] WARN  o.e.m.c.i.embedder.EclipseLogger - Using platform encoding (MS949 actually) to copy filtered resources, i.e. build is platform dependent!
2026-04-03 14:44:49,545 [Worker-214: Building] INFO  o.e.m.c.i.embedder.EclipseLogger - Copying 0 resource
2026-04-03 14:44:49,545 [Worker-214: Building] WARN  o.e.m.c.i.embedder.EclipseLogger - Using platform encoding (MS949 actually) to copy filtered resources, i.e. build is platform dependent!
2026-04-03 14:44:49,545 [Worker-214: Building] INFO  o.e.m.c.i.embedder.EclipseLogger - Copying 0 resource
2026-04-03 14:47:41,931 [Worker-211: Building] WARN  o.e.m.c.i.embedder.EclipseLogger - Using platform encoding (MS949 actually) to copy filtered resources, i.e. build is platform dependent!
2026-04-03 14:47:41,931 [Worker-211: Building] INFO  o.e.m.c.i.embedder.EclipseLogger - Copying 0 resource
2026-04-03 14:47:41,931 [Worker-211: Building] WARN  o.e.m.c.i.embedder.EclipseLogger - Using platform encoding (MS949 actually) to copy filtered resources, i.e. build is platform dependent!
2026-04-03 14:47:41,931 [Worker-211: Building] INFO  o.e.m.c.i.embedder.EclipseLogger - Copying 0 resource
2026-04-03 14:48:23,624 [Worker-214: Building] WARN  o.e.m.c.i.embedder.EclipseLogger - Using platform encoding (MS949 actually) to copy filtered resources, i.e. build is platform dependent!
2026-04-03 14:48:23,624 [Worker-214: Building] INFO  o.e.m.c.i.embedder.EclipseLogger - Copying 0 resource
2026-04-03 14:48:23,624 [Worker-214: Building] WARN  o.e.m.c.i.embedder.EclipseLogger - Using platform encoding (MS949 actually) to copy filtered resources, i.e. build is platform dependent!
2026-04-03 14:48:23,624 [Worker-214: Building] INFO  o.e.m.c.i.embedder.EclipseLogger - Copying 0 resource
2026-04-03 14:49:04,199 [Worker-218: Building] WARN  o.e.m.c.i.embedder.EclipseLogger - Using platform encoding (MS949 actually) to copy filtered resources, i.e. build is platform dependent!
2026-04-03 14:49:04,205 [Worker-218: Building] INFO  o.e.m.c.i.embedder.EclipseLogger - Copying 0 resource
2026-04-03 14:49:04,205 [Worker-218: Building] WARN  o.e.m.c.i.embedder.EclipseLogger - Using platform encoding (MS949 actually) to copy filtered resources, i.e. build is platform dependent!
2026-04-03 14:49:04,205 [Worker-218: Building] INFO  o.e.m.c.i.embedder.EclipseLogger - Copying 0 resource
2026-04-03 14:50:04,943 [Worker-214: Building] WARN  o.e.m.c.i.embedder.EclipseLogger - Using platform encoding (MS949 actually) to copy filtered resources, i.e. build is platform dependent!
2026-04-03 14:50:04,943 [Worker-214: Building] INFO  o.e.m.c.i.embedder.EclipseLogger - Copying 0 resource
2026-04-03 14:50:04,943 [Worker-214: Building] WARN  o.e.m.c.i.embedder.EclipseLogger - Using platform encoding (MS949 actually) to copy filtered resources, i.e. build is platform dependent!
2026-04-03 14:50:04,943 [Worker-214: Building] INFO  o.e.m.c.i.embedder.EclipseLogger - Copying 0 resource
2026-04-03 14:52:17,506 [Worker-214: Building] WARN  o.e.m.c.i.embedder.EclipseLogger - Using platform encoding (MS949 actually) to copy filtered resources, i.e. build is platform dependent!
2026-04-03 14:52:17,506 [Worker-214: Building] INFO  o.e.m.c.i.embedder.EclipseLogger - Copying 1 resource
2026-04-03 14:52:17,506 [Worker-214: Building] WARN  o.e.m.c.i.embedder.EclipseLogger - Using platform encoding (MS949 actually) to copy filtered resources, i.e. build is platform dependent!
2026-04-03 14:52:17,506 [Worker-214: Building] INFO  o.e.m.c.i.embedder.EclipseLogger - Copying 0 resource
2026-04-03 14:52:19,652 [Worker-226: Building] WARN  o.e.m.c.i.embedder.EclipseLogger - Using platform encoding (MS949 actually) to copy filtered resources, i.e. build is platform dependent!
2026-04-03 14:52:19,652 [Worker-226: Building] INFO  o.e.m.c.i.embedder.EclipseLogger - Copying 0 resource
2026-04-03 14:52:19,652 [Worker-226: Building] WARN  o.e.m.c.i.embedder.EclipseLogger - Using platform encoding (MS949 actually) to copy filtered resources, i.e. build is platform dependent!
2026-04-03 14:52:19,652 [Worker-226: Building] INFO  o.e.m.c.i.embedder.EclipseLogger - Copying 0 resource
2026-04-03 14:52:26,599 [Worker-222: Building] WARN  o.e.m.c.i.embedder.EclipseLogger - Using platform encoding (MS949 actually) to copy filtered resources, i.e. build is platform dependent!
2026-04-03 14:52:26,599 [Worker-222: Building] INFO  o.e.m.c.i.embedder.EclipseLogger - Copying 1 resource
2026-04-03 14:52:26,599 [Worker-222: Building] WARN  o.e.m.c.i.embedder.EclipseLogger - Using platform encoding (MS949 actually) to copy filtered resources, i.e. build is platform dependent!
2026-04-03 14:52:26,599 [Worker-222: Building] INFO  o.e.m.c.i.embedder.EclipseLogger - Copying 0 resource
2026-04-03 14:52:27,742 [Worker-214: Building] WARN  o.e.m.c.i.embedder.EclipseLogger - Using platform encoding (MS949 actually) to copy filtered resources, i.e. build is platform dependent!
2026-04-03 14:52:27,748 [Worker-214: Building] INFO  o.e.m.c.i.embedder.EclipseLogger - Copying 1 resource
2026-04-03 14:52:27,748 [Worker-214: Building] WARN  o.e.m.c.i.embedder.EclipseLogger - Using platform encoding (MS949 actually) to copy filtered resources, i.e. build is platform dependent!
2026-04-03 14:52:27,748 [Worker-214: Building] INFO  o.e.m.c.i.embedder.EclipseLogger - Copying 0 resource
2026-04-03 14:52:44,146 [Worker-226: Building] WARN  o.e.m.c.i.embedder.EclipseLogger - Using platform encoding (MS949 actually) to copy filtered resources, i.e. build is platform dependent!
2026-04-03 14:52:44,146 [Worker-226: Building] INFO  o.e.m.c.i.embedder.EclipseLogger - Copying 0 resource
2026-04-03 14:52:44,146 [Worker-226: Building] WARN  o.e.m.c.i.embedder.EclipseLogger - Using platform encoding (MS949 actually) to copy filtered resources, i.e. build is platform dependent!
2026-04-03 14:52:44,156 [Worker-226: Building] INFO  o.e.m.c.i.embedder.EclipseLogger - Copying 0 resource
2026-04-03 15:02:18,568 [Worker-232: Building] WARN  o.e.m.c.i.embedder.EclipseLogger - Using platform encoding (MS949 actually) to copy filtered resources, i.e. build is platform dependent!
2026-04-03 15:02:18,568 [Worker-232: Building] INFO  o.e.m.c.i.embedder.EclipseLogger - Copying 1 resource
2026-04-03 15:02:18,568 [Worker-232: Building] WARN  o.e.m.c.i.embedder.EclipseLogger - Using platform encoding (MS949 actually) to copy filtered resources, i.e. build is platform dependent!
2026-04-03 15:02:18,572 [Worker-232: Building] INFO  o.e.m.c.i.embedder.EclipseLogger - Copying 0 resource
2026-04-03 15:02:38,317 [Worker-233: Building] WARN  o.e.m.c.i.embedder.EclipseLogger - Using platform encoding (MS949 actually) to copy filtered resources, i.e. build is platform dependent!
2026-04-03 15:02:38,317 [Worker-233: Building] INFO  o.e.m.c.i.embedder.EclipseLogger - Copying 1 resource
2026-04-03 15:02:38,318 [Worker-233: Building] WARN  o.e.m.c.i.embedder.EclipseLogger - Using platform encoding (MS949 actually) to copy filtered resources, i.e. build is platform dependent!
2026-04-03 15:02:38,318 [Worker-233: Building] INFO  o.e.m.c.i.embedder.EclipseLogger - Copying 0 resource
2026-04-03 15:02:54,185 [Worker-232: Building] WARN  o.e.m.c.i.embedder.EclipseLogger - Using platform encoding (MS949 actually) to copy filtered resources, i.e. build is platform dependent!
2026-04-03 15:02:54,185 [Worker-232: Building] INFO  o.e.m.c.i.embedder.EclipseLogger - Copying 1 resource
2026-04-03 15:02:54,185 [Worker-232: Building] WARN  o.e.m.c.i.embedder.EclipseLogger - Using platform encoding (MS949 actually) to copy filtered resources, i.e. build is platform dependent!
2026-04-03 15:02:54,185 [Worker-232: Building] INFO  o.e.m.c.i.embedder.EclipseLogger - Copying 0 resource
2026-04-03 15:03:02,383 [Worker-234: Building] WARN  o.e.m.c.i.embedder.EclipseLogger - Using platform encoding (MS949 actually) to copy filtered resources, i.e. build is platform dependent!
2026-04-03 15:03:02,383 [Worker-234: Building] INFO  o.e.m.c.i.embedder.EclipseLogger - Copying 1 resource
2026-04-03 15:03:02,383 [Worker-234: Building] WARN  o.e.m.c.i.embedder.EclipseLogger - Using platform encoding (MS949 actually) to copy filtered resources, i.e. build is platform dependent!
2026-04-03 15:03:02,389 [Worker-234: Building] INFO  o.e.m.c.i.embedder.EclipseLogger - Copying 0 resource
2026-04-03 15:05:28,459 [Worker-238: Building] WARN  o.e.m.c.i.embedder.EclipseLogger - Using platform encoding (MS949 actually) to copy filtered resources, i.e. build is platform dependent!
2026-04-03 15:05:28,460 [Worker-238: Building] INFO  o.e.m.c.i.embedder.EclipseLogger - Copying 1 resource
2026-04-03 15:05:28,460 [Worker-238: Building] WARN  o.e.m.c.i.embedder.EclipseLogger - Using platform encoding (MS949 actually) to copy filtered resources, i.e. build is platform dependent!
2026-04-03 15:05:28,460 [Worker-238: Building] INFO  o.e.m.c.i.embedder.EclipseLogger - Copying 0 resource
2026-04-03 15:05:38,232 [Worker-234: Building] WARN  o.e.m.c.i.embedder.EclipseLogger - Using platform encoding (MS949 actually) to copy filtered resources, i.e. build is platform dependent!
2026-04-03 15:05:38,232 [Worker-234: Building] INFO  o.e.m.c.i.embedder.EclipseLogger - Copying 1 resource
2026-04-03 15:05:38,232 [Worker-234: Building] WARN  o.e.m.c.i.embedder.EclipseLogger - Using platform encoding (MS949 actually) to copy filtered resources, i.e. build is platform dependent!
2026-04-03 15:05:38,232 [Worker-234: Building] INFO  o.e.m.c.i.embedder.EclipseLogger - Copying 0 resource
2026-04-03 15:05:41,462 [Worker-240: Building] WARN  o.e.m.c.i.embedder.EclipseLogger - Using platform encoding (MS949 actually) to copy filtered resources, i.e. build is platform dependent!
2026-04-03 15:05:41,463 [Worker-240: Building] INFO  o.e.m.c.i.embedder.EclipseLogger - Copying 1 resource
2026-04-03 15:05:41,464 [Worker-240: Building] WARN  o.e.m.c.i.embedder.EclipseLogger - Using platform encoding (MS949 actually) to copy filtered resources, i.e. build is platform dependent!
2026-04-03 15:05:41,464 [Worker-240: Building] INFO  o.e.m.c.i.embedder.EclipseLogger - Copying 0 resource
2026-04-03 15:05:47,271 [Worker-233: Building] WARN  o.e.m.c.i.embedder.EclipseLogger - Using platform encoding (MS949 actually) to copy filtered resources, i.e. build is platform dependent!
2026-04-03 15:05:47,272 [Worker-233: Building] INFO  o.e.m.c.i.embedder.EclipseLogger - Copying 1 resource
2026-04-03 15:05:47,272 [Worker-233: Building] WARN  o.e.m.c.i.embedder.EclipseLogger - Using platform encoding (MS949 actually) to copy filtered resources, i.e. build is platform dependent!
2026-04-03 15:05:47,274 [Worker-233: Building] INFO  o.e.m.c.i.embedder.EclipseLogger - Copying 0 resource
2026-04-03 15:06:05,902 [Worker-241: Building] WARN  o.e.m.c.i.embedder.EclipseLogger - Using platform encoding (MS949 actually) to copy filtered resources, i.e. build is platform dependent!
2026-04-03 15:06:05,904 [Worker-241: Building] INFO  o.e.m.c.i.embedder.EclipseLogger - Copying 1 resource
2026-04-03 15:06:05,904 [Worker-241: Building] WARN  o.e.m.c.i.embedder.EclipseLogger - Using platform encoding (MS949 actually) to copy filtered resources, i.e. build is platform dependent!
2026-04-03 15:06:05,904 [Worker-241: Building] INFO  o.e.m.c.i.embedder.EclipseLogger - Copying 0 resource
2026-04-03 15:06:17,217 [Worker-233: Building] WARN  o.e.m.c.i.embedder.EclipseLogger - Using platform encoding (MS949 actually) to copy filtered resources, i.e. build is platform dependent!
2026-04-03 15:06:17,217 [Worker-233: Building] INFO  o.e.m.c.i.embedder.EclipseLogger - Copying 1 resource
2026-04-03 15:06:17,217 [Worker-233: Building] WARN  o.e.m.c.i.embedder.EclipseLogger - Using platform encoding (MS949 actually) to copy filtered resources, i.e. build is platform dependent!
2026-04-03 15:06:17,217 [Worker-233: Building] INFO  o.e.m.c.i.embedder.EclipseLogger - Copying 0 resource
2026-04-03 15:06:46,063 [Worker-242: Building] WARN  o.e.m.c.i.embedder.EclipseLogger - Using platform encoding (MS949 actually) to copy filtered resources, i.e. build is platform dependent!
2026-04-03 15:06:46,063 [Worker-242: Building] INFO  o.e.m.c.i.embedder.EclipseLogger - Copying 1 resource
2026-04-03 15:06:46,063 [Worker-242: Building] WARN  o.e.m.c.i.embedder.EclipseLogger - Using platform encoding (MS949 actually) to copy filtered resources, i.e. build is platform dependent!
2026-04-03 15:06:46,063 [Worker-242: Building] INFO  o.e.m.c.i.embedder.EclipseLogger - Copying 0 resource
2026-04-03 15:08:06,899 [Worker-238: Building] WARN  o.e.m.c.i.embedder.EclipseLogger - Using platform encoding (MS949 actually) to copy filtered resources, i.e. build is platform dependent!
2026-04-03 15:08:06,899 [Worker-238: Building] INFO  o.e.m.c.i.embedder.EclipseLogger - Copying 1 resource
2026-04-03 15:08:06,907 [Worker-238: Building] WARN  o.e.m.c.i.embedder.EclipseLogger - Using platform encoding (MS949 actually) to copy filtered resources, i.e. build is platform dependent!
2026-04-03 15:08:06,907 [Worker-238: Building] INFO  o.e.m.c.i.embedder.EclipseLogger - Copying 0 resource
2026-04-03 15:08:29,106 [Worker-240: Building] WARN  o.e.m.c.i.embedder.EclipseLogger - Using platform encoding (MS949 actually) to copy filtered resources, i.e. build is platform dependent!
2026-04-03 15:08:29,110 [Worker-240: Building] INFO  o.e.m.c.i.embedder.EclipseLogger - Copying 1 resource
2026-04-03 15:08:29,111 [Worker-240: Building] WARN  o.e.m.c.i.embedder.EclipseLogger - Using platform encoding (MS949 actually) to copy filtered resources, i.e. build is platform dependent!
2026-04-03 15:08:29,111 [Worker-240: Building] INFO  o.e.m.c.i.embedder.EclipseLogger - Copying 0 resource
2026-04-03 15:08:33,042 [Worker-234: Building] WARN  o.e.m.c.i.embedder.EclipseLogger - Using platform encoding (MS949 actually) to copy filtered resources, i.e. build is platform dependent!
2026-04-03 15:08:33,042 [Worker-234: Building] INFO  o.e.m.c.i.embedder.EclipseLogger - Copying 1 resource
2026-04-03 15:08:33,046 [Worker-234: Building] WARN  o.e.m.c.i.embedder.EclipseLogger - Using platform encoding (MS949 actually) to copy filtered resources, i.e. build is platform dependent!
2026-04-03 15:08:33,046 [Worker-234: Building] INFO  o.e.m.c.i.embedder.EclipseLogger - Copying 0 resource
2026-04-03 15:08:49,717 [Worker-240: Building] WARN  o.e.m.c.i.embedder.EclipseLogger - Using platform encoding (MS949 actually) to copy filtered resources, i.e. build is platform dependent!
2026-04-03 15:08:49,734 [Worker-240: Building] INFO  o.e.m.c.i.embedder.EclipseLogger - Copying 1 resource
2026-04-03 15:08:49,734 [Worker-240: Building] WARN  o.e.m.c.i.embedder.EclipseLogger - Using platform encoding (MS949 actually) to copy filtered resources, i.e. build is platform dependent!
2026-04-03 15:08:49,734 [Worker-240: Building] INFO  o.e.m.c.i.embedder.EclipseLogger - Copying 0 resource
2026-04-03 15:08:56,387 [Worker-241: Building] WARN  o.e.m.c.i.embedder.EclipseLogger - Using platform encoding (MS949 actually) to copy filtered resources, i.e. build is platform dependent!
2026-04-03 15:08:56,387 [Worker-241: Building] INFO  o.e.m.c.i.embedder.EclipseLogger - Copying 1 resource
2026-04-03 15:08:56,387 [Worker-241: Building] WARN  o.e.m.c.i.embedder.EclipseLogger - Using platform encoding (MS949 actually) to copy filtered resources, i.e. build is platform dependent!
2026-04-03 15:08:56,387 [Worker-241: Building] INFO  o.e.m.c.i.embedder.EclipseLogger - Copying 0 resource
2026-04-03 15:09:13,822 [Worker-239: Building] WARN  o.e.m.c.i.embedder.EclipseLogger - Using platform encoding (MS949 actually) to copy filtered resources, i.e. build is platform dependent!
2026-04-03 15:09:13,822 [Worker-239: Building] INFO  o.e.m.c.i.embedder.EclipseLogger - Copying 1 resource
2026-04-03 15:09:13,832 [Worker-239: Building] WARN  o.e.m.c.i.embedder.EclipseLogger - Using platform encoding (MS949 actually) to copy filtered resources, i.e. build is platform dependent!
2026-04-03 15:09:13,832 [Worker-239: Building] INFO  o.e.m.c.i.embedder.EclipseLogger - Copying 0 resource
2026-04-03 15:09:15,979 [Worker-234: Building] WARN  o.e.m.c.i.embedder.EclipseLogger - Using platform encoding (MS949 actually) to copy filtered resources, i.e. build is platform dependent!
2026-04-03 15:09:15,980 [Worker-234: Building] INFO  o.e.m.c.i.embedder.EclipseLogger - Copying 1 resource
2026-04-03 15:09:15,980 [Worker-234: Building] WARN  o.e.m.c.i.embedder.EclipseLogger - Using platform encoding (MS949 actually) to copy filtered resources, i.e. build is platform dependent!
2026-04-03 15:09:15,980 [Worker-234: Building] INFO  o.e.m.c.i.embedder.EclipseLogger - Copying 0 resource
2026-04-03 15:09:18,572 [Worker-233: Building] WARN  o.e.m.c.i.embedder.EclipseLogger - Using platform encoding (MS949 actually) to copy filtered resources, i.e. build is platform dependent!
2026-04-03 15:09:18,572 [Worker-233: Building] INFO  o.e.m.c.i.embedder.EclipseLogger - Copying 1 resource
2026-04-03 15:09:18,574 [Worker-233: Building] WARN  o.e.m.c.i.embedder.EclipseLogger - Using platform encoding (MS949 actually) to copy filtered resources, i.e. build is platform dependent!
2026-04-03 15:09:18,574 [Worker-233: Building] INFO  o.e.m.c.i.embedder.EclipseLogger - Copying 0 resource
2026-04-03 15:10:53,391 [Worker-244: Building] WARN  o.e.m.c.i.embedder.EclipseLogger - Using platform encoding (MS949 actually) to copy filtered resources, i.e. build is platform dependent!
2026-04-03 15:10:53,391 [Worker-244: Building] INFO  o.e.m.c.i.embedder.EclipseLogger - Copying 1 resource
2026-04-03 15:10:53,391 [Worker-244: Building] WARN  o.e.m.c.i.embedder.EclipseLogger - Using platform encoding (MS949 actually) to copy filtered resources, i.e. build is platform dependent!
2026-04-03 15:10:53,391 [Worker-244: Building] INFO  o.e.m.c.i.embedder.EclipseLogger - Copying 0 resource
2026-04-03 15:11:05,947 [Worker-245: Building] WARN  o.e.m.c.i.embedder.EclipseLogger - Using platform encoding (MS949 actually) to copy filtered resources, i.e. build is platform dependent!
2026-04-03 15:11:05,947 [Worker-245: Building] INFO  o.e.m.c.i.embedder.EclipseLogger - Copying 1 resource
2026-04-03 15:11:05,947 [Worker-245: Building] WARN  o.e.m.c.i.embedder.EclipseLogger - Using platform encoding (MS949 actually) to copy filtered resources, i.e. build is platform dependent!
2026-04-03 15:11:05,947 [Worker-245: Building] INFO  o.e.m.c.i.embedder.EclipseLogger - Copying 0 resource
2026-04-03 15:14:45,133 [Worker-233: Building] WARN  o.e.m.c.i.embedder.EclipseLogger - Using platform encoding (MS949 actually) to copy filtered resources, i.e. build is platform dependent!
2026-04-03 15:14:45,133 [Worker-233: Building] INFO  o.e.m.c.i.embedder.EclipseLogger - Copying 1 resource
2026-04-03 15:14:45,133 [Worker-233: Building] WARN  o.e.m.c.i.embedder.EclipseLogger - Using platform encoding (MS949 actually) to copy filtered resources, i.e. build is platform dependent!
2026-04-03 15:14:45,133 [Worker-233: Building] INFO  o.e.m.c.i.embedder.EclipseLogger - Copying 0 resource
2026-04-03 15:14:47,207 [Worker-246: Building] WARN  o.e.m.c.i.embedder.EclipseLogger - Using platform encoding (MS949 actually) to copy filtered resources, i.e. build is platform dependent!
2026-04-03 15:14:47,209 [Worker-246: Building] INFO  o.e.m.c.i.embedder.EclipseLogger - Copying 1 resource
2026-04-03 15:14:47,209 [Worker-246: Building] WARN  o.e.m.c.i.embedder.EclipseLogger - Using platform encoding (MS949 actually) to copy filtered resources, i.e. build is platform dependent!
2026-04-03 15:14:47,209 [Worker-246: Building] INFO  o.e.m.c.i.embedder.EclipseLogger - Copying 0 resource
2026-04-03 15:14:53,378 [Worker-233: Building] WARN  o.e.m.c.i.embedder.EclipseLogger - Using platform encoding (MS949 actually) to copy filtered resources, i.e. build is platform dependent!
2026-04-03 15:14:53,378 [Worker-233: Building] INFO  o.e.m.c.i.embedder.EclipseLogger - Copying 1 resource
2026-04-03 15:14:53,378 [Worker-233: Building] WARN  o.e.m.c.i.embedder.EclipseLogger - Using platform encoding (MS949 actually) to copy filtered resources, i.e. build is platform dependent!
2026-04-03 15:14:53,378 [Worker-233: Building] INFO  o.e.m.c.i.embedder.EclipseLogger - Copying 0 resource
2026-04-03 15:15:45,227 [Worker-244: Building] WARN  o.e.m.c.i.embedder.EclipseLogger - Using platform encoding (MS949 actually) to copy filtered resources, i.e. build is platform dependent!
2026-04-03 15:15:45,227 [Worker-244: Building] INFO  o.e.m.c.i.embedder.EclipseLogger - Copying 1 resource
2026-04-03 15:15:45,234 [Worker-244: Building] WARN  o.e.m.c.i.embedder.EclipseLogger - Using platform encoding (MS949 actually) to copy filtered resources, i.e. build is platform dependent!
2026-04-03 15:15:45,234 [Worker-244: Building] INFO  o.e.m.c.i.embedder.EclipseLogger - Copying 0 resource
2026-04-03 15:15:48,391 [Worker-247: Building] WARN  o.e.m.c.i.embedder.EclipseLogger - Using platform encoding (MS949 actually) to copy filtered resources, i.e. build is platform dependent!
2026-04-03 15:15:48,391 [Worker-247: Building] INFO  o.e.m.c.i.embedder.EclipseLogger - Copying 1 resource
2026-04-03 15:15:48,391 [Worker-247: Building] WARN  o.e.m.c.i.embedder.EclipseLogger - Using platform encoding (MS949 actually) to copy filtered resources, i.e. build is platform dependent!
2026-04-03 15:15:48,391 [Worker-247: Building] INFO  o.e.m.c.i.embedder.EclipseLogger - Copying 0 resource
2026-04-03 15:17:24,472 [Worker-233: Building] WARN  o.e.m.c.i.embedder.EclipseLogger - Using platform encoding (MS949 actually) to copy filtered resources, i.e. build is platform dependent!
2026-04-03 15:17:24,495 [Worker-233: Building] INFO  o.e.m.c.i.embedder.EclipseLogger - Copying 1 resource
2026-04-03 15:17:24,496 [Worker-233: Building] WARN  o.e.m.c.i.embedder.EclipseLogger - Using platform encoding (MS949 actually) to copy filtered resources, i.e. build is platform dependent!
2026-04-03 15:17:24,496 [Worker-233: Building] INFO  o.e.m.c.i.embedder.EclipseLogger - Copying 0 resource
2026-04-03 15:17:27,668 [Worker-252: Building] WARN  o.e.m.c.i.embedder.EclipseLogger - Using platform encoding (MS949 actually) to copy filtered resources, i.e. build is platform dependent!
2026-04-03 15:17:27,668 [Worker-252: Building] INFO  o.e.m.c.i.embedder.EclipseLogger - Copying 1 resource
2026-04-03 15:17:27,678 [Worker-252: Building] WARN  o.e.m.c.i.embedder.EclipseLogger - Using platform encoding (MS949 actually) to copy filtered resources, i.e. build is platform dependent!
2026-04-03 15:17:27,678 [Worker-252: Building] INFO  o.e.m.c.i.embedder.EclipseLogger - Copying 0 resource
2026-04-03 15:17:28,829 [Worker-233: Building] WARN  o.e.m.c.i.embedder.EclipseLogger - Using platform encoding (MS949 actually) to copy filtered resources, i.e. build is platform dependent!
2026-04-03 15:17:28,829 [Worker-233: Building] INFO  o.e.m.c.i.embedder.EclipseLogger - Copying 1 resource
2026-04-03 15:17:28,829 [Worker-233: Building] WARN  o.e.m.c.i.embedder.EclipseLogger - Using platform encoding (MS949 actually) to copy filtered resources, i.e. build is platform dependent!
2026-04-03 15:17:28,829 [Worker-233: Building] INFO  o.e.m.c.i.embedder.EclipseLogger - Copying 0 resource
2026-04-03 15:17:33,923 [Worker-247: Building] WARN  o.e.m.c.i.embedder.EclipseLogger - Using platform encoding (MS949 actually) to copy filtered resources, i.e. build is platform dependent!
2026-04-03 15:17:33,939 [Worker-247: Building] INFO  o.e.m.c.i.embedder.EclipseLogger - Copying 1 resource
2026-04-03 15:17:33,939 [Worker-247: Building] WARN  o.e.m.c.i.embedder.EclipseLogger - Using platform encoding (MS949 actually) to copy filtered resources, i.e. build is platform dependent!
2026-04-03 15:17:33,939 [Worker-247: Building] INFO  o.e.m.c.i.embedder.EclipseLogger - Copying 0 resource
2026-04-03 15:19:02,657 [Worker-254: Building] WARN  o.e.m.c.i.embedder.EclipseLogger - Using platform encoding (MS949 actually) to copy filtered resources, i.e. build is platform dependent!
2026-04-03 15:19:02,657 [Worker-254: Building] INFO  o.e.m.c.i.embedder.EclipseLogger - Copying 1 resource
2026-04-03 15:19:02,659 [Worker-254: Building] WARN  o.e.m.c.i.embedder.EclipseLogger - Using platform encoding (MS949 actually) to copy filtered resources, i.e. build is platform dependent!
2026-04-03 15:19:02,659 [Worker-254: Building] INFO  o.e.m.c.i.embedder.EclipseLogger - Copying 0 resource
2026-04-03 15:19:08,791 [Worker-255: Building] WARN  o.e.m.c.i.embedder.EclipseLogger - Using platform encoding (MS949 actually) to copy filtered resources, i.e. build is platform dependent!
2026-04-03 15:19:08,791 [Worker-255: Building] INFO  o.e.m.c.i.embedder.EclipseLogger - Copying 1 resource
2026-04-03 15:19:08,791 [Worker-255: Building] WARN  o.e.m.c.i.embedder.EclipseLogger - Using platform encoding (MS949 actually) to copy filtered resources, i.e. build is platform dependent!
2026-04-03 15:19:08,791 [Worker-255: Building] INFO  o.e.m.c.i.embedder.EclipseLogger - Copying 0 resource
2026-04-03 15:19:31,403 [Worker-247: Building] WARN  o.e.m.c.i.embedder.EclipseLogger - Using platform encoding (MS949 actually) to copy filtered resources, i.e. build is platform dependent!
2026-04-03 15:19:31,403 [Worker-247: Building] INFO  o.e.m.c.i.embedder.EclipseLogger - Copying 1 resource
2026-04-03 15:19:31,407 [Worker-247: Building] WARN  o.e.m.c.i.embedder.EclipseLogger - Using platform encoding (MS949 actually) to copy filtered resources, i.e. build is platform dependent!
2026-04-03 15:19:31,407 [Worker-247: Building] INFO  o.e.m.c.i.embedder.EclipseLogger - Copying 0 resource
2026-04-03 15:20:46,644 [Worker-256: Building] WARN  o.e.m.c.i.embedder.EclipseLogger - Using platform encoding (MS949 actually) to copy filtered resources, i.e. build is platform dependent!
2026-04-03 15:20:46,644 [Worker-256: Building] INFO  o.e.m.c.i.embedder.EclipseLogger - Copying 1 resource
2026-04-03 15:20:46,644 [Worker-256: Building] WARN  o.e.m.c.i.embedder.EclipseLogger - Using platform encoding (MS949 actually) to copy filtered resources, i.e. build is platform dependent!
2026-04-03 15:20:46,644 [Worker-256: Building] INFO  o.e.m.c.i.embedder.EclipseLogger - Copying 0 resource
2026-04-03 15:20:50,875 [Worker-233: Building] WARN  o.e.m.c.i.embedder.EclipseLogger - Using platform encoding (MS949 actually) to copy filtered resources, i.e. build is platform dependent!
2026-04-03 15:20:50,876 [Worker-233: Building] INFO  o.e.m.c.i.embedder.EclipseLogger - Copying 1 resource
2026-04-03 15:20:50,876 [Worker-233: Building] WARN  o.e.m.c.i.embedder.EclipseLogger - Using platform encoding (MS949 actually) to copy filtered resources, i.e. build is platform dependent!
2026-04-03 15:20:50,876 [Worker-233: Building] INFO  o.e.m.c.i.embedder.EclipseLogger - Copying 0 resource
2026-04-03 15:21:25,484 [Worker-233: Building] WARN  o.e.m.c.i.embedder.EclipseLogger - Using platform encoding (MS949 actually) to copy filtered resources, i.e. build is platform dependent!
2026-04-03 15:21:25,484 [Worker-233: Building] INFO  o.e.m.c.i.embedder.EclipseLogger - Copying 1 resource
2026-04-03 15:21:25,484 [Worker-233: Building] WARN  o.e.m.c.i.embedder.EclipseLogger - Using platform encoding (MS949 actually) to copy filtered resources, i.e. build is platform dependent!
2026-04-03 15:21:25,484 [Worker-233: Building] INFO  o.e.m.c.i.embedder.EclipseLogger - Copying 0 resource
2026-04-03 15:21:26,555 [Worker-233: Building] WARN  o.e.m.c.i.embedder.EclipseLogger - Using platform encoding (MS949 actually) to copy filtered resources, i.e. build is platform dependent!
2026-04-03 15:21:26,555 [Worker-233: Building] INFO  o.e.m.c.i.embedder.EclipseLogger - Copying 1 resource
2026-04-03 15:21:26,555 [Worker-233: Building] WARN  o.e.m.c.i.embedder.EclipseLogger - Using platform encoding (MS949 actually) to copy filtered resources, i.e. build is platform dependent!
2026-04-03 15:21:26,555 [Worker-233: Building] INFO  o.e.m.c.i.embedder.EclipseLogger - Copying 0 resource
2026-04-03 15:21:38,716 [Worker-254: Building] WARN  o.e.m.c.i.embedder.EclipseLogger - Using platform encoding (MS949 actually) to copy filtered resources, i.e. build is platform dependent!
2026-04-03 15:21:38,718 [Worker-254: Building] INFO  o.e.m.c.i.embedder.EclipseLogger - Copying 1 resource
2026-04-03 15:21:38,718 [Worker-254: Building] WARN  o.e.m.c.i.embedder.EclipseLogger - Using platform encoding (MS949 actually) to copy filtered resources, i.e. build is platform dependent!
2026-04-03 15:21:38,718 [Worker-254: Building] INFO  o.e.m.c.i.embedder.EclipseLogger - Copying 0 resource
2026-04-03 15:21:46,825 [Worker-258: Building] WARN  o.e.m.c.i.embedder.EclipseLogger - Using platform encoding (MS949 actually) to copy filtered resources, i.e. build is platform dependent!
2026-04-03 15:21:46,825 [Worker-258: Building] INFO  o.e.m.c.i.embedder.EclipseLogger - Copying 1 resource
2026-04-03 15:21:46,825 [Worker-258: Building] WARN  o.e.m.c.i.embedder.EclipseLogger - Using platform encoding (MS949 actually) to copy filtered resources, i.e. build is platform dependent!
2026-04-03 15:21:46,825 [Worker-258: Building] INFO  o.e.m.c.i.embedder.EclipseLogger - Copying 0 resource
2026-04-03 15:21:51,125 [Worker-259: Building] WARN  o.e.m.c.i.embedder.EclipseLogger - Using platform encoding (MS949 actually) to copy filtered resources, i.e. build is platform dependent!
2026-04-03 15:21:51,125 [Worker-259: Building] INFO  o.e.m.c.i.embedder.EclipseLogger - Copying 1 resource
2026-04-03 15:21:51,125 [Worker-259: Building] WARN  o.e.m.c.i.embedder.EclipseLogger - Using platform encoding (MS949 actually) to copy filtered resources, i.e. build is platform dependent!
2026-04-03 15:21:51,126 [Worker-259: Building] INFO  o.e.m.c.i.embedder.EclipseLogger - Copying 0 resource
2026-04-03 15:23:08,923 [Worker-258: Building] WARN  o.e.m.c.i.embedder.EclipseLogger - Using platform encoding (MS949 actually) to copy filtered resources, i.e. build is platform dependent!
2026-04-03 15:23:08,927 [Worker-258: Building] INFO  o.e.m.c.i.embedder.EclipseLogger - Copying 1 resource
2026-04-03 15:23:08,927 [Worker-258: Building] WARN  o.e.m.c.i.embedder.EclipseLogger - Using platform encoding (MS949 actually) to copy filtered resources, i.e. build is platform dependent!
2026-04-03 15:23:08,927 [Worker-258: Building] INFO  o.e.m.c.i.embedder.EclipseLogger - Copying 0 resource
2026-04-03 15:23:10,367 [Worker-257: Building] WARN  o.e.m.c.i.embedder.EclipseLogger - Using platform encoding (MS949 actually) to copy filtered resources, i.e. build is platform dependent!
2026-04-03 15:23:10,367 [Worker-257: Building] INFO  o.e.m.c.i.embedder.EclipseLogger - Copying 1 resource
2026-04-03 15:23:10,367 [Worker-257: Building] WARN  o.e.m.c.i.embedder.EclipseLogger - Using platform encoding (MS949 actually) to copy filtered resources, i.e. build is platform dependent!
2026-04-03 15:23:10,367 [Worker-257: Building] INFO  o.e.m.c.i.embedder.EclipseLogger - Copying 0 resource
2026-04-03 15:24:01,191 [Worker-263: Building] WARN  o.e.m.c.i.embedder.EclipseLogger - Using platform encoding (MS949 actually) to copy filtered resources, i.e. build is platform dependent!
2026-04-03 15:24:01,191 [Worker-263: Building] INFO  o.e.m.c.i.embedder.EclipseLogger - Copying 0 resource
2026-04-03 15:24:01,191 [Worker-263: Building] WARN  o.e.m.c.i.embedder.EclipseLogger - Using platform encoding (MS949 actually) to copy filtered resources, i.e. build is platform dependent!
2026-04-03 15:24:01,191 [Worker-263: Building] INFO  o.e.m.c.i.embedder.EclipseLogger - Copying 0 resource
2026-04-03 15:24:03,231 [Worker-258: Building] WARN  o.e.m.c.i.embedder.EclipseLogger - Using platform encoding (MS949 actually) to copy filtered resources, i.e. build is platform dependent!
2026-04-03 15:24:03,231 [Worker-258: Building] INFO  o.e.m.c.i.embedder.EclipseLogger - Copying 0 resource
2026-04-03 15:24:03,233 [Worker-258: Building] WARN  o.e.m.c.i.embedder.EclipseLogger - Using platform encoding (MS949 actually) to copy filtered resources, i.e. build is platform dependent!
2026-04-03 15:24:03,233 [Worker-258: Building] INFO  o.e.m.c.i.embedder.EclipseLogger - Copying 0 resource
2026-04-03 15:24:15,391 [Worker-261: Building] WARN  o.e.m.c.i.embedder.EclipseLogger - Using platform encoding (MS949 actually) to copy filtered resources, i.e. build is platform dependent!
2026-04-03 15:24:15,391 [Worker-261: Building] INFO  o.e.m.c.i.embedder.EclipseLogger - Copying 0 resource
2026-04-03 15:24:15,391 [Worker-261: Building] WARN  o.e.m.c.i.embedder.EclipseLogger - Using platform encoding (MS949 actually) to copy filtered resources, i.e. build is platform dependent!
2026-04-03 15:24:15,391 [Worker-261: Building] INFO  o.e.m.c.i.embedder.EclipseLogger - Copying 0 resource
2026-04-03 15:24:24,921 [Worker-260: Building] WARN  o.e.m.c.i.embedder.EclipseLogger - Using platform encoding (MS949 actually) to copy filtered resources, i.e. build is platform dependent!
2026-04-03 15:24:24,921 [Worker-260: Building] INFO  o.e.m.c.i.embedder.EclipseLogger - Copying 0 resource
2026-04-03 15:24:24,921 [Worker-260: Building] WARN  o.e.m.c.i.embedder.EclipseLogger - Using platform encoding (MS949 actually) to copy filtered resources, i.e. build is platform dependent!
2026-04-03 15:24:24,921 [Worker-260: Building] INFO  o.e.m.c.i.embedder.EclipseLogger - Copying 0 resource
2026-04-03 15:24:34,866 [Worker-258: Building] WARN  o.e.m.c.i.embedder.EclipseLogger - Using platform encoding (MS949 actually) to copy filtered resources, i.e. build is platform dependent!
2026-04-03 15:24:34,866 [Worker-258: Building] INFO  o.e.m.c.i.embedder.EclipseLogger - Copying 0 resource
2026-04-03 15:24:34,866 [Worker-258: Building] WARN  o.e.m.c.i.embedder.EclipseLogger - Using platform encoding (MS949 actually) to copy filtered resources, i.e. build is platform dependent!
2026-04-03 15:24:34,866 [Worker-258: Building] INFO  o.e.m.c.i.embedder.EclipseLogger - Copying 0 resource
2026-04-03 15:24:37,930 [Worker-257: Building] WARN  o.e.m.c.i.embedder.EclipseLogger - Using platform encoding (MS949 actually) to copy filtered resources, i.e. build is platform dependent!
2026-04-03 15:24:37,930 [Worker-257: Building] INFO  o.e.m.c.i.embedder.EclipseLogger - Copying 0 resource
2026-04-03 15:24:37,930 [Worker-257: Building] WARN  o.e.m.c.i.embedder.EclipseLogger - Using platform encoding (MS949 actually) to copy filtered resources, i.e. build is platform dependent!
2026-04-03 15:24:37,930 [Worker-257: Building] INFO  o.e.m.c.i.embedder.EclipseLogger - Copying 0 resource
2026-04-03 15:24:42,528 [Worker-257: Building] WARN  o.e.m.c.i.embedder.EclipseLogger - Using platform encoding (MS949 actually) to copy filtered resources, i.e. build is platform dependent!
2026-04-03 15:24:42,528 [Worker-257: Building] INFO  o.e.m.c.i.embedder.EclipseLogger - Copying 0 resource
2026-04-03 15:24:42,531 [Worker-257: Building] WARN  o.e.m.c.i.embedder.EclipseLogger - Using platform encoding (MS949 actually) to copy filtered resources, i.e. build is platform dependent!
2026-04-03 15:24:42,531 [Worker-257: Building] INFO  o.e.m.c.i.embedder.EclipseLogger - Copying 0 resource
2026-04-03 15:26:56,931 [Worker-258: Building] WARN  o.e.m.c.i.embedder.EclipseLogger - Using platform encoding (MS949 actually) to copy filtered resources, i.e. build is platform dependent!
2026-04-03 15:26:56,931 [Worker-258: Building] INFO  o.e.m.c.i.embedder.EclipseLogger - Copying 1 resource
2026-04-03 15:26:56,947 [Worker-258: Building] WARN  o.e.m.c.i.embedder.EclipseLogger - Using platform encoding (MS949 actually) to copy filtered resources, i.e. build is platform dependent!
2026-04-03 15:26:56,947 [Worker-258: Building] INFO  o.e.m.c.i.embedder.EclipseLogger - Copying 0 resource
2026-04-03 15:27:10,005 [Worker-264: Building] WARN  o.e.m.c.i.embedder.EclipseLogger - Using platform encoding (MS949 actually) to copy filtered resources, i.e. build is platform dependent!
2026-04-03 15:27:10,005 [Worker-264: Building] INFO  o.e.m.c.i.embedder.EclipseLogger - Copying 1 resource
2026-04-03 15:27:10,005 [Worker-264: Building] WARN  o.e.m.c.i.embedder.EclipseLogger - Using platform encoding (MS949 actually) to copy filtered resources, i.e. build is platform dependent!
2026-04-03 15:27:10,005 [Worker-264: Building] INFO  o.e.m.c.i.embedder.EclipseLogger - Copying 0 resource
2026-04-03 15:27:21,196 [Worker-258: Building] WARN  o.e.m.c.i.embedder.EclipseLogger - Using platform encoding (MS949 actually) to copy filtered resources, i.e. build is platform dependent!
2026-04-03 15:27:21,196 [Worker-258: Building] INFO  o.e.m.c.i.embedder.EclipseLogger - Copying 1 resource
2026-04-03 15:27:21,196 [Worker-258: Building] WARN  o.e.m.c.i.embedder.EclipseLogger - Using platform encoding (MS949 actually) to copy filtered resources, i.e. build is platform dependent!
2026-04-03 15:27:21,196 [Worker-258: Building] INFO  o.e.m.c.i.embedder.EclipseLogger - Copying 0 resource
2026-04-03 15:27:32,461 [Worker-266: Building] WARN  o.e.m.c.i.embedder.EclipseLogger - Using platform encoding (MS949 actually) to copy filtered resources, i.e. build is platform dependent!
2026-04-03 15:27:32,461 [Worker-266: Building] INFO  o.e.m.c.i.embedder.EclipseLogger - Copying 1 resource
2026-04-03 15:27:32,461 [Worker-266: Building] WARN  o.e.m.c.i.embedder.EclipseLogger - Using platform encoding (MS949 actually) to copy filtered resources, i.e. build is platform dependent!
2026-04-03 15:27:32,461 [Worker-266: Building] INFO  o.e.m.c.i.embedder.EclipseLogger - Copying 0 resource
2026-04-03 15:27:39,535 [Worker-265: Building] WARN  o.e.m.c.i.embedder.EclipseLogger - Using platform encoding (MS949 actually) to copy filtered resources, i.e. build is platform dependent!
2026-04-03 15:27:39,535 [Worker-265: Building] INFO  o.e.m.c.i.embedder.EclipseLogger - Copying 1 resource
2026-04-03 15:27:39,535 [Worker-265: Building] WARN  o.e.m.c.i.embedder.EclipseLogger - Using platform encoding (MS949 actually) to copy filtered resources, i.e. build is platform dependent!
2026-04-03 15:27:39,535 [Worker-265: Building] INFO  o.e.m.c.i.embedder.EclipseLogger - Copying 0 resource
2026-04-03 15:27:42,767 [Worker-264: Building] WARN  o.e.m.c.i.embedder.EclipseLogger - Using platform encoding (MS949 actually) to copy filtered resources, i.e. build is platform dependent!
2026-04-03 15:27:42,767 [Worker-264: Building] INFO  o.e.m.c.i.embedder.EclipseLogger - Copying 1 resource
2026-04-03 15:27:42,782 [Worker-264: Building] WARN  o.e.m.c.i.embedder.EclipseLogger - Using platform encoding (MS949 actually) to copy filtered resources, i.e. build is platform dependent!
2026-04-03 15:27:42,782 [Worker-264: Building] INFO  o.e.m.c.i.embedder.EclipseLogger - Copying 0 resource
2026-04-03 15:27:59,752 [Worker-264: Building] WARN  o.e.m.c.i.embedder.EclipseLogger - Using platform encoding (MS949 actually) to copy filtered resources, i.e. build is platform dependent!
2026-04-03 15:27:59,752 [Worker-264: Building] INFO  o.e.m.c.i.embedder.EclipseLogger - Copying 1 resource
2026-04-03 15:27:59,752 [Worker-264: Building] WARN  o.e.m.c.i.embedder.EclipseLogger - Using platform encoding (MS949 actually) to copy filtered resources, i.e. build is platform dependent!
2026-04-03 15:27:59,752 [Worker-264: Building] INFO  o.e.m.c.i.embedder.EclipseLogger - Copying 0 resource
2026-04-03 15:28:05,887 [Worker-267: Building] WARN  o.e.m.c.i.embedder.EclipseLogger - Using platform encoding (MS949 actually) to copy filtered resources, i.e. build is platform dependent!
2026-04-03 15:28:05,889 [Worker-267: Building] INFO  o.e.m.c.i.embedder.EclipseLogger - Copying 1 resource
2026-04-03 15:28:05,889 [Worker-267: Building] WARN  o.e.m.c.i.embedder.EclipseLogger - Using platform encoding (MS949 actually) to copy filtered resources, i.e. build is platform dependent!
2026-04-03 15:28:05,889 [Worker-267: Building] INFO  o.e.m.c.i.embedder.EclipseLogger - Copying 0 resource
2026-04-03 15:28:13,903 [Worker-267: Building] WARN  o.e.m.c.i.embedder.EclipseLogger - Using platform encoding (MS949 actually) to copy filtered resources, i.e. build is platform dependent!
2026-04-03 15:28:13,903 [Worker-267: Building] INFO  o.e.m.c.i.embedder.EclipseLogger - Copying 1 resource
2026-04-03 15:28:13,903 [Worker-267: Building] WARN  o.e.m.c.i.embedder.EclipseLogger - Using platform encoding (MS949 actually) to copy filtered resources, i.e. build is platform dependent!
2026-04-03 15:28:13,903 [Worker-267: Building] INFO  o.e.m.c.i.embedder.EclipseLogger - Copying 0 resource
2026-04-03 15:28:37,492 [Worker-267: Building] WARN  o.e.m.c.i.embedder.EclipseLogger - Using platform encoding (MS949 actually) to copy filtered resources, i.e. build is platform dependent!
2026-04-03 15:28:37,492 [Worker-267: Building] INFO  o.e.m.c.i.embedder.EclipseLogger - Copying 1 resource
2026-04-03 15:28:37,492 [Worker-267: Building] WARN  o.e.m.c.i.embedder.EclipseLogger - Using platform encoding (MS949 actually) to copy filtered resources, i.e. build is platform dependent!
2026-04-03 15:28:37,492 [Worker-267: Building] INFO  o.e.m.c.i.embedder.EclipseLogger - Copying 0 resource
2026-04-03 15:28:41,581 [Worker-267: Building] WARN  o.e.m.c.i.embedder.EclipseLogger - Using platform encoding (MS949 actually) to copy filtered resources, i.e. build is platform dependent!
2026-04-03 15:28:41,581 [Worker-267: Building] INFO  o.e.m.c.i.embedder.EclipseLogger - Copying 1 resource
2026-04-03 15:28:41,581 [Worker-267: Building] WARN  o.e.m.c.i.embedder.EclipseLogger - Using platform encoding (MS949 actually) to copy filtered resources, i.e. build is platform dependent!
2026-04-03 15:28:41,581 [Worker-267: Building] INFO  o.e.m.c.i.embedder.EclipseLogger - Copying 0 resource
2026-04-03 15:28:50,978 [Worker-258: Building] WARN  o.e.m.c.i.embedder.EclipseLogger - Using platform encoding (MS949 actually) to copy filtered resources, i.e. build is platform dependent!
2026-04-03 15:28:50,978 [Worker-258: Building] INFO  o.e.m.c.i.embedder.EclipseLogger - Copying 1 resource
2026-04-03 15:28:50,978 [Worker-258: Building] WARN  o.e.m.c.i.embedder.EclipseLogger - Using platform encoding (MS949 actually) to copy filtered resources, i.e. build is platform dependent!
2026-04-03 15:28:50,978 [Worker-258: Building] INFO  o.e.m.c.i.embedder.EclipseLogger - Copying 0 resource
2026-04-03 15:28:52,402 [Worker-258: Building] WARN  o.e.m.c.i.embedder.EclipseLogger - Using platform encoding (MS949 actually) to copy filtered resources, i.e. build is platform dependent!
2026-04-03 15:28:52,410 [Worker-258: Building] INFO  o.e.m.c.i.embedder.EclipseLogger - Copying 1 resource
2026-04-03 15:28:52,410 [Worker-258: Building] WARN  o.e.m.c.i.embedder.EclipseLogger - Using platform encoding (MS949 actually) to copy filtered resources, i.e. build is platform dependent!
2026-04-03 15:28:52,410 [Worker-258: Building] INFO  o.e.m.c.i.embedder.EclipseLogger - Copying 0 resource
2026-04-03 15:30:50,833 [Worker-265: Building] WARN  o.e.m.c.i.embedder.EclipseLogger - Using platform encoding (MS949 actually) to copy filtered resources, i.e. build is platform dependent!
2026-04-03 15:30:50,833 [Worker-265: Building] INFO  o.e.m.c.i.embedder.EclipseLogger - Copying 0 resource
2026-04-03 15:30:50,833 [Worker-265: Building] WARN  o.e.m.c.i.embedder.EclipseLogger - Using platform encoding (MS949 actually) to copy filtered resources, i.e. build is platform dependent!
2026-04-03 15:30:50,833 [Worker-265: Building] INFO  o.e.m.c.i.embedder.EclipseLogger - Copying 0 resource
2026-04-03 15:31:28,907 [Worker-264: Building] WARN  o.e.m.c.i.embedder.EclipseLogger - Using platform encoding (MS949 actually) to copy filtered resources, i.e. build is platform dependent!
2026-04-03 15:31:28,909 [Worker-264: Building] INFO  o.e.m.c.i.embedder.EclipseLogger - Copying 0 resource
2026-04-03 15:31:28,909 [Worker-264: Building] WARN  o.e.m.c.i.embedder.EclipseLogger - Using platform encoding (MS949 actually) to copy filtered resources, i.e. build is platform dependent!
2026-04-03 15:31:28,909 [Worker-264: Building] INFO  o.e.m.c.i.embedder.EclipseLogger - Copying 0 resource
2026-04-03 15:31:51,203 [Worker-265: Building] WARN  o.e.m.c.i.embedder.EclipseLogger - Using platform encoding (MS949 actually) to copy filtered resources, i.e. build is platform dependent!
2026-04-03 15:31:51,205 [Worker-265: Building] INFO  o.e.m.c.i.embedder.EclipseLogger - Copying 1 resource
2026-04-03 15:31:51,205 [Worker-265: Building] WARN  o.e.m.c.i.embedder.EclipseLogger - Using platform encoding (MS949 actually) to copy filtered resources, i.e. build is platform dependent!
2026-04-03 15:31:51,205 [Worker-265: Building] INFO  o.e.m.c.i.embedder.EclipseLogger - Copying 0 resource
2026-04-03 15:32:02,070 [Worker-265: Building] WARN  o.e.m.c.i.embedder.EclipseLogger - Using platform encoding (MS949 actually) to copy filtered resources, i.e. build is platform dependent!
2026-04-03 15:32:02,070 [Worker-265: Building] INFO  o.e.m.c.i.embedder.EclipseLogger - Copying 1 resource
2026-04-03 15:32:02,070 [Worker-265: Building] WARN  o.e.m.c.i.embedder.EclipseLogger - Using platform encoding (MS949 actually) to copy filtered resources, i.e. build is platform dependent!
2026-04-03 15:32:02,070 [Worker-265: Building] INFO  o.e.m.c.i.embedder.EclipseLogger - Copying 0 resource
2026-04-03 15:32:17,086 [Worker-267: Building] WARN  o.e.m.c.i.embedder.EclipseLogger - Using platform encoding (MS949 actually) to copy filtered resources, i.e. build is platform dependent!
2026-04-03 15:32:17,086 [Worker-267: Building] INFO  o.e.m.c.i.embedder.EclipseLogger - Copying 1 resource
2026-04-03 15:32:17,086 [Worker-267: Building] WARN  o.e.m.c.i.embedder.EclipseLogger - Using platform encoding (MS949 actually) to copy filtered resources, i.e. build is platform dependent!
2026-04-03 15:32:17,086 [Worker-267: Building] INFO  o.e.m.c.i.embedder.EclipseLogger - Copying 0 resource
2026-04-03 15:32:21,249 [Worker-264: Building] WARN  o.e.m.c.i.embedder.EclipseLogger - Using platform encoding (MS949 actually) to copy filtered resources, i.e. build is platform dependent!
2026-04-03 15:32:21,249 [Worker-264: Building] INFO  o.e.m.c.i.embedder.EclipseLogger - Copying 1 resource
2026-04-03 15:32:21,249 [Worker-264: Building] WARN  o.e.m.c.i.embedder.EclipseLogger - Using platform encoding (MS949 actually) to copy filtered resources, i.e. build is platform dependent!
2026-04-03 15:32:21,249 [Worker-264: Building] INFO  o.e.m.c.i.embedder.EclipseLogger - Copying 0 resource
2026-04-03 15:32:54,167 [Worker-271: Building] WARN  o.e.m.c.i.embedder.EclipseLogger - Using platform encoding (MS949 actually) to copy filtered resources, i.e. build is platform dependent!
2026-04-03 15:32:54,178 [Worker-271: Building] INFO  o.e.m.c.i.embedder.EclipseLogger - Copying 1 resource
2026-04-03 15:32:54,178 [Worker-271: Building] WARN  o.e.m.c.i.embedder.EclipseLogger - Using platform encoding (MS949 actually) to copy filtered resources, i.e. build is platform dependent!
2026-04-03 15:32:54,178 [Worker-271: Building] INFO  o.e.m.c.i.embedder.EclipseLogger - Copying 0 resource
2026-04-03 15:33:00,426 [Worker-271: Building] WARN  o.e.m.c.i.embedder.EclipseLogger - Using platform encoding (MS949 actually) to copy filtered resources, i.e. build is platform dependent!
2026-04-03 15:33:00,426 [Worker-271: Building] INFO  o.e.m.c.i.embedder.EclipseLogger - Copying 1 resource
2026-04-03 15:33:00,426 [Worker-271: Building] WARN  o.e.m.c.i.embedder.EclipseLogger - Using platform encoding (MS949 actually) to copy filtered resources, i.e. build is platform dependent!
2026-04-03 15:33:00,426 [Worker-271: Building] INFO  o.e.m.c.i.embedder.EclipseLogger - Copying 0 resource
2026-04-03 15:33:04,731 [Worker-264: Building] WARN  o.e.m.c.i.embedder.EclipseLogger - Using platform encoding (MS949 actually) to copy filtered resources, i.e. build is platform dependent!
2026-04-03 15:33:04,731 [Worker-264: Building] INFO  o.e.m.c.i.embedder.EclipseLogger - Copying 1 resource
2026-04-03 15:33:04,731 [Worker-264: Building] WARN  o.e.m.c.i.embedder.EclipseLogger - Using platform encoding (MS949 actually) to copy filtered resources, i.e. build is platform dependent!
2026-04-03 15:33:04,731 [Worker-264: Building] INFO  o.e.m.c.i.embedder.EclipseLogger - Copying 0 resource
2026-04-03 15:33:24,095 [Worker-267: Building] WARN  o.e.m.c.i.embedder.EclipseLogger - Using platform encoding (MS949 actually) to copy filtered resources, i.e. build is platform dependent!
2026-04-03 15:33:24,095 [Worker-267: Building] INFO  o.e.m.c.i.embedder.EclipseLogger - Copying 1 resource
2026-04-03 15:33:24,097 [Worker-267: Building] WARN  o.e.m.c.i.embedder.EclipseLogger - Using platform encoding (MS949 actually) to copy filtered resources, i.e. build is platform dependent!
2026-04-03 15:33:24,097 [Worker-267: Building] INFO  o.e.m.c.i.embedder.EclipseLogger - Copying 0 resource
2026-04-03 15:33:36,482 [Worker-269: Building] WARN  o.e.m.c.i.embedder.EclipseLogger - Using platform encoding (MS949 actually) to copy filtered resources, i.e. build is platform dependent!
2026-04-03 15:33:36,482 [Worker-269: Building] INFO  o.e.m.c.i.embedder.EclipseLogger - Copying 1 resource
2026-04-03 15:33:36,482 [Worker-269: Building] WARN  o.e.m.c.i.embedder.EclipseLogger - Using platform encoding (MS949 actually) to copy filtered resources, i.e. build is platform dependent!
2026-04-03 15:33:36,482 [Worker-269: Building] INFO  o.e.m.c.i.embedder.EclipseLogger - Copying 0 resource
2026-04-03 15:34:04,749 [Worker-268: Building] WARN  o.e.m.c.i.embedder.EclipseLogger - Using platform encoding (MS949 actually) to copy filtered resources, i.e. build is platform dependent!
2026-04-03 15:34:04,751 [Worker-268: Building] INFO  o.e.m.c.i.embedder.EclipseLogger - Copying 1 resource
2026-04-03 15:34:04,751 [Worker-268: Building] WARN  o.e.m.c.i.embedder.EclipseLogger - Using platform encoding (MS949 actually) to copy filtered resources, i.e. build is platform dependent!
2026-04-03 15:34:04,751 [Worker-268: Building] INFO  o.e.m.c.i.embedder.EclipseLogger - Copying 0 resource
2026-04-03 15:56:52,430 [Worker-279: Building] WARN  o.e.m.c.i.embedder.EclipseLogger - Using platform encoding (MS949 actually) to copy filtered resources, i.e. build is platform dependent!
2026-04-03 15:56:52,431 [Worker-279: Building] INFO  o.e.m.c.i.embedder.EclipseLogger - Copying 1 resource
2026-04-03 15:56:52,431 [Worker-279: Building] WARN  o.e.m.c.i.embedder.EclipseLogger - Using platform encoding (MS949 actually) to copy filtered resources, i.e. build is platform dependent!
2026-04-03 15:56:52,432 [Worker-279: Building] INFO  o.e.m.c.i.embedder.EclipseLogger - Copying 0 resource
2026-04-03 15:56:54,446 [Worker-278: Building] WARN  o.e.m.c.i.embedder.EclipseLogger - Using platform encoding (MS949 actually) to copy filtered resources, i.e. build is platform dependent!
2026-04-03 15:56:54,446 [Worker-278: Building] INFO  o.e.m.c.i.embedder.EclipseLogger - Copying 0 resource
2026-04-03 15:56:54,446 [Worker-278: Building] WARN  o.e.m.c.i.embedder.EclipseLogger - Using platform encoding (MS949 actually) to copy filtered resources, i.e. build is platform dependent!
2026-04-03 15:56:54,446 [Worker-278: Building] INFO  o.e.m.c.i.embedder.EclipseLogger - Copying 0 resource
2026-04-03 15:58:01,587 [Worker-277: Building] WARN  o.e.m.c.i.embedder.EclipseLogger - Using platform encoding (MS949 actually) to copy filtered resources, i.e. build is platform dependent!
2026-04-03 15:58:01,587 [Worker-277: Building] INFO  o.e.m.c.i.embedder.EclipseLogger - Copying 1 resource
2026-04-03 15:58:01,587 [Worker-277: Building] WARN  o.e.m.c.i.embedder.EclipseLogger - Using platform encoding (MS949 actually) to copy filtered resources, i.e. build is platform dependent!
2026-04-03 15:58:01,587 [Worker-277: Building] INFO  o.e.m.c.i.embedder.EclipseLogger - Copying 0 resource
2026-04-03 16:10:10,113 [Worker-214: Building] WARN  o.e.m.c.i.embedder.EclipseLogger - Using platform encoding (MS949 actually) to copy filtered resources, i.e. build is platform dependent!
2026-04-03 16:10:10,125 [Worker-214: Building] INFO  o.e.m.c.i.embedder.EclipseLogger - Copying 1 resource
2026-04-03 16:10:10,125 [Worker-214: Building] WARN  o.e.m.c.i.embedder.EclipseLogger - Using platform encoding (MS949 actually) to copy filtered resources, i.e. build is platform dependent!
2026-04-03 16:10:10,125 [Worker-214: Building] INFO  o.e.m.c.i.embedder.EclipseLogger - Copying 0 resource
2026-04-03 16:10:17,841 [Worker-285: Building] WARN  o.e.m.c.i.embedder.EclipseLogger - Using platform encoding (MS949 actually) to copy filtered resources, i.e. build is platform dependent!
2026-04-03 16:10:17,846 [Worker-285: Building] INFO  o.e.m.c.i.embedder.EclipseLogger - Copying 1 resource
2026-04-03 16:10:17,846 [Worker-285: Building] WARN  o.e.m.c.i.embedder.EclipseLogger - Using platform encoding (MS949 actually) to copy filtered resources, i.e. build is platform dependent!
2026-04-03 16:10:17,846 [Worker-285: Building] INFO  o.e.m.c.i.embedder.EclipseLogger - Copying 0 resource
2026-04-03 16:10:39,074 [Worker-214: Building] WARN  o.e.m.c.i.embedder.EclipseLogger - Using platform encoding (MS949 actually) to copy filtered resources, i.e. build is platform dependent!
2026-04-03 16:10:39,076 [Worker-214: Building] INFO  o.e.m.c.i.embedder.EclipseLogger - Copying 1 resource
2026-04-03 16:10:39,076 [Worker-214: Building] WARN  o.e.m.c.i.embedder.EclipseLogger - Using platform encoding (MS949 actually) to copy filtered resources, i.e. build is platform dependent!
2026-04-03 16:10:39,076 [Worker-214: Building] INFO  o.e.m.c.i.embedder.EclipseLogger - Copying 0 resource
2026-04-03 16:10:45,195 [Worker-286: Building] WARN  o.e.m.c.i.embedder.EclipseLogger - Using platform encoding (MS949 actually) to copy filtered resources, i.e. build is platform dependent!
2026-04-03 16:10:45,195 [Worker-286: Building] INFO  o.e.m.c.i.embedder.EclipseLogger - Copying 1 resource
2026-04-03 16:10:45,195 [Worker-286: Building] WARN  o.e.m.c.i.embedder.EclipseLogger - Using platform encoding (MS949 actually) to copy filtered resources, i.e. build is platform dependent!
2026-04-03 16:10:45,195 [Worker-286: Building] INFO  o.e.m.c.i.embedder.EclipseLogger - Copying 0 resource
2026-04-03 16:10:53,855 [Worker-277: Building] WARN  o.e.m.c.i.embedder.EclipseLogger - Using platform encoding (MS949 actually) to copy filtered resources, i.e. build is platform dependent!
2026-04-03 16:10:53,855 [Worker-277: Building] INFO  o.e.m.c.i.embedder.EclipseLogger - Copying 1 resource
2026-04-03 16:10:53,855 [Worker-277: Building] WARN  o.e.m.c.i.embedder.EclipseLogger - Using platform encoding (MS949 actually) to copy filtered resources, i.e. build is platform dependent!
2026-04-03 16:10:53,855 [Worker-277: Building] INFO  o.e.m.c.i.embedder.EclipseLogger - Copying 0 resource
2026-04-03 16:11:02,610 [Worker-285: Building] WARN  o.e.m.c.i.embedder.EclipseLogger - Using platform encoding (MS949 actually) to copy filtered resources, i.e. build is platform dependent!
2026-04-03 16:11:02,619 [Worker-285: Building] INFO  o.e.m.c.i.embedder.EclipseLogger - Copying 1 resource
2026-04-03 16:11:02,619 [Worker-285: Building] WARN  o.e.m.c.i.embedder.EclipseLogger - Using platform encoding (MS949 actually) to copy filtered resources, i.e. build is platform dependent!
2026-04-03 16:11:02,619 [Worker-285: Building] INFO  o.e.m.c.i.embedder.EclipseLogger - Copying 0 resource
2026-04-03 16:11:16,631 [Worker-287: Building] WARN  o.e.m.c.i.embedder.EclipseLogger - Using platform encoding (MS949 actually) to copy filtered resources, i.e. build is platform dependent!
2026-04-03 16:11:16,631 [Worker-287: Building] INFO  o.e.m.c.i.embedder.EclipseLogger - Copying 1 resource
2026-04-03 16:11:16,631 [Worker-287: Building] WARN  o.e.m.c.i.embedder.EclipseLogger - Using platform encoding (MS949 actually) to copy filtered resources, i.e. build is platform dependent!
2026-04-03 16:11:16,631 [Worker-287: Building] INFO  o.e.m.c.i.embedder.EclipseLogger - Copying 0 resource
2026-04-03 16:15:56,704 [Worker-290: Building] WARN  o.e.m.c.i.embedder.EclipseLogger - Using platform encoding (MS949 actually) to copy filtered resources, i.e. build is platform dependent!
2026-04-03 16:15:56,704 [Worker-290: Building] INFO  o.e.m.c.i.embedder.EclipseLogger - Copying 1 resource
2026-04-03 16:15:56,712 [Worker-290: Building] WARN  o.e.m.c.i.embedder.EclipseLogger - Using platform encoding (MS949 actually) to copy filtered resources, i.e. build is platform dependent!
2026-04-03 16:15:56,712 [Worker-290: Building] INFO  o.e.m.c.i.embedder.EclipseLogger - Copying 0 resource
2026-04-03 16:16:08,782 [Worker-214: Building] WARN  o.e.m.c.i.embedder.EclipseLogger - Using platform encoding (MS949 actually) to copy filtered resources, i.e. build is platform dependent!
2026-04-03 16:16:08,782 [Worker-214: Building] INFO  o.e.m.c.i.embedder.EclipseLogger - Copying 0 resource
2026-04-03 16:16:08,782 [Worker-214: Building] WARN  o.e.m.c.i.embedder.EclipseLogger - Using platform encoding (MS949 actually) to copy filtered resources, i.e. build is platform dependent!
2026-04-03 16:16:08,782 [Worker-214: Building] INFO  o.e.m.c.i.embedder.EclipseLogger - Copying 0 resource
2026-04-03 16:18:00,301 [Worker-288: Building] WARN  o.e.m.c.i.embedder.EclipseLogger - Using platform encoding (MS949 actually) to copy filtered resources, i.e. build is platform dependent!
2026-04-03 16:18:00,301 [Worker-288: Building] INFO  o.e.m.c.i.embedder.EclipseLogger - Copying 1 resource
2026-04-03 16:18:00,301 [Worker-288: Building] WARN  o.e.m.c.i.embedder.EclipseLogger - Using platform encoding (MS949 actually) to copy filtered resources, i.e. build is platform dependent!
2026-04-03 16:18:00,301 [Worker-288: Building] INFO  o.e.m.c.i.embedder.EclipseLogger - Copying 0 resource
2026-04-03 16:18:19,573 [Worker-293: Building] WARN  o.e.m.c.i.embedder.EclipseLogger - Using platform encoding (MS949 actually) to copy filtered resources, i.e. build is platform dependent!
2026-04-03 16:18:19,573 [Worker-293: Building] INFO  o.e.m.c.i.embedder.EclipseLogger - Copying 1 resource
2026-04-03 16:18:19,573 [Worker-293: Building] WARN  o.e.m.c.i.embedder.EclipseLogger - Using platform encoding (MS949 actually) to copy filtered resources, i.e. build is platform dependent!
2026-04-03 16:18:19,573 [Worker-293: Building] INFO  o.e.m.c.i.embedder.EclipseLogger - Copying 0 resource
2026-04-03 16:18:20,607 [Worker-294: Building] WARN  o.e.m.c.i.embedder.EclipseLogger - Using platform encoding (MS949 actually) to copy filtered resources, i.e. build is platform dependent!
2026-04-03 16:18:20,607 [Worker-294: Building] INFO  o.e.m.c.i.embedder.EclipseLogger - Copying 1 resource
2026-04-03 16:18:20,607 [Worker-294: Building] WARN  o.e.m.c.i.embedder.EclipseLogger - Using platform encoding (MS949 actually) to copy filtered resources, i.e. build is platform dependent!
2026-04-03 16:18:20,607 [Worker-294: Building] INFO  o.e.m.c.i.embedder.EclipseLogger - Copying 0 resource
2026-04-03 16:18:34,384 [Worker-293: Building] WARN  o.e.m.c.i.embedder.EclipseLogger - Using platform encoding (MS949 actually) to copy filtered resources, i.e. build is platform dependent!
2026-04-03 16:18:34,384 [Worker-293: Building] INFO  o.e.m.c.i.embedder.EclipseLogger - Copying 1 resource
2026-04-03 16:18:34,384 [Worker-293: Building] WARN  o.e.m.c.i.embedder.EclipseLogger - Using platform encoding (MS949 actually) to copy filtered resources, i.e. build is platform dependent!
2026-04-03 16:18:34,384 [Worker-293: Building] INFO  o.e.m.c.i.embedder.EclipseLogger - Copying 0 resource
2026-04-03 16:22:30,815 [Worker-289: Building] WARN  o.e.m.c.i.embedder.EclipseLogger - Using platform encoding (MS949 actually) to copy filtered resources, i.e. build is platform dependent!
2026-04-03 16:22:30,822 [Worker-289: Building] INFO  o.e.m.c.i.embedder.EclipseLogger - Copying 1 resource
2026-04-03 16:22:30,822 [Worker-289: Building] WARN  o.e.m.c.i.embedder.EclipseLogger - Using platform encoding (MS949 actually) to copy filtered resources, i.e. build is platform dependent!
2026-04-03 16:22:30,822 [Worker-289: Building] INFO  o.e.m.c.i.embedder.EclipseLogger - Copying 0 resource
2026-04-03 16:22:34,365 [Worker-289: Building] WARN  o.e.m.c.i.embedder.EclipseLogger - Using platform encoding (MS949 actually) to copy filtered resources, i.e. build is platform dependent!
2026-04-03 16:22:34,375 [Worker-289: Building] INFO  o.e.m.c.i.embedder.EclipseLogger - Copying 1 resource
2026-04-03 16:22:34,375 [Worker-289: Building] WARN  o.e.m.c.i.embedder.EclipseLogger - Using platform encoding (MS949 actually) to copy filtered resources, i.e. build is platform dependent!
2026-04-03 16:22:34,375 [Worker-289: Building] INFO  o.e.m.c.i.embedder.EclipseLogger - Copying 0 resource
2026-04-03 16:23:53,289 [Worker-289: Building] WARN  o.e.m.c.i.embedder.EclipseLogger - Using platform encoding (MS949 actually) to copy filtered resources, i.e. build is platform dependent!
2026-04-03 16:23:53,300 [Worker-289: Building] INFO  o.e.m.c.i.embedder.EclipseLogger - Copying 1 resource
2026-04-03 16:23:53,300 [Worker-289: Building] WARN  o.e.m.c.i.embedder.EclipseLogger - Using platform encoding (MS949 actually) to copy filtered resources, i.e. build is platform dependent!
2026-04-03 16:23:53,300 [Worker-289: Building] INFO  o.e.m.c.i.embedder.EclipseLogger - Copying 0 resource
2026-04-03 16:32:54,956 [Worker-308: Building] WARN  o.e.m.c.i.embedder.EclipseLogger - Using platform encoding (MS949 actually) to copy filtered resources, i.e. build is platform dependent!
2026-04-03 16:32:54,956 [Worker-308: Building] INFO  o.e.m.c.i.embedder.EclipseLogger - Copying 1 resource
2026-04-03 16:32:54,956 [Worker-308: Building] WARN  o.e.m.c.i.embedder.EclipseLogger - Using platform encoding (MS949 actually) to copy filtered resources, i.e. build is platform dependent!
2026-04-03 16:32:54,956 [Worker-308: Building] INFO  o.e.m.c.i.embedder.EclipseLogger - Copying 0 resource
2026-04-03 16:33:02,252 [Worker-309: Building] WARN  o.e.m.c.i.embedder.EclipseLogger - Using platform encoding (MS949 actually) to copy filtered resources, i.e. build is platform dependent!
2026-04-03 16:33:02,252 [Worker-309: Building] INFO  o.e.m.c.i.embedder.EclipseLogger - Copying 1 resource
2026-04-03 16:33:02,252 [Worker-309: Building] WARN  o.e.m.c.i.embedder.EclipseLogger - Using platform encoding (MS949 actually) to copy filtered resources, i.e. build is platform dependent!
2026-04-03 16:33:02,252 [Worker-309: Building] INFO  o.e.m.c.i.embedder.EclipseLogger - Copying 0 resource
2026-04-03 16:33:13,208 [Worker-308: Building] WARN  o.e.m.c.i.embedder.EclipseLogger - Using platform encoding (MS949 actually) to copy filtered resources, i.e. build is platform dependent!
2026-04-03 16:33:13,208 [Worker-308: Building] INFO  o.e.m.c.i.embedder.EclipseLogger - Copying 1 resource
2026-04-03 16:33:13,208 [Worker-308: Building] WARN  o.e.m.c.i.embedder.EclipseLogger - Using platform encoding (MS949 actually) to copy filtered resources, i.e. build is platform dependent!
2026-04-03 16:33:13,208 [Worker-308: Building] INFO  o.e.m.c.i.embedder.EclipseLogger - Copying 0 resource
2026-04-03 16:33:30,338 [Worker-310: Building] WARN  o.e.m.c.i.embedder.EclipseLogger - Using platform encoding (MS949 actually) to copy filtered resources, i.e. build is platform dependent!
2026-04-03 16:33:30,347 [Worker-310: Building] INFO  o.e.m.c.i.embedder.EclipseLogger - Copying 1 resource
2026-04-03 16:33:30,347 [Worker-310: Building] WARN  o.e.m.c.i.embedder.EclipseLogger - Using platform encoding (MS949 actually) to copy filtered resources, i.e. build is platform dependent!
2026-04-03 16:33:30,347 [Worker-310: Building] INFO  o.e.m.c.i.embedder.EclipseLogger - Copying 0 resource
2026-04-03 16:33:38,844 [Worker-309: Building] WARN  o.e.m.c.i.embedder.EclipseLogger - Using platform encoding (MS949 actually) to copy filtered resources, i.e. build is platform dependent!
2026-04-03 16:33:38,848 [Worker-309: Building] INFO  o.e.m.c.i.embedder.EclipseLogger - Copying 1 resource
2026-04-03 16:33:38,848 [Worker-309: Building] WARN  o.e.m.c.i.embedder.EclipseLogger - Using platform encoding (MS949 actually) to copy filtered resources, i.e. build is platform dependent!
2026-04-03 16:33:38,848 [Worker-309: Building] INFO  o.e.m.c.i.embedder.EclipseLogger - Copying 0 resource
2026-04-03 16:33:44,759 [Worker-304: Building] WARN  o.e.m.c.i.embedder.EclipseLogger - Using platform encoding (MS949 actually) to copy filtered resources, i.e. build is platform dependent!
2026-04-03 16:33:44,762 [Worker-304: Building] INFO  o.e.m.c.i.embedder.EclipseLogger - Copying 1 resource
2026-04-03 16:33:44,762 [Worker-304: Building] WARN  o.e.m.c.i.embedder.EclipseLogger - Using platform encoding (MS949 actually) to copy filtered resources, i.e. build is platform dependent!
2026-04-03 16:33:44,762 [Worker-304: Building] INFO  o.e.m.c.i.embedder.EclipseLogger - Copying 0 resource
2026-04-03 16:33:51,404 [Worker-309: Building] WARN  o.e.m.c.i.embedder.EclipseLogger - Using platform encoding (MS949 actually) to copy filtered resources, i.e. build is platform dependent!
2026-04-03 16:33:51,404 [Worker-309: Building] INFO  o.e.m.c.i.embedder.EclipseLogger - Copying 1 resource
2026-04-03 16:33:51,404 [Worker-309: Building] WARN  o.e.m.c.i.embedder.EclipseLogger - Using platform encoding (MS949 actually) to copy filtered resources, i.e. build is platform dependent!
2026-04-03 16:33:51,404 [Worker-309: Building] INFO  o.e.m.c.i.embedder.EclipseLogger - Copying 0 resource
2026-04-03 16:34:12,230 [Worker-310: Building] WARN  o.e.m.c.i.embedder.EclipseLogger - Using platform encoding (MS949 actually) to copy filtered resources, i.e. build is platform dependent!
2026-04-03 16:34:12,230 [Worker-310: Building] INFO  o.e.m.c.i.embedder.EclipseLogger - Copying 1 resource
2026-04-03 16:34:12,230 [Worker-310: Building] WARN  o.e.m.c.i.embedder.EclipseLogger - Using platform encoding (MS949 actually) to copy filtered resources, i.e. build is platform dependent!
2026-04-03 16:34:12,230 [Worker-310: Building] INFO  o.e.m.c.i.embedder.EclipseLogger - Copying 0 resource
2026-04-03 16:34:36,867 [Worker-305: Building] WARN  o.e.m.c.i.embedder.EclipseLogger - Using platform encoding (MS949 actually) to copy filtered resources, i.e. build is platform dependent!
2026-04-03 16:34:36,867 [Worker-305: Building] INFO  o.e.m.c.i.embedder.EclipseLogger - Copying 1 resource
2026-04-03 16:34:36,867 [Worker-305: Building] WARN  o.e.m.c.i.embedder.EclipseLogger - Using platform encoding (MS949 actually) to copy filtered resources, i.e. build is platform dependent!
2026-04-03 16:34:36,878 [Worker-305: Building] INFO  o.e.m.c.i.embedder.EclipseLogger - Copying 0 resource
2026-04-03 16:35:01,816 [Worker-310: Building] WARN  o.e.m.c.i.embedder.EclipseLogger - Using platform encoding (MS949 actually) to copy filtered resources, i.e. build is platform dependent!
2026-04-03 16:35:01,816 [Worker-310: Building] INFO  o.e.m.c.i.embedder.EclipseLogger - Copying 1 resource
2026-04-03 16:35:01,816 [Worker-310: Building] WARN  o.e.m.c.i.embedder.EclipseLogger - Using platform encoding (MS949 actually) to copy filtered resources, i.e. build is platform dependent!
2026-04-03 16:35:01,816 [Worker-310: Building] INFO  o.e.m.c.i.embedder.EclipseLogger - Copying 0 resource
2026-04-03 16:35:20,926 [Worker-309: Building] WARN  o.e.m.c.i.embedder.EclipseLogger - Using platform encoding (MS949 actually) to copy filtered resources, i.e. build is platform dependent!
2026-04-03 16:35:20,926 [Worker-309: Building] INFO  o.e.m.c.i.embedder.EclipseLogger - Copying 1 resource
2026-04-03 16:35:20,927 [Worker-309: Building] WARN  o.e.m.c.i.embedder.EclipseLogger - Using platform encoding (MS949 actually) to copy filtered resources, i.e. build is platform dependent!
2026-04-03 16:35:20,927 [Worker-309: Building] INFO  o.e.m.c.i.embedder.EclipseLogger - Copying 0 resource
2026-04-03 16:35:28,761 [Worker-312: Building] WARN  o.e.m.c.i.embedder.EclipseLogger - Using platform encoding (MS949 actually) to copy filtered resources, i.e. build is platform dependent!
2026-04-03 16:35:28,761 [Worker-312: Building] INFO  o.e.m.c.i.embedder.EclipseLogger - Copying 1 resource
2026-04-03 16:35:28,761 [Worker-312: Building] WARN  o.e.m.c.i.embedder.EclipseLogger - Using platform encoding (MS949 actually) to copy filtered resources, i.e. build is platform dependent!
2026-04-03 16:35:28,761 [Worker-312: Building] INFO  o.e.m.c.i.embedder.EclipseLogger - Copying 0 resource
2026-04-03 16:35:33,795 [Worker-312: Building] WARN  o.e.m.c.i.embedder.EclipseLogger - Using platform encoding (MS949 actually) to copy filtered resources, i.e. build is platform dependent!
2026-04-03 16:35:33,804 [Worker-312: Building] INFO  o.e.m.c.i.embedder.EclipseLogger - Copying 1 resource
2026-04-03 16:35:33,804 [Worker-312: Building] WARN  o.e.m.c.i.embedder.EclipseLogger - Using platform encoding (MS949 actually) to copy filtered resources, i.e. build is platform dependent!
2026-04-03 16:35:33,804 [Worker-312: Building] INFO  o.e.m.c.i.embedder.EclipseLogger - Copying 0 resource
2026-04-03 16:51:28,225 [Worker-318: Building] WARN  o.e.m.c.i.embedder.EclipseLogger - Using platform encoding (MS949 actually) to copy filtered resources, i.e. build is platform dependent!
2026-04-03 16:51:28,225 [Worker-318: Building] INFO  o.e.m.c.i.embedder.EclipseLogger - Copying 1 resource
2026-04-03 16:51:28,225 [Worker-318: Building] WARN  o.e.m.c.i.embedder.EclipseLogger - Using platform encoding (MS949 actually) to copy filtered resources, i.e. build is platform dependent!
2026-04-03 16:51:28,225 [Worker-318: Building] INFO  o.e.m.c.i.embedder.EclipseLogger - Copying 0 resource
2026-04-03 16:51:29,358 [Worker-295: Building] WARN  o.e.m.c.i.embedder.EclipseLogger - Using platform encoding (MS949 actually) to copy filtered resources, i.e. build is platform dependent!
2026-04-03 16:51:29,358 [Worker-295: Building] INFO  o.e.m.c.i.embedder.EclipseLogger - Copying 0 resource
2026-04-03 16:51:29,358 [Worker-295: Building] WARN  o.e.m.c.i.embedder.EclipseLogger - Using platform encoding (MS949 actually) to copy filtered resources, i.e. build is platform dependent!
2026-04-03 16:51:29,358 [Worker-295: Building] INFO  o.e.m.c.i.embedder.EclipseLogger - Copying 0 resource
2026-04-03 17:04:25,164 [Worker-330: Building] INFO  o.e.m.c.i.l.LifecycleMappingFactory - Using org.maven.ide.eclipse.wtp.WarLifecycleMapping lifecycle mapping for MavenProject: com.test:java:1.0.0-BUILD-SNAPSHOT @ C:\code\forGithub\spring\WebTest\pom.xml.
2026-04-03 17:04:25,265 [Worker-330: Building] WARN  o.e.m.c.i.embedder.EclipseLogger - Using platform encoding (MS949 actually) to copy filtered resources, i.e. build is platform dependent!
2026-04-03 17:04:25,265 [Worker-330: Building] INFO  o.e.m.c.i.embedder.EclipseLogger - Copying 0 resource
2026-04-03 17:04:25,265 [Worker-330: Building] WARN  o.e.m.c.i.embedder.EclipseLogger - Using platform encoding (MS949 actually) to copy filtered resources, i.e. build is platform dependent!
2026-04-03 17:04:25,265 [Worker-330: Building] INFO  o.e.m.c.i.embedder.EclipseLogger - Copying 0 resource
2026-04-03 17:04:25,267 [Worker-330: Building] INFO  o.e.m.w.i.f.ResourceFilteringBuildParticipant - Changed resources require a complete clean of filtered resources of WebTest
2026-04-03 17:04:25,267 [Worker-330: Building] INFO  o.e.m.w.i.f.ResourceFilteringBuildParticipant - Executing resource filtering for WebTest
2026-04-03 17:04:25,267 [Worker-330: Building] WARN  o.e.m.c.i.embedder.EclipseLogger - Using platform encoding (MS949 actually) to copy filtered resources, i.e. build is platform dependent!
2026-04-03 17:04:26,544 [Worker-330: Building] INFO  o.e.m.c.i.l.LifecycleMappingFactory - Using org.maven.ide.eclipse.wtp.WarLifecycleMapping lifecycle mapping for MavenProject: com.test:java:1.0.0-BUILD-SNAPSHOT @ C:\code\forGithub\spring\WebTest\pom.xml.
2026-04-03 17:04:26,832 [Worker-330: Building] WARN  o.e.m.c.i.embedder.EclipseLogger - Using platform encoding (MS949 actually) to copy filtered resources, i.e. build is platform dependent!
2026-04-03 17:04:26,835 [Worker-330: Building] INFO  o.e.m.c.i.embedder.EclipseLogger - Copying 0 resource
2026-04-03 17:04:26,835 [Worker-330: Building] WARN  o.e.m.c.i.embedder.EclipseLogger - Using platform encoding (MS949 actually) to copy filtered resources, i.e. build is platform dependent!
2026-04-03 17:04:26,835 [Worker-330: Building] INFO  o.e.m.c.i.embedder.EclipseLogger - Copying 0 resource
2026-04-03 17:04:26,835 [Worker-330: Building] INFO  o.e.m.w.i.f.ResourceFilteringBuildParticipant - Changed resources require a complete clean of filtered resources of WebTest
2026-04-03 17:04:26,835 [Worker-330: Building] INFO  o.e.m.w.i.f.ResourceFilteringBuildParticipant - Executing resource filtering for WebTest
2026-04-03 17:04:26,835 [Worker-330: Building] WARN  o.e.m.c.i.embedder.EclipseLogger - Using platform encoding (MS949 actually) to copy filtered resources, i.e. build is platform dependent!
2026-04-03 17:04:29,103 [Worker-331: Building] INFO  o.e.m.c.i.l.LifecycleMappingFactory - Using org.maven.ide.eclipse.wtp.WarLifecycleMapping lifecycle mapping for MavenProject: com.test:java:1.0.0-BUILD-SNAPSHOT @ C:\code\forGithub\spring\WebTest\pom.xml.
2026-04-03 17:04:29,188 [Worker-331: Building] WARN  o.e.m.c.i.embedder.EclipseLogger - Using platform encoding (MS949 actually) to copy filtered resources, i.e. build is platform dependent!
2026-04-03 17:04:29,191 [Worker-331: Building] INFO  o.e.m.c.i.embedder.EclipseLogger - Copying 0 resource
2026-04-03 17:04:29,191 [Worker-331: Building] WARN  o.e.m.c.i.embedder.EclipseLogger - Using platform encoding (MS949 actually) to copy filtered resources, i.e. build is platform dependent!
2026-04-03 17:04:29,191 [Worker-331: Building] INFO  o.e.m.c.i.embedder.EclipseLogger - Copying 0 resource
2026-04-03 17:04:29,191 [Worker-331: Building] INFO  o.e.m.w.i.f.ResourceFilteringBuildParticipant - Changed resources require a complete clean of filtered resources of WebTest
2026-04-03 17:04:29,191 [Worker-331: Building] INFO  o.e.m.w.i.f.ResourceFilteringBuildParticipant - Executing resource filtering for WebTest
2026-04-03 17:04:29,191 [Worker-331: Building] WARN  o.e.m.c.i.embedder.EclipseLogger - Using platform encoding (MS949 actually) to copy filtered resources, i.e. build is platform dependent!
2026-04-03 17:05:50,332 [Worker-331: Building] INFO  o.e.m.c.i.l.LifecycleMappingFactory - Using org.maven.ide.eclipse.wtp.WarLifecycleMapping lifecycle mapping for MavenProject: com.test:java:1.0.0-BUILD-SNAPSHOT @ C:\code\forGithub\spring\WebTest\pom.xml.
2026-04-03 17:05:50,342 [Worker-334: reload maven project] INFO  o.e.m.c.i.e.AbstractTransferListenerAdapter - Downloaded https://repo.maven.apache.org/maven2/com/fasterxml/jackson/core/jackson-databind/2.21.2/jackson-databind-2.21.2.pom
2026-04-03 17:05:50,376 [Worker-334: reload maven project] INFO  o.e.m.c.i.e.AbstractTransferListenerAdapter - Downloaded https://repo.maven.apache.org/maven2/com/fasterxml/jackson/jackson-base/2.21.2/jackson-base-2.21.2.pom
2026-04-03 17:05:50,413 [Worker-334: reload maven project] INFO  o.e.m.c.i.e.AbstractTransferListenerAdapter - Downloaded https://repo.maven.apache.org/maven2/com/fasterxml/jackson/jackson-bom/2.21.2/jackson-bom-2.21.2.pom
2026-04-03 17:05:50,438 [Worker-331: Building] INFO  o.e.m.c.i.e.AbstractTransferListenerAdapter - Downloaded https://repo.maven.apache.org/maven2/com/fasterxml/jackson/jackson-base/2.21.2/jackson-base-2.21.2.pom
2026-04-03 17:05:50,455 [Worker-334: reload maven project] INFO  o.e.m.c.i.e.AbstractTransferListenerAdapter - Downloaded https://repo.maven.apache.org/maven2/com/fasterxml/jackson/jackson-parent/2.21/jackson-parent-2.21.pom
2026-04-03 17:05:50,485 [Worker-331: Building] INFO  o.e.m.c.i.e.AbstractTransferListenerAdapter - Downloaded https://repo.maven.apache.org/maven2/com/fasterxml/jackson/jackson-parent/2.21/jackson-parent-2.21.pom
2026-04-03 17:05:50,485 [Worker-334: reload maven project] INFO  o.e.m.c.i.e.AbstractTransferListenerAdapter - Downloaded https://repo.maven.apache.org/maven2/com/fasterxml/oss-parent/75/oss-parent-75.pom
2026-04-03 17:05:50,517 [Worker-331: Building] INFO  o.e.m.c.i.e.AbstractTransferListenerAdapter - Downloaded https://repo.maven.apache.org/maven2/com/fasterxml/oss-parent/75/oss-parent-75.pom
2026-04-03 17:05:50,517 [Worker-334: reload maven project] INFO  o.e.m.c.i.e.AbstractTransferListenerAdapter - Downloaded https://repo.maven.apache.org/maven2/org/junit/junit-bom/5.14.1/junit-bom-5.14.1.pom
2026-04-03 17:05:50,565 [Worker-331: Building] INFO  o.e.m.c.i.e.AbstractTransferListenerAdapter - Downloaded https://repo.maven.apache.org/maven2/org/junit/junit-bom/5.14.1/junit-bom-5.14.1.pom
2026-04-03 17:05:50,565 [Worker-334: reload maven project] INFO  o.e.m.c.i.e.AbstractTransferListenerAdapter - Downloaded https://repo.maven.apache.org/maven2/com/fasterxml/jackson/core/jackson-annotations/2.21/jackson-annotations-2.21.pom
2026-04-03 17:05:50,613 [Worker-334: reload maven project] INFO  o.e.m.c.i.e.AbstractTransferListenerAdapter - Downloaded https://repo.maven.apache.org/maven2/com/fasterxml/jackson/core/jackson-core/2.21.2/jackson-core-2.21.2.pom
2026-04-03 17:05:50,621 [Worker-331: Building] INFO  o.e.m.c.i.e.AbstractTransferListenerAdapter - Downloaded https://repo.maven.apache.org/maven2/com/fasterxml/jackson/core/jackson-annotations/2.21/jackson-annotations-2.21.pom
2026-04-03 17:05:50,644 [AetherRepositoryConnector-repo.maven.apache.org-0-1] INFO  o.e.m.c.i.e.AbstractTransferListenerAdapter - Downloading https://repo.maven.apache.org/maven2/com/fasterxml/jackson/core/jackson-annotations/2.21/jackson-annotations-2.21.jar
2026-04-03 17:05:50,644 [AetherRepositoryConnector-repo.maven.apache.org-1-0] INFO  o.e.m.c.i.e.AbstractTransferListenerAdapter - Downloading https://repo.maven.apache.org/maven2/com/fasterxml/jackson/core/jackson-databind/2.21.2/jackson-databind-2.21.2.jar
2026-04-03 17:05:50,650 [AetherRepositoryConnector-repo.maven.apache.org-0-2] INFO  o.e.m.c.i.e.AbstractTransferListenerAdapter - Downloading https://repo.maven.apache.org/maven2/com/fasterxml/jackson/core/jackson-core/2.21.2/jackson-core-2.21.2.jar
2026-04-03 17:05:50,650 [AetherRepositoryConnector-repo.maven.apache.org-0-0] INFO  o.e.m.c.i.e.AbstractTransferListenerAdapter - Downloading https://repo.maven.apache.org/maven2/com/fasterxml/jackson/core/jackson-databind/2.21.2/jackson-databind-2.21.2.jar
2026-04-03 17:05:50,672 [AetherRepositoryConnector-repo.maven.apache.org-1-1] INFO  o.e.m.c.i.e.AbstractTransferListenerAdapter - Downloading https://repo.maven.apache.org/maven2/com/fasterxml/jackson/core/jackson-annotations/2.21/jackson-annotations-2.21.jar
2026-04-03 17:05:50,672 [AetherRepositoryConnector-repo.maven.apache.org-1-2] INFO  o.e.m.c.i.e.AbstractTransferListenerAdapter - Downloading https://repo.maven.apache.org/maven2/com/fasterxml/jackson/core/jackson-core/2.21.2/jackson-core-2.21.2.jar
2026-04-03 17:05:50,676 [AetherRepositoryConnector-repo.maven.apache.org-0-1] INFO  o.e.m.c.i.e.AbstractTransferListenerAdapter - Downloaded https://repo.maven.apache.org/maven2/com/fasterxml/jackson/core/jackson-annotations/2.21/jackson-annotations-2.21.jar
2026-04-03 17:05:50,692 [AetherRepositoryConnector-repo.maven.apache.org-0-2] INFO  o.e.m.c.i.e.AbstractTransferListenerAdapter - Downloaded https://repo.maven.apache.org/maven2/com/fasterxml/jackson/core/jackson-core/2.21.2/jackson-core-2.21.2.jar
2026-04-03 17:05:50,694 [AetherRepositoryConnector-repo.maven.apache.org-1-1] INFO  o.e.m.c.i.e.AbstractTransferListenerAdapter - Downloaded https://repo.maven.apache.org/maven2/com/fasterxml/jackson/core/jackson-annotations/2.21/jackson-annotations-2.21.jar
2026-04-03 17:05:50,707 [AetherRepositoryConnector-repo.maven.apache.org-0-0] INFO  o.e.m.c.i.e.AbstractTransferListenerAdapter - Downloaded https://repo.maven.apache.org/maven2/com/fasterxml/jackson/core/jackson-databind/2.21.2/jackson-databind-2.21.2.jar
2026-04-03 17:05:50,707 [AetherRepositoryConnector-repo.maven.apache.org-1-2] INFO  o.e.m.c.i.e.AbstractTransferListenerAdapter - Downloaded https://repo.maven.apache.org/maven2/com/fasterxml/jackson/core/jackson-core/2.21.2/jackson-core-2.21.2.jar
2026-04-03 17:05:50,707 [AetherRepositoryConnector-repo.maven.apache.org-1-0] INFO  o.e.m.c.i.e.AbstractTransferListenerAdapter - Downloaded https://repo.maven.apache.org/maven2/com/fasterxml/jackson/core/jackson-databind/2.21.2/jackson-databind-2.21.2.jar
2026-04-03 17:05:51,406 [Worker-331: Building] WARN  o.e.m.c.i.embedder.EclipseLogger - Using platform encoding (MS949 actually) to copy filtered resources, i.e. build is platform dependent!
2026-04-03 17:05:51,406 [Worker-331: Building] INFO  o.e.m.c.i.embedder.EclipseLogger - Copying 0 resource
2026-04-03 17:05:51,406 [Worker-331: Building] WARN  o.e.m.c.i.embedder.EclipseLogger - Using platform encoding (MS949 actually) to copy filtered resources, i.e. build is platform dependent!
2026-04-03 17:05:51,406 [Worker-331: Building] INFO  o.e.m.c.i.embedder.EclipseLogger - Copying 0 resource
2026-04-03 17:05:51,406 [Worker-331: Building] INFO  o.e.m.w.i.f.ResourceFilteringBuildParticipant - Changed resources require a complete clean of filtered resources of WebTest
2026-04-03 17:05:51,406 [Worker-331: Building] INFO  o.e.m.w.i.f.ResourceFilteringBuildParticipant - Executing resource filtering for WebTest
2026-04-03 17:05:51,406 [Worker-331: Building] WARN  o.e.m.c.i.embedder.EclipseLogger - Using platform encoding (MS949 actually) to copy filtered resources, i.e. build is platform dependent!
2026-04-03 17:05:52,602 [Worker-330: Download sources and javadoc] INFO  o.e.m.c.i.e.AbstractTransferListenerAdapter - Downloading https://repo.maven.apache.org/maven2/com/fasterxml/jackson/core/jackson-databind/2.21.2/jackson-databind-2.21.2-sources.jar
2026-04-03 17:05:52,652 [Worker-330: Download sources and javadoc] INFO  o.e.m.c.i.e.AbstractTransferListenerAdapter - Downloaded https://repo.maven.apache.org/maven2/com/fasterxml/jackson/core/jackson-databind/2.21.2/jackson-databind-2.21.2-sources.jar
2026-04-03 17:05:52,899 [Worker-331: Building] WARN  o.e.m.c.i.embedder.EclipseLogger - Using platform encoding (MS949 actually) to copy filtered resources, i.e. build is platform dependent!
2026-04-03 17:05:52,900 [Worker-331: Building] INFO  o.e.m.c.i.embedder.EclipseLogger - Copying 1 resource
2026-04-03 17:05:52,902 [Worker-331: Building] WARN  o.e.m.c.i.embedder.EclipseLogger - Using platform encoding (MS949 actually) to copy filtered resources, i.e. build is platform dependent!
2026-04-03 17:05:52,903 [Worker-331: Building] INFO  o.e.m.c.i.embedder.EclipseLogger - Copying 1 resource
2026-04-03 17:05:52,934 [Worker-330: Download sources and javadoc] INFO  o.e.m.j.internal.DownloadSourcesJob - Downloaded sources for com.fasterxml.jackson.core:jackson-databind:2.21.2
2026-04-03 17:05:53,012 [Worker-330: Download sources and javadoc] INFO  o.e.m.c.i.e.AbstractTransferListenerAdapter - Downloading https://repo.maven.apache.org/maven2/com/fasterxml/jackson/core/jackson-annotations/2.21/jackson-annotations-2.21-sources.jar
2026-04-03 17:05:53,032 [Worker-330: Download sources and javadoc] INFO  o.e.m.c.i.e.AbstractTransferListenerAdapter - Downloaded https://repo.maven.apache.org/maven2/com/fasterxml/jackson/core/jackson-annotations/2.21/jackson-annotations-2.21-sources.jar
2026-04-03 17:05:53,102 [Worker-330: Download sources and javadoc] INFO  o.e.m.j.internal.DownloadSourcesJob - Downloaded sources for com.fasterxml.jackson.core:jackson-annotations:2.21
2026-04-03 17:05:53,180 [Worker-330: Download sources and javadoc] INFO  o.e.m.c.i.e.AbstractTransferListenerAdapter - Downloading https://repo.maven.apache.org/maven2/com/fasterxml/jackson/core/jackson-core/2.21.2/jackson-core-2.21.2-sources.jar
2026-04-03 17:05:53,206 [Worker-330: Download sources and javadoc] INFO  o.e.m.c.i.e.AbstractTransferListenerAdapter - Downloaded https://repo.maven.apache.org/maven2/com/fasterxml/jackson/core/jackson-core/2.21.2/jackson-core-2.21.2-sources.jar
2026-04-03 17:05:53,271 [Worker-330: Download sources and javadoc] INFO  o.e.m.j.internal.DownloadSourcesJob - Downloaded sources for com.fasterxml.jackson.core:jackson-core:2.21.2
2026-04-03 17:05:54,031 [Worker-337: Building] WARN  o.e.m.c.i.embedder.EclipseLogger - Using platform encoding (MS949 actually) to copy filtered resources, i.e. build is platform dependent!
2026-04-03 17:05:54,031 [Worker-337: Building] INFO  o.e.m.c.i.embedder.EclipseLogger - Copying 0 resource
2026-04-03 17:05:54,032 [Worker-337: Building] WARN  o.e.m.c.i.embedder.EclipseLogger - Using platform encoding (MS949 actually) to copy filtered resources, i.e. build is platform dependent!
2026-04-03 17:05:54,032 [Worker-337: Building] INFO  o.e.m.c.i.embedder.EclipseLogger - Copying 0 resource
2026-04-03 17:06:14,079 [Worker-338: Building] INFO  o.e.m.c.i.l.LifecycleMappingFactory - Using org.maven.ide.eclipse.wtp.WarLifecycleMapping lifecycle mapping for MavenProject: com.test:java:1.0.0-BUILD-SNAPSHOT @ C:\code\forGithub\spring\WebTest\pom.xml.
2026-04-03 17:06:14,171 [Worker-338: Building] WARN  o.e.m.c.i.embedder.EclipseLogger - Using platform encoding (MS949 actually) to copy filtered resources, i.e. build is platform dependent!
2026-04-03 17:06:14,171 [Worker-338: Building] INFO  o.e.m.c.i.embedder.EclipseLogger - Copying 0 resource
2026-04-03 17:06:14,171 [Worker-338: Building] WARN  o.e.m.c.i.embedder.EclipseLogger - Using platform encoding (MS949 actually) to copy filtered resources, i.e. build is platform dependent!
2026-04-03 17:06:14,171 [Worker-338: Building] INFO  o.e.m.c.i.embedder.EclipseLogger - Copying 0 resource
2026-04-03 17:06:14,171 [Worker-338: Building] INFO  o.e.m.w.i.f.ResourceFilteringBuildParticipant - Changed resources require a complete clean of filtered resources of WebTest
2026-04-03 17:06:14,171 [Worker-338: Building] INFO  o.e.m.w.i.f.ResourceFilteringBuildParticipant - Executing resource filtering for WebTest
2026-04-03 17:06:14,173 [Worker-338: Building] WARN  o.e.m.c.i.embedder.EclipseLogger - Using platform encoding (MS949 actually) to copy filtered resources, i.e. build is platform dependent!
2026-04-03 17:06:20,544 [Worker-336: Building] INFO  o.e.m.c.i.l.LifecycleMappingFactory - Using org.maven.ide.eclipse.wtp.WarLifecycleMapping lifecycle mapping for MavenProject: com.test:java:1.0.0-BUILD-SNAPSHOT @ C:\code\forGithub\spring\WebTest\pom.xml.
2026-04-03 17:06:20,655 [Worker-336: Building] WARN  o.e.m.c.i.embedder.EclipseLogger - Using platform encoding (MS949 actually) to copy filtered resources, i.e. build is platform dependent!
2026-04-03 17:06:20,655 [Worker-336: Building] INFO  o.e.m.c.i.embedder.EclipseLogger - Copying 0 resource
2026-04-03 17:06:20,655 [Worker-336: Building] WARN  o.e.m.c.i.embedder.EclipseLogger - Using platform encoding (MS949 actually) to copy filtered resources, i.e. build is platform dependent!
2026-04-03 17:06:20,655 [Worker-336: Building] INFO  o.e.m.c.i.embedder.EclipseLogger - Copying 0 resource
2026-04-03 17:06:20,655 [Worker-336: Building] INFO  o.e.m.w.i.f.ResourceFilteringBuildParticipant - Changed resources require a complete clean of filtered resources of WebTest
2026-04-03 17:06:20,655 [Worker-336: Building] INFO  o.e.m.w.i.f.ResourceFilteringBuildParticipant - Executing resource filtering for WebTest
2026-04-03 17:06:20,655 [Worker-336: Building] WARN  o.e.m.c.i.embedder.EclipseLogger - Using platform encoding (MS949 actually) to copy filtered resources, i.e. build is platform dependent!
2026-04-03 17:06:36,840 [Worker-337: Building] INFO  o.e.m.c.i.l.LifecycleMappingFactory - Using org.maven.ide.eclipse.wtp.WarLifecycleMapping lifecycle mapping for MavenProject: com.test:java:1.0.0-BUILD-SNAPSHOT @ C:\code\forGithub\spring\WebTest\pom.xml.
2026-04-03 17:06:36,946 [Worker-337: Building] WARN  o.e.m.c.i.embedder.EclipseLogger - Using platform encoding (MS949 actually) to copy filtered resources, i.e. build is platform dependent!
2026-04-03 17:06:36,946 [Worker-337: Building] INFO  o.e.m.c.i.embedder.EclipseLogger - Copying 0 resource
2026-04-03 17:06:36,948 [Worker-337: Building] WARN  o.e.m.c.i.embedder.EclipseLogger - Using platform encoding (MS949 actually) to copy filtered resources, i.e. build is platform dependent!
2026-04-03 17:06:36,948 [Worker-337: Building] INFO  o.e.m.c.i.embedder.EclipseLogger - Copying 0 resource
2026-04-03 17:06:36,948 [Worker-337: Building] INFO  o.e.m.w.i.f.ResourceFilteringBuildParticipant - Changed resources require a complete clean of filtered resources of WebTest
2026-04-03 17:06:36,948 [Worker-337: Building] INFO  o.e.m.w.i.f.ResourceFilteringBuildParticipant - Executing resource filtering for WebTest
2026-04-03 17:06:36,948 [Worker-337: Building] WARN  o.e.m.c.i.embedder.EclipseLogger - Using platform encoding (MS949 actually) to copy filtered resources, i.e. build is platform dependent!
2026-04-03 17:06:38,108 [Worker-330: Building] WARN  o.e.m.c.i.embedder.EclipseLogger - Using platform encoding (MS949 actually) to copy filtered resources, i.e. build is platform dependent!
2026-04-03 17:06:38,113 [Worker-330: Building] INFO  o.e.m.c.i.embedder.EclipseLogger - Copying 1 resource
2026-04-03 17:06:38,113 [Worker-330: Building] WARN  o.e.m.c.i.embedder.EclipseLogger - Using platform encoding (MS949 actually) to copy filtered resources, i.e. build is platform dependent!
2026-04-03 17:06:38,113 [Worker-330: Building] INFO  o.e.m.c.i.embedder.EclipseLogger - Copying 1 resource
2026-04-03 17:06:56,214 [Worker-333: Building] WARN  o.e.m.c.i.embedder.EclipseLogger - Using platform encoding (MS949 actually) to copy filtered resources, i.e. build is platform dependent!
2026-04-03 17:06:56,214 [Worker-333: Building] INFO  o.e.m.c.i.embedder.EclipseLogger - Copying 1 resource
2026-04-03 17:06:56,214 [Worker-333: Building] WARN  o.e.m.c.i.embedder.EclipseLogger - Using platform encoding (MS949 actually) to copy filtered resources, i.e. build is platform dependent!
2026-04-03 17:06:56,214 [Worker-333: Building] INFO  o.e.m.c.i.embedder.EclipseLogger - Copying 0 resource
2026-04-03 17:08:42,535 [Worker-336: Building] WARN  o.e.m.c.i.embedder.EclipseLogger - Using platform encoding (MS949 actually) to copy filtered resources, i.e. build is platform dependent!
2026-04-03 17:08:42,535 [Worker-336: Building] INFO  o.e.m.c.i.embedder.EclipseLogger - Copying 1 resource
2026-04-03 17:08:42,535 [Worker-336: Building] WARN  o.e.m.c.i.embedder.EclipseLogger - Using platform encoding (MS949 actually) to copy filtered resources, i.e. build is platform dependent!
2026-04-03 17:08:42,535 [Worker-336: Building] INFO  o.e.m.c.i.embedder.EclipseLogger - Copying 0 resource
2026-04-03 17:10:44,168 [Worker-331: Building] WARN  o.e.m.c.i.embedder.EclipseLogger - Using platform encoding (MS949 actually) to copy filtered resources, i.e. build is platform dependent!
2026-04-03 17:10:44,168 [Worker-331: Building] INFO  o.e.m.c.i.embedder.EclipseLogger - Copying 1 resource
2026-04-03 17:10:44,168 [Worker-331: Building] WARN  o.e.m.c.i.embedder.EclipseLogger - Using platform encoding (MS949 actually) to copy filtered resources, i.e. build is platform dependent!
2026-04-03 17:10:44,168 [Worker-331: Building] INFO  o.e.m.c.i.embedder.EclipseLogger - Copying 0 resource
2026-04-03 17:10:51,119 [Worker-331: Building] WARN  o.e.m.c.i.embedder.EclipseLogger - Using platform encoding (MS949 actually) to copy filtered resources, i.e. build is platform dependent!
2026-04-03 17:10:51,119 [Worker-331: Building] INFO  o.e.m.c.i.embedder.EclipseLogger - Copying 1 resource
2026-04-03 17:10:51,119 [Worker-331: Building] WARN  o.e.m.c.i.embedder.EclipseLogger - Using platform encoding (MS949 actually) to copy filtered resources, i.e. build is platform dependent!
2026-04-03 17:10:51,119 [Worker-331: Building] INFO  o.e.m.c.i.embedder.EclipseLogger - Copying 0 resource
2026-04-03 17:11:13,234 [Worker-336: Building] WARN  o.e.m.c.i.embedder.EclipseLogger - Using platform encoding (MS949 actually) to copy filtered resources, i.e. build is platform dependent!
2026-04-03 17:11:13,234 [Worker-336: Building] INFO  o.e.m.c.i.embedder.EclipseLogger - Copying 1 resource
2026-04-03 17:11:13,234 [Worker-336: Building] WARN  o.e.m.c.i.embedder.EclipseLogger - Using platform encoding (MS949 actually) to copy filtered resources, i.e. build is platform dependent!
2026-04-03 17:11:13,234 [Worker-336: Building] INFO  o.e.m.c.i.embedder.EclipseLogger - Copying 0 resource
2026-04-03 17:11:28,035 [Worker-339: Building] WARN  o.e.m.c.i.embedder.EclipseLogger - Using platform encoding (MS949 actually) to copy filtered resources, i.e. build is platform dependent!
2026-04-03 17:11:28,035 [Worker-339: Building] INFO  o.e.m.c.i.embedder.EclipseLogger - Copying 0 resource
2026-04-03 17:11:28,035 [Worker-339: Building] WARN  o.e.m.c.i.embedder.EclipseLogger - Using platform encoding (MS949 actually) to copy filtered resources, i.e. build is platform dependent!
2026-04-03 17:11:28,035 [Worker-339: Building] INFO  o.e.m.c.i.embedder.EclipseLogger - Copying 0 resource
2026-04-03 17:12:31,229 [Worker-337: Building] WARN  o.e.m.c.i.embedder.EclipseLogger - Using platform encoding (MS949 actually) to copy filtered resources, i.e. build is platform dependent!
2026-04-03 17:12:31,229 [Worker-337: Building] INFO  o.e.m.c.i.embedder.EclipseLogger - Copying 1 resource
2026-04-03 17:12:31,229 [Worker-337: Building] WARN  o.e.m.c.i.embedder.EclipseLogger - Using platform encoding (MS949 actually) to copy filtered resources, i.e. build is platform dependent!
2026-04-03 17:12:31,231 [Worker-337: Building] INFO  o.e.m.c.i.embedder.EclipseLogger - Copying 0 resource
2026-04-03 17:12:56,823 [Worker-341: Building] WARN  o.e.m.c.i.embedder.EclipseLogger - Using platform encoding (MS949 actually) to copy filtered resources, i.e. build is platform dependent!
2026-04-03 17:12:56,825 [Worker-341: Building] INFO  o.e.m.c.i.embedder.EclipseLogger - Copying 1 resource
2026-04-03 17:12:56,825 [Worker-341: Building] WARN  o.e.m.c.i.embedder.EclipseLogger - Using platform encoding (MS949 actually) to copy filtered resources, i.e. build is platform dependent!
2026-04-03 17:12:56,825 [Worker-341: Building] INFO  o.e.m.c.i.embedder.EclipseLogger - Copying 0 resource
2026-04-03 17:13:56,938 [Worker-331: Building] WARN  o.e.m.c.i.embedder.EclipseLogger - Using platform encoding (MS949 actually) to copy filtered resources, i.e. build is platform dependent!
2026-04-03 17:13:56,938 [Worker-331: Building] INFO  o.e.m.c.i.embedder.EclipseLogger - Copying 1 resource
2026-04-03 17:13:56,938 [Worker-331: Building] WARN  o.e.m.c.i.embedder.EclipseLogger - Using platform encoding (MS949 actually) to copy filtered resources, i.e. build is platform dependent!
2026-04-03 17:13:56,946 [Worker-331: Building] INFO  o.e.m.c.i.embedder.EclipseLogger - Copying 0 resource
2026-04-03 17:15:50,790 [Worker-344: Building] WARN  o.e.m.c.i.embedder.EclipseLogger - Using platform encoding (MS949 actually) to copy filtered resources, i.e. build is platform dependent!
2026-04-03 17:15:50,790 [Worker-344: Building] INFO  o.e.m.c.i.embedder.EclipseLogger - Copying 1 resource
2026-04-03 17:15:50,790 [Worker-344: Building] WARN  o.e.m.c.i.embedder.EclipseLogger - Using platform encoding (MS949 actually) to copy filtered resources, i.e. build is platform dependent!
2026-04-03 17:15:50,790 [Worker-344: Building] INFO  o.e.m.c.i.embedder.EclipseLogger - Copying 0 resource
2026-04-03 17:16:11,613 [Worker-344: Building] WARN  o.e.m.c.i.embedder.EclipseLogger - Using platform encoding (MS949 actually) to copy filtered resources, i.e. build is platform dependent!
2026-04-03 17:16:11,613 [Worker-344: Building] INFO  o.e.m.c.i.embedder.EclipseLogger - Copying 1 resource
2026-04-03 17:16:11,613 [Worker-344: Building] WARN  o.e.m.c.i.embedder.EclipseLogger - Using platform encoding (MS949 actually) to copy filtered resources, i.e. build is platform dependent!
2026-04-03 17:16:11,613 [Worker-344: Building] INFO  o.e.m.c.i.embedder.EclipseLogger - Copying 0 resource
2026-04-03 17:16:14,757 [Worker-344: Building] WARN  o.e.m.c.i.embedder.EclipseLogger - Using platform encoding (MS949 actually) to copy filtered resources, i.e. build is platform dependent!
2026-04-03 17:16:14,765 [Worker-344: Building] INFO  o.e.m.c.i.embedder.EclipseLogger - Copying 1 resource
2026-04-03 17:16:14,765 [Worker-344: Building] WARN  o.e.m.c.i.embedder.EclipseLogger - Using platform encoding (MS949 actually) to copy filtered resources, i.e. build is platform dependent!
2026-04-03 17:16:14,765 [Worker-344: Building] INFO  o.e.m.c.i.embedder.EclipseLogger - Copying 0 resource
2026-04-03 17:16:47,000 [Worker-343: Building] WARN  o.e.m.c.i.embedder.EclipseLogger - Using platform encoding (MS949 actually) to copy filtered resources, i.e. build is platform dependent!
2026-04-03 17:16:47,000 [Worker-343: Building] INFO  o.e.m.c.i.embedder.EclipseLogger - Copying 1 resource
2026-04-03 17:16:47,000 [Worker-343: Building] WARN  o.e.m.c.i.embedder.EclipseLogger - Using platform encoding (MS949 actually) to copy filtered resources, i.e. build is platform dependent!
2026-04-03 17:16:47,000 [Worker-343: Building] INFO  o.e.m.c.i.embedder.EclipseLogger - Copying 0 resource
2026-04-03 17:16:54,106 [Worker-337: Building] WARN  o.e.m.c.i.embedder.EclipseLogger - Using platform encoding (MS949 actually) to copy filtered resources, i.e. build is platform dependent!
2026-04-03 17:16:54,106 [Worker-337: Building] INFO  o.e.m.c.i.embedder.EclipseLogger - Copying 1 resource
2026-04-03 17:16:54,106 [Worker-337: Building] WARN  o.e.m.c.i.embedder.EclipseLogger - Using platform encoding (MS949 actually) to copy filtered resources, i.e. build is platform dependent!
2026-04-03 17:16:54,106 [Worker-337: Building] INFO  o.e.m.c.i.embedder.EclipseLogger - Copying 0 resource
2026-04-03 17:16:55,189 [Worker-343: Building] WARN  o.e.m.c.i.embedder.EclipseLogger - Using platform encoding (MS949 actually) to copy filtered resources, i.e. build is platform dependent!
2026-04-03 17:16:55,196 [Worker-343: Building] INFO  o.e.m.c.i.embedder.EclipseLogger - Copying 1 resource
2026-04-03 17:16:55,196 [Worker-343: Building] WARN  o.e.m.c.i.embedder.EclipseLogger - Using platform encoding (MS949 actually) to copy filtered resources, i.e. build is platform dependent!
2026-04-03 17:16:55,196 [Worker-343: Building] INFO  o.e.m.c.i.embedder.EclipseLogger - Copying 0 resource
2026-04-03 17:17:02,174 [Worker-345: Building] WARN  o.e.m.c.i.embedder.EclipseLogger - Using platform encoding (MS949 actually) to copy filtered resources, i.e. build is platform dependent!
2026-04-03 17:17:02,174 [Worker-345: Building] INFO  o.e.m.c.i.embedder.EclipseLogger - Copying 1 resource
2026-04-03 17:17:02,174 [Worker-345: Building] WARN  o.e.m.c.i.embedder.EclipseLogger - Using platform encoding (MS949 actually) to copy filtered resources, i.e. build is platform dependent!
2026-04-03 17:17:02,174 [Worker-345: Building] INFO  o.e.m.c.i.embedder.EclipseLogger - Copying 0 resource
2026-04-03 17:17:06,652 [Worker-342: Building] WARN  o.e.m.c.i.embedder.EclipseLogger - Using platform encoding (MS949 actually) to copy filtered resources, i.e. build is platform dependent!
2026-04-03 17:17:06,652 [Worker-342: Building] INFO  o.e.m.c.i.embedder.EclipseLogger - Copying 1 resource
2026-04-03 17:17:06,652 [Worker-342: Building] WARN  o.e.m.c.i.embedder.EclipseLogger - Using platform encoding (MS949 actually) to copy filtered resources, i.e. build is platform dependent!
2026-04-03 17:17:06,666 [Worker-342: Building] INFO  o.e.m.c.i.embedder.EclipseLogger - Copying 0 resource
2026-04-03 17:17:17,907 [Worker-341: Building] WARN  o.e.m.c.i.embedder.EclipseLogger - Using platform encoding (MS949 actually) to copy filtered resources, i.e. build is platform dependent!
2026-04-03 17:17:17,907 [Worker-341: Building] INFO  o.e.m.c.i.embedder.EclipseLogger - Copying 0 resource
2026-04-03 17:17:17,907 [Worker-341: Building] WARN  o.e.m.c.i.embedder.EclipseLogger - Using platform encoding (MS949 actually) to copy filtered resources, i.e. build is platform dependent!
2026-04-03 17:17:17,907 [Worker-341: Building] INFO  o.e.m.c.i.embedder.EclipseLogger - Copying 0 resource
2026-04-03 17:17:22,841 [Worker-345: Building] WARN  o.e.m.c.i.embedder.EclipseLogger - Using platform encoding (MS949 actually) to copy filtered resources, i.e. build is platform dependent!
2026-04-03 17:17:22,841 [Worker-345: Building] INFO  o.e.m.c.i.embedder.EclipseLogger - Copying 0 resource
2026-04-03 17:17:22,841 [Worker-345: Building] WARN  o.e.m.c.i.embedder.EclipseLogger - Using platform encoding (MS949 actually) to copy filtered resources, i.e. build is platform dependent!
2026-04-03 17:17:22,841 [Worker-345: Building] INFO  o.e.m.c.i.embedder.EclipseLogger - Copying 0 resource
2026-04-03 17:17:37,799 [Worker-344: Building] WARN  o.e.m.c.i.embedder.EclipseLogger - Using platform encoding (MS949 actually) to copy filtered resources, i.e. build is platform dependent!
2026-04-03 17:17:37,799 [Worker-344: Building] INFO  o.e.m.c.i.embedder.EclipseLogger - Copying 1 resource
2026-04-03 17:17:37,799 [Worker-344: Building] WARN  o.e.m.c.i.embedder.EclipseLogger - Using platform encoding (MS949 actually) to copy filtered resources, i.e. build is platform dependent!
2026-04-03 17:17:37,810 [Worker-344: Building] INFO  o.e.m.c.i.embedder.EclipseLogger - Copying 0 resource
2026-04-03 17:17:46,011 [Worker-343: Building] WARN  o.e.m.c.i.embedder.EclipseLogger - Using platform encoding (MS949 actually) to copy filtered resources, i.e. build is platform dependent!
2026-04-03 17:17:46,020 [Worker-343: Building] INFO  o.e.m.c.i.embedder.EclipseLogger - Copying 1 resource
2026-04-03 17:17:46,020 [Worker-343: Building] WARN  o.e.m.c.i.embedder.EclipseLogger - Using platform encoding (MS949 actually) to copy filtered resources, i.e. build is platform dependent!
2026-04-03 17:17:46,020 [Worker-343: Building] INFO  o.e.m.c.i.embedder.EclipseLogger - Copying 0 resource
2026-04-03 17:18:14,656 [Worker-337: Building] WARN  o.e.m.c.i.embedder.EclipseLogger - Using platform encoding (MS949 actually) to copy filtered resources, i.e. build is platform dependent!
2026-04-03 17:18:14,656 [Worker-337: Building] INFO  o.e.m.c.i.embedder.EclipseLogger - Copying 1 resource
2026-04-03 17:18:14,656 [Worker-337: Building] WARN  o.e.m.c.i.embedder.EclipseLogger - Using platform encoding (MS949 actually) to copy filtered resources, i.e. build is platform dependent!
2026-04-03 17:18:14,656 [Worker-337: Building] INFO  o.e.m.c.i.embedder.EclipseLogger - Copying 0 resource
2026-04-03 17:19:25,673 [Worker-347: Building] WARN  o.e.m.c.i.embedder.EclipseLogger - Using platform encoding (MS949 actually) to copy filtered resources, i.e. build is platform dependent!
2026-04-03 17:19:25,681 [Worker-347: Building] INFO  o.e.m.c.i.embedder.EclipseLogger - Copying 1 resource
2026-04-03 17:19:25,681 [Worker-347: Building] WARN  o.e.m.c.i.embedder.EclipseLogger - Using platform encoding (MS949 actually) to copy filtered resources, i.e. build is platform dependent!
2026-04-03 17:19:25,681 [Worker-347: Building] INFO  o.e.m.c.i.embedder.EclipseLogger - Copying 0 resource
2026-04-03 17:21:28,588 [Worker-344: Building] WARN  o.e.m.c.i.embedder.EclipseLogger - Using platform encoding (MS949 actually) to copy filtered resources, i.e. build is platform dependent!
2026-04-03 17:21:28,589 [Worker-344: Building] INFO  o.e.m.c.i.embedder.EclipseLogger - Copying 1 resource
2026-04-03 17:21:28,589 [Worker-344: Building] WARN  o.e.m.c.i.embedder.EclipseLogger - Using platform encoding (MS949 actually) to copy filtered resources, i.e. build is platform dependent!
2026-04-03 17:21:28,590 [Worker-344: Building] INFO  o.e.m.c.i.embedder.EclipseLogger - Copying 0 resource
2026-04-03 17:28:17,414 [Worker-350: Building] WARN  o.e.m.c.i.embedder.EclipseLogger - Using platform encoding (MS949 actually) to copy filtered resources, i.e. build is platform dependent!
2026-04-03 17:28:17,414 [Worker-350: Building] INFO  o.e.m.c.i.embedder.EclipseLogger - Copying 1 resource
2026-04-03 17:28:17,414 [Worker-350: Building] WARN  o.e.m.c.i.embedder.EclipseLogger - Using platform encoding (MS949 actually) to copy filtered resources, i.e. build is platform dependent!
2026-04-03 17:28:17,414 [Worker-350: Building] INFO  o.e.m.c.i.embedder.EclipseLogger - Copying 0 resource
2026-04-03 17:28:36,656 [Worker-351: Building] WARN  o.e.m.c.i.embedder.EclipseLogger - Using platform encoding (MS949 actually) to copy filtered resources, i.e. build is platform dependent!
2026-04-03 17:28:36,667 [Worker-351: Building] INFO  o.e.m.c.i.embedder.EclipseLogger - Copying 1 resource
2026-04-03 17:28:36,667 [Worker-351: Building] WARN  o.e.m.c.i.embedder.EclipseLogger - Using platform encoding (MS949 actually) to copy filtered resources, i.e. build is platform dependent!
2026-04-03 17:28:36,668 [Worker-351: Building] INFO  o.e.m.c.i.embedder.EclipseLogger - Copying 0 resource
2026-04-03 17:31:18,567 [Worker-355: Building] WARN  o.e.m.c.i.embedder.EclipseLogger - Using platform encoding (MS949 actually) to copy filtered resources, i.e. build is platform dependent!
2026-04-03 17:31:18,567 [Worker-355: Building] INFO  o.e.m.c.i.embedder.EclipseLogger - Copying 1 resource
2026-04-03 17:31:18,567 [Worker-355: Building] WARN  o.e.m.c.i.embedder.EclipseLogger - Using platform encoding (MS949 actually) to copy filtered resources, i.e. build is platform dependent!
2026-04-03 17:31:18,567 [Worker-355: Building] INFO  o.e.m.c.i.embedder.EclipseLogger - Copying 0 resource
2026-04-03 17:31:27,358 [Worker-356: Building] WARN  o.e.m.c.i.embedder.EclipseLogger - Using platform encoding (MS949 actually) to copy filtered resources, i.e. build is platform dependent!
2026-04-03 17:31:27,358 [Worker-356: Building] INFO  o.e.m.c.i.embedder.EclipseLogger - Copying 1 resource
2026-04-03 17:31:27,358 [Worker-356: Building] WARN  o.e.m.c.i.embedder.EclipseLogger - Using platform encoding (MS949 actually) to copy filtered resources, i.e. build is platform dependent!
2026-04-03 17:31:27,359 [Worker-356: Building] INFO  o.e.m.c.i.embedder.EclipseLogger - Copying 0 resource
2026-04-03 17:31:35,259 [Worker-353: Building] WARN  o.e.m.c.i.embedder.EclipseLogger - Using platform encoding (MS949 actually) to copy filtered resources, i.e. build is platform dependent!
2026-04-03 17:31:35,259 [Worker-353: Building] INFO  o.e.m.c.i.embedder.EclipseLogger - Copying 1 resource
2026-04-03 17:31:35,259 [Worker-353: Building] WARN  o.e.m.c.i.embedder.EclipseLogger - Using platform encoding (MS949 actually) to copy filtered resources, i.e. build is platform dependent!
2026-04-03 17:31:35,259 [Worker-353: Building] INFO  o.e.m.c.i.embedder.EclipseLogger - Copying 0 resource
2026-04-03 17:32:05,908 [Worker-346: Building] WARN  o.e.m.c.i.embedder.EclipseLogger - Using platform encoding (MS949 actually) to copy filtered resources, i.e. build is platform dependent!
2026-04-03 17:32:05,908 [Worker-346: Building] INFO  o.e.m.c.i.embedder.EclipseLogger - Copying 1 resource
2026-04-03 17:32:05,908 [Worker-346: Building] WARN  o.e.m.c.i.embedder.EclipseLogger - Using platform encoding (MS949 actually) to copy filtered resources, i.e. build is platform dependent!
2026-04-03 17:32:05,908 [Worker-346: Building] INFO  o.e.m.c.i.embedder.EclipseLogger - Copying 0 resource
2026-04-03 17:32:10,447 [Worker-357: Building] WARN  o.e.m.c.i.embedder.EclipseLogger - Using platform encoding (MS949 actually) to copy filtered resources, i.e. build is platform dependent!
2026-04-03 17:32:10,447 [Worker-357: Building] INFO  o.e.m.c.i.embedder.EclipseLogger - Copying 1 resource
2026-04-03 17:32:10,447 [Worker-357: Building] WARN  o.e.m.c.i.embedder.EclipseLogger - Using platform encoding (MS949 actually) to copy filtered resources, i.e. build is platform dependent!
2026-04-03 17:32:10,447 [Worker-357: Building] INFO  o.e.m.c.i.embedder.EclipseLogger - Copying 0 resource
2026-04-03 17:32:23,269 [Worker-353: Building] WARN  o.e.m.c.i.embedder.EclipseLogger - Using platform encoding (MS949 actually) to copy filtered resources, i.e. build is platform dependent!
2026-04-03 17:32:23,271 [Worker-353: Building] INFO  o.e.m.c.i.embedder.EclipseLogger - Copying 1 resource
2026-04-03 17:32:23,271 [Worker-353: Building] WARN  o.e.m.c.i.embedder.EclipseLogger - Using platform encoding (MS949 actually) to copy filtered resources, i.e. build is platform dependent!
2026-04-03 17:32:23,271 [Worker-353: Building] INFO  o.e.m.c.i.embedder.EclipseLogger - Copying 0 resource
2026-04-03 17:32:45,675 [Worker-356: Building] WARN  o.e.m.c.i.embedder.EclipseLogger - Using platform encoding (MS949 actually) to copy filtered resources, i.e. build is platform dependent!
2026-04-03 17:32:45,680 [Worker-356: Building] INFO  o.e.m.c.i.embedder.EclipseLogger - Copying 1 resource
2026-04-03 17:32:45,680 [Worker-356: Building] WARN  o.e.m.c.i.embedder.EclipseLogger - Using platform encoding (MS949 actually) to copy filtered resources, i.e. build is platform dependent!
2026-04-03 17:32:45,680 [Worker-356: Building] INFO  o.e.m.c.i.embedder.EclipseLogger - Copying 0 resource
2026-04-03 17:33:35,627 [Worker-357: Building] WARN  o.e.m.c.i.embedder.EclipseLogger - Using platform encoding (MS949 actually) to copy filtered resources, i.e. build is platform dependent!
2026-04-03 17:33:35,627 [Worker-357: Building] INFO  o.e.m.c.i.embedder.EclipseLogger - Copying 1 resource
2026-04-03 17:33:35,627 [Worker-357: Building] WARN  o.e.m.c.i.embedder.EclipseLogger - Using platform encoding (MS949 actually) to copy filtered resources, i.e. build is platform dependent!
2026-04-03 17:33:35,629 [Worker-357: Building] INFO  o.e.m.c.i.embedder.EclipseLogger - Copying 0 resource
2026-04-03 17:33:43,223 [Worker-358: Building] WARN  o.e.m.c.i.embedder.EclipseLogger - Using platform encoding (MS949 actually) to copy filtered resources, i.e. build is platform dependent!
2026-04-03 17:33:43,223 [Worker-358: Building] INFO  o.e.m.c.i.embedder.EclipseLogger - Copying 1 resource
2026-04-03 17:33:43,225 [Worker-358: Building] WARN  o.e.m.c.i.embedder.EclipseLogger - Using platform encoding (MS949 actually) to copy filtered resources, i.e. build is platform dependent!
2026-04-03 17:33:43,225 [Worker-358: Building] INFO  o.e.m.c.i.embedder.EclipseLogger - Copying 0 resource
2026-04-03 17:35:20,942 [Worker-353: Building] WARN  o.e.m.c.i.embedder.EclipseLogger - Using platform encoding (MS949 actually) to copy filtered resources, i.e. build is platform dependent!
2026-04-03 17:35:20,942 [Worker-353: Building] INFO  o.e.m.c.i.embedder.EclipseLogger - Copying 1 resource
2026-04-03 17:35:20,942 [Worker-353: Building] WARN  o.e.m.c.i.embedder.EclipseLogger - Using platform encoding (MS949 actually) to copy filtered resources, i.e. build is platform dependent!
2026-04-03 17:35:20,942 [Worker-353: Building] INFO  o.e.m.c.i.embedder.EclipseLogger - Copying 0 resource
2026-04-03 17:35:57,923 [Worker-346: Building] WARN  o.e.m.c.i.embedder.EclipseLogger - Using platform encoding (MS949 actually) to copy filtered resources, i.e. build is platform dependent!
2026-04-03 17:35:57,923 [Worker-346: Building] INFO  o.e.m.c.i.embedder.EclipseLogger - Copying 1 resource
2026-04-03 17:35:57,923 [Worker-346: Building] WARN  o.e.m.c.i.embedder.EclipseLogger - Using platform encoding (MS949 actually) to copy filtered resources, i.e. build is platform dependent!
2026-04-03 17:35:57,923 [Worker-346: Building] INFO  o.e.m.c.i.embedder.EclipseLogger - Copying 0 resource
2026-04-03 17:36:01,262 [Worker-355: Building] WARN  o.e.m.c.i.embedder.EclipseLogger - Using platform encoding (MS949 actually) to copy filtered resources, i.e. build is platform dependent!
2026-04-03 17:36:01,262 [Worker-355: Building] INFO  o.e.m.c.i.embedder.EclipseLogger - Copying 1 resource
2026-04-03 17:36:01,262 [Worker-355: Building] WARN  o.e.m.c.i.embedder.EclipseLogger - Using platform encoding (MS949 actually) to copy filtered resources, i.e. build is platform dependent!
2026-04-03 17:36:01,262 [Worker-355: Building] INFO  o.e.m.c.i.embedder.EclipseLogger - Copying 0 resource
2026-04-03 17:42:32,870 [Worker-346: Building] WARN  o.e.m.c.i.embedder.EclipseLogger - Using platform encoding (MS949 actually) to copy filtered resources, i.e. build is platform dependent!
2026-04-03 17:42:32,870 [Worker-346: Building] INFO  o.e.m.c.i.embedder.EclipseLogger - Copying 1 resource
2026-04-03 17:42:32,870 [Worker-346: Building] WARN  o.e.m.c.i.embedder.EclipseLogger - Using platform encoding (MS949 actually) to copy filtered resources, i.e. build is platform dependent!
2026-04-03 17:42:32,870 [Worker-346: Building] INFO  o.e.m.c.i.embedder.EclipseLogger - Copying 0 resource
2026-04-03 17:42:33,916 [Worker-360: Building] WARN  o.e.m.c.i.embedder.EclipseLogger - Using platform encoding (MS949 actually) to copy filtered resources, i.e. build is platform dependent!
2026-04-03 17:42:33,916 [Worker-360: Building] INFO  o.e.m.c.i.embedder.EclipseLogger - Copying 0 resource
2026-04-03 17:42:33,916 [Worker-360: Building] WARN  o.e.m.c.i.embedder.EclipseLogger - Using platform encoding (MS949 actually) to copy filtered resources, i.e. build is platform dependent!
2026-04-03 17:42:33,916 [Worker-360: Building] INFO  o.e.m.c.i.embedder.EclipseLogger - Copying 0 resource
2026-04-03 17:42:39,425 [Worker-360: Building] WARN  o.e.m.c.i.embedder.EclipseLogger - Using platform encoding (MS949 actually) to copy filtered resources, i.e. build is platform dependent!
2026-04-03 17:42:39,425 [Worker-360: Building] INFO  o.e.m.c.i.embedder.EclipseLogger - Copying 1 resource
2026-04-03 17:42:39,427 [Worker-360: Building] WARN  o.e.m.c.i.embedder.EclipseLogger - Using platform encoding (MS949 actually) to copy filtered resources, i.e. build is platform dependent!
2026-04-03 17:42:39,427 [Worker-360: Building] INFO  o.e.m.c.i.embedder.EclipseLogger - Copying 0 resource
2026-04-03 17:42:52,675 [Worker-360: Building] WARN  o.e.m.c.i.embedder.EclipseLogger - Using platform encoding (MS949 actually) to copy filtered resources, i.e. build is platform dependent!
2026-04-03 17:42:52,675 [Worker-360: Building] INFO  o.e.m.c.i.embedder.EclipseLogger - Copying 1 resource
2026-04-03 17:42:52,675 [Worker-360: Building] WARN  o.e.m.c.i.embedder.EclipseLogger - Using platform encoding (MS949 actually) to copy filtered resources, i.e. build is platform dependent!
2026-04-03 17:42:52,675 [Worker-360: Building] INFO  o.e.m.c.i.embedder.EclipseLogger - Copying 0 resource
